,32508-XX,54571-1,55074-1,70390-DP,71093-BR,84095-BA,84096-LR,84097-MR,90540-LH,87991-BR,87995-FR
0,0.036785435786331006,0.0,0.0,0.0,0.0,0.0,0.0,0.0,0.0,0.0,0.0
1,0.0354855912462906,0.0,0.0,0.0,0.0,0.0,0.0,0.0,0.0,0.0,0.0
2,0.04515730749908053,0.0,0.0,0.0,0.0,0.0,0.0,0.0,0.0,0.0,0.0
3,0.025821003309937064,0.12373531046736963,0.20717601541032757,0.004367734282210193,0.0036708848522306243,0.014080683746035223,0.014080683746035223,0.014080683746035223,0.014039106591754872,0.0036708848522306243,0.0036708848522306243
4,0.03105513239994974,0.18215863402920363,0.2289808982181062,0.020307395950197423,0.013439648579384815,0.0346697044697228,0.0346697044697228,0.0346697044697228,0.032634725612280896,0.013439648579384815,0.013439648579384815
5,0.016098089582168462,0.17810696710522628,0.21352600001885377,0.03430081232069975,0.029859726505786322,0.06180673944056609,0.06180673944056609,0.06180673944056609,0.044081295740947476,0.029859726505786322,0.029859726505786322
6,0.01604234944875354,0.30649772677201637,0.2772613258365611,0.04899841923961006,0.04954740567900227,0.11485613499588355,0.11485613499588355,0.11485613499588355,0.062321818990393484,0.04954740567900227,0.04954740567900227
7,0.019263756735155582,0.3286519800249715,0.2776835421266573,0.05877660170797577,0.059077561874897586,0.1137106248003484,0.1137106248003484,0.1137106248003484,0.086179291178159,0.059077561874897586,0.059077561874897586
8,0.01624917288894042,0.2700119122343869,0.16791025139443141,0.0742671682358494,0.06170170431544124,0.10338806071598619,0.10338806071598619,0.10338806071598619,0.14006447562397903,0.06170170431544124,0.06170170431544124
9,0.03333020816520046,0.15204220087667636,0.16185070386578518,0.024699001434608576,0.03032234214875026,0.047437383740320846,0.047437383740320846,0.047437383740320846,0.04382823994192286,0.03032234214875026,0.03032234214875026
10,0.02629478715332296,0.11038171458297398,0.09664187290327679,0.010209526739381518,0.012742713118957222,0.02585330431585132,0.02585330431585132,0.02585330431585132,0.018731604714003647,0.012742713118957222,0.012742713118957222
11,0.02204938489350554,0.0,0.0,0.0,0.0,0.0,0.0,0.0,0.0,0.0,0.0
12,0.008425302726966493,0.0,0.0,0.0,0.0,0.0,0.0,0.0,0.0,0.0,0.0
13,0.00645199297572961,0.0,0.0,0.0,0.0,0.0,0.0,0.0,0.0,0.0,0.0
14,0.012594354461591342,0.0,0.0,0.0,0.0,0.0,0.0,0.0,0.0,0.0,0.0
15,0.021052279929990304,0.0,0.0,0.0,0.0,0.0,0.0,0.0,0.0,0.0,0.0
16,0.022789287939536877,0.0,0.0,0.0,0.0,0.0,0.0,0.0,0.0,0.0,0.0
17,0.026904602205989163,0.0,0.0,0.0,0.0,0.0,0.0,0.0,0.0,0.0,0.0
18,0.017646786481569473,0.0,0.0,0.0,0.0,0.0,0.0,0.0,0.0,0.0,0.0
19,0.008208408758588883,0.0,0.0,0.0,0.0,0.0,0.0,0.0,0.0,0.0,0.0
20,0.006648135888538836,0.0,0.0,0.0,0.0,0.0,0.0,0.0,0.0,0.0,0.0
21,0.004505748813444866,0.0,0.0,0.0,0.0,0.0,0.0,0.0,0.0,0.0,0.0
22,0.0013228711905228408,0.0,0.0,0.0,0.0,0.0,0.0,0.0,0.0,0.0,0.0
23,0.001218029457861038,0.0,0.0,0.0,0.0,0.0,0.0,0.0,0.0,0.0,0.0
24,0.001118671267026353,0.0,0.0,0.0,0.0,0.0,0.0,0.0,0.0,0.0,0.0
25,0.004262104249374886,0.0,0.0,0.0,0.0,0.0,0.0,0.0,0.0,0.0,0.0
26,0.0014738062981080138,0.0,0.0,0.0,0.0,0.0,0.0,0.0,0.0,0.0,0.0
27,0.0010542797260054428,0.022808736427019992,0.011850681088028687,0.005422879958221293,0.003630049945695657,0.007295416454633432,0.007295416454633432,0.007295416454633432,0.003086640654269651,0.003630049945695657,0.003630049945695657
28,0.002215603721400216,0.049228123401707506,0.033418194685070644,0.03290491541744129,0.02315247936314599,0.03951046766669124,0.03951046766669124,0.03951046766669124,0.015019982278573442,0.02315247936314599,0.02315247936314599
29,0.002391838288580156,0.045680621428059495,0.035409452513604556,0.03655753647369257,0.029876971128014806,0.04858300906616155,0.04858300906616155,0.04858300906616155,0.01942130832165854,0.029876971128014806,0.029876971128014806
30,0.0025753591869513886,0.08060936316609445,0.070628862577078,0.05691617280151784,0.04402096197573991,0.06748712626937596,0.06748712626937596,0.06748712626937596,0.03788638238306388,0.04402096197573991,0.04402096197573991
31,0.00431317339430098,0.05761107547815602,0.04720899855685954,0.0539125360892297,0.05542074788542604,0.07068906223245887,0.07068906223245887,0.07068906223245887,0.05758788246948225,0.05542074788542604,0.05542074788542604
32,0.0038108870792237476,0.0667084155086752,0.06925238939233293,0.07108115708300658,0.0679735344020615,0.10414641290694195,0.10414641290694195,0.10414641290694195,0.07651976050688125,0.0679735344020615,0.0679735344020615
33,0.002572668243814842,0.07748485259924429,0.09141855182894129,0.0327365184407342,0.03143577195628822,0.048842451006180676,0.048842451006180676,0.048842451006180676,0.0367984761929211,0.03143577195628822,0.03143577195628822
34,0.002582702474985195,0.018702115758787937,0.03188861590896557,0.008912974407031557,0.014201276326381377,0.019420097611528638,0.019420097611528638,0.019420097611528638,0.012318185880792613,0.014201276326381377,0.014201276326381377
35,0.005524288720487496,0.0,0.0,0.0,0.0,0.0,0.0,0.0,0.0,0.0,0.0
36,0.004273947879351428,0.0,0.0,0.0,0.0,0.0,0.0,0.0,0.0,0.0,0.0
37,0.0020314301973516145,0.0,0.0,0.0,0.0,0.0,0.0,0.0,0.0,0.0,0.0
38,0.0019797943014473137,0.0,0.0,0.0,0.0,0.0,0.0,0.0,0.0,0.0,0.0
39,0.0012417075658868936,0.0,0.0,0.0,0.0,0.0,0.0,0.0,0.0,0.0,0.0
40,0.0011129058434465528,0.0,0.0,0.0,0.0,0.0,0.0,0.0,0.0,0.0,0.0
41,0.0011103038515643128,0.0,0.0,0.0,0.0,0.0,0.0,0.0,0.0,0.0,0.0
42,0.0009251867955972997,0.0,0.0,0.0,0.0,0.0,0.0,0.0,0.0,0.0,0.0
43,0.001629597890631016,0.0,0.0,0.0,0.0,0.0,0.0,0.0,0.0,0.0,0.0
44,0.0021115325975461924,0.0,0.0,0.0,0.0,0.0,0.0,0.0,0.0,0.0,0.0
45,0.0014592545903441122,0.0,0.0,0.0,0.0,0.0,0.0,0.0,0.0,0.0,0.0
46,0.0019168905226854905,0.0,0.0,0.0,0.0,0.0,0.0,0.0,0.0,0.0,0.0
47,0.0017374630609381843,0.0,0.0,0.0,0.0,0.0,0.0,0.0,0.0,0.0,0.0
48,0.0023517894956242283,0.0,0.0,0.0,0.0,0.0,0.0,0.0,0.0,0.0,0.0
49,0.01056971011246972,0.0,0.0,0.0,0.0,0.0,0.0,0.0,0.0,0.0,0.0
50,0.012767407062835608,0.0,0.0,0.0,0.0,0.0,0.0,0.0,0.0,0.0,0.0
51,0.028272502434662082,0.1211617858935216,0.20336729851996013,0.030770664106510658,0.011870458135688992,0.08581069779663192,0.08581069779663192,0.08581069779663192,0.1580846152840282,0.011870458135688992,0.011870458135688992
52,0.03148873655232091,0.06273878249579266,0.12183717751674805,0.1673576996001643,0.1612514739539804,0.22902883146986433,0.22902883146986433,0.22902883146986433,0.3225747842240563,0.1612514739539804,0.1612514739539804
53,0.05678304608917251,0.2285625669378601,0.2524867557374321,0.11140073649371206,0.11466046037218734,0.2598077393420428,0.2598077393420428,0.2598077393420428,0.3492518123162392,0.11466046037218734,0.11466046037218734
54,0.09701577897382213,0.23010883764930992,0.2168708942612807,0.23721048678116788,0.25593045003160675,0.3047439676370393,0.3047439676370393,0.3047439676370393,0.42904103009017064,0.25593045003160675,0.25593045003160675
55,0.0608590262560379,0.3833737344039774,0.25366562077113863,0.20747216686218087,0.36309027389927767,0.2549883110350488,0.2549883110350488,0.2549883110350488,0.45511779176038947,0.36309027389927767,0.36309027389927767
56,0.07284893258488243,0.3486471167243371,0.311465492894839,0.23943215001458357,0.3817184242786963,0.27949417566343165,0.27949417566343165,0.27949417566343165,0.41096456231935197,0.3817184242786963,0.3817184242786963
57,0.26233687799315897,0.3147110890970899,0.22963163400304143,0.19537734543602542,0.27680524556648867,0.16246865089715504,0.16246865089715504,0.16246865089715504,0.32538593103449953,0.27680524556648867,0.27680524556648867
58,0.22034785158345607,0.19474375103525135,0.12389153787169635,0.027586577534436253,0.029384784386996855,0.059319944355298256,0.059319944355298256,0.059319944355298256,0.1319788618443597,0.029384784386996855,0.029384784386996855
59,0.37014203835298964,0.0,0.0,0.0,0.0,0.0,0.0,0.0,0.0,0.0,0.0
60,0.8034487661113647,0.0,0.0,0.0,0.0,0.0,0.0,0.0,0.0,0.0,0.0
61,0.8258073720194778,0.0,0.0,0.0,0.0,0.0,0.0,0.0,0.0,0.0,0.0
62,0.8264374602475764,0.0,0.0,0.0,0.0,0.0,0.0,0.0,0.0,0.0,0.0
63,0.8780718719266474,0.0,0.0,0.0,0.0,0.0,0.0,0.0,0.0,0.0,0.0
64,0.8950552613842641,0.0,0.0,0.0,0.0,0.0,0.0,0.0,0.0,0.0,0.0
65,0.8404060567692413,0.0,0.0,0.0,0.0,0.0,0.0,0.0,0.0,0.0,0.0
66,0.8105462168573584,0.0,0.0,0.0,0.0,0.0,0.0,0.0,0.0,0.0,0.0
67,0.8921219369576285,0.0,0.0,0.0,0.0,0.0,0.0,0.0,0.0,0.0,0.0
68,0.8695446007224854,0.0,0.0,0.0,0.0,0.0,0.0,0.0,0.0,0.0,0.0
69,0.8353882874116647,0.0,0.0,0.0,0.0,0.0,0.0,0.0,0.0,0.0,0.0
70,0.7936950848732374,0.0,0.0,0.0,0.0,0.0,0.0,0.0,0.0,0.0,0.0
71,0.7392520973450943,0.0,0.0,0.0,0.0,0.0,0.0,0.0,0.0,0.0,0.0
72,0.6749999999999999,0.0,0.0,0.0,0.0,0.0,0.0,0.0,0.0,0.0,0.0
73,0.6038648655665355,0.0,0.0,0.0,0.0,0.0,0.0,0.0,0.0,0.0,0.0
74,0.5280671428031081,0.0,0.0,0.0,0.0,0.0,0.0,0.0,0.0,0.0,0.0
75,0.44999713844618106,0.09519343808669256,0.02484981140129975,0.01681769643423104,0.008059716685742896,0.019860632104666893,0.019860632104666893,0.019860632104666893,0.02144540111181859,0.008059716685742896,0.008059716685742896
76,0.37183198538826673,0.09732777747944153,0.06089321615302243,0.04578447510772715,0.02688189952137113,0.04747491356067146,0.04747491356067146,0.04747491356067146,0.05064625987524688,0.02688189952137113,0.02688189952137113
77,0.2960446819886679,0.1707520760151682,0.06598039273066848,0.03978895242401056,0.02525702630806577,0.052198607642051705,0.052198607642051705,0.052198607642051705,0.054998280974784604,0.02525702630806577,0.02525702630806577
78,0.22499990132451342,0.09491846063219907,0.07029456834869889,0.055623309843587425,0.03833067757777968,0.05967252597203342,0.05967252597203342,0.05967252597203342,0.06813851043933282,0.03833067757777968,0.03833067757777968
79,0.16074557564105732,0.0979025168415609,0.08637135300970046,0.07057584337658133,0.05141013770034806,0.057520357192816916,0.057520357192816916,0.057520357192816916,0.08429533833708515,0.05141013770034806,0.05141013770034806
80,0.10523191353321527,0.09535125769142697,0.0765459874169043,0.05866116091247378,0.036805250833539395,0.027478479811208135,0.027478479811208135,0.027478479811208135,0.04352310721134302,0.036805250833539395,0.036805250833539395
81,0.06028739268797014,0.07741373652307003,0.03977252774171594,0.027829634467768108,0.018983806669085695,0.015929845886479915,0.015929845886479915,0.015929845886479915,0.020914298213998535,0.018983806669085695,0.018983806669085695
82,0.02712507788421227,0.026175230129597958,0.020657854419239414,0.012330259603634524,0.01140693026288803,0.009085380457787185,0.009085380457787185,0.009085380457787185,0.008907961369544857,0.01140693026288803,0.01140693026288803
83,0.006830946859922673,0.0,0.0,0.0,0.0,0.0,0.0,0.0,0.0,0.0,0.0
84,0.0,0.0,0.0,0.0,0.0,0.0,0.0,0.0,0.0,0.0,0.0
85,0.0065140030673714235,0.0,0.0,0.0,0.0,0.0,0.0,0.0,0.0,0.0,0.0
86,0.023327797172423528,0.0,0.0,0.0,0.0,0.0,0.0,0.0,0.0,0.0,0.0
87,0.0501304453173552,0.0,0.0,0.0,0.0,0.0,0.0,0.0,0.0,0.0,0.0
88,0.09764657225794449,0.0,0.0,0.0,0.0,0.0,0.0,0.0,0.0,0.0,0.0
89,0.15862754476218094,0.0,0.0,0.0,0.0,0.0,0.0,0.0,0.0,0.0,0.0
90,0.22475813583342705,0.0,0.0,0.0,0.0,0.0,0.0,0.0,0.0,0.0,0.0
91,0.29606891391929424,0.0,0.0,0.0,0.0,0.0,0.0,0.0,0.0,0.0,0.0
92,0.37185320744441364,0.0,0.0,0.0,0.0,0.0,0.0,0.0,0.0,0.0,0.0
93,0.44985984268980245,0.0,0.0,0.0,0.0,0.0,0.0,0.0,0.0,0.0,0.0
94,0.5281416799501186,0.0,0.0,0.0,0.0,0.0,0.0,0.0,0.0,0.0,0.0
95,0.6037671978270972,0.0,0.0,0.0,0.0,0.0,0.0,0.0,0.0,0.0,0.0
96,0.6730938046361981,0.0,0.0,0.0,0.0,0.0,0.0,0.0,0.0,0.0,0.0
97,0.6649526023542837,0.0,0.0,0.0,0.0,0.0,0.0,0.0,0.0,0.0,0.0
98,0.5556637976906352,0.0,0.0,0.0,0.0,0.0,0.0,0.0,0.0,0.0,0.0
99,0.381973974861872,0.01717639317203224,0.020508428216111187,0.0041728491312099615,0.00520143593523886,0.003665304035621639,0.003665304035621639,0.003665304035621639,0.009971416323252633,0.00520143593523886,0.00520143593523886
100,0.7181977675207128,0.05399366005260906,0.05087069197376035,0.045209575428224145,0.049010742820169026,0.024762316047732564,0.024762316047732564,0.024762316047732564,0.03694558643040301,0.049010742820169026,0.049010742820169026
101,0.8567723460253152,0.08526714936041627,0.0714702380227135,0.08268825855328046,0.07078682881860908,0.047046032592058765,0.047046032592058765,0.047046032592058765,0.0695418258083165,0.07078682881860908,0.07078682881860908
102,0.8417726361845518,0.11025531687804857,0.10167582738448228,0.14146768406923665,0.12363115560141953,0.11764218377949394,0.11764218377949394,0.11764218377949394,0.13747447993439305,0.12363115560141953,0.12363115560141953
103,0.8369749445954964,0.10511471973754748,0.08827094742037928,0.17979666391596616,0.14775722349077877,0.1696744380326848,0.1696744380326848,0.1696744380326848,0.1515360022823891,0.14775722349077877,0.14775722349077877
104,0.5410532263476479,0.22659446028806468,0.20500268653267384,0.1850997369166362,0.15607096545008808,0.2901810009805285,0.2901810009805285,0.2901810009805285,0.1688309554179471,0.15607096545008808,0.15607096545008808
105,0.43254901251045164,0.29982510650530614,0.28273802831932876,0.09861724923233484,0.04872756805930535,0.08521983132529933,0.08521983132529933,0.08521983132529933,0.04593259294107642,0.04872756805930535,0.04872756805930535
106,0.5129620411681304,0.23636348797175247,0.279632852386614,0.06055091898122624,0.02222760474173852,0.05345420193368356,0.05345420193368356,0.05345420193368356,0.017836250330426875,0.02222760474173852,0.02222760474173852
107,0.6784847314202672,0.0,0.0,0.0,0.0,0.0,0.0,0.0,0.0,0.0,0.0
108,0.7697582812543167,0.0,0.0,0.0,0.0,0.0,0.0,0.0,0.0,0.0,0.0
109,0.8712646083189897,0.0,0.0,0.0,0.0,0.0,0.0,0.0,0.0,0.0,0.0
110,0.8994580923752428,0.0,0.0,0.0,0.0,0.0,0.0,0.0,0.0,0.0,0.0
111,0.899765930569008,0.0,0.0,0.0,0.0,0.0,0.0,0.0,0.0,0.0,0.0
112,0.8999232961887329,0.0,0.0,0.0,0.0,0.0,0.0,0.0,0.0,0.0,0.0
113,0.8999959860027599,0.0,0.0,0.0,0.0,0.0,0.0,0.0,0.0,0.0,0.0
114,0.8997282269456899,0.0,0.0,0.0,0.0,0.0,0.0,0.0,0.0,0.0,0.0
115,0.8998796495080932,0.0,0.0,0.0,0.0,0.0,0.0,0.0,0.0,0.0,0.0
116,0.9,0.0,0.0,0.0,0.0,0.0,0.0,0.0,0.0,0.0,0.0
117,0.9,0.0,0.0,0.0,0.0,0.0,0.0,0.0,0.0,0.0,0.0
118,0.9,0.0,0.0,0.0,0.0,0.0,0.0,0.0,0.0,0.0,0.0
119,0.8999910602342788,0.0,0.0,0.0,0.0,0.0,0.0,0.0,0.0,0.0,0.0
120,0.8993118387664808,0.0,0.0,0.0,0.0,0.0,0.0,0.0,0.0,0.0,0.0
121,0.8997455664931563,0.0,0.0,0.0,0.0,0.0,0.0,0.0,0.0,0.0,0.0
122,0.8999906752104173,0.0,0.0,0.0,0.0,0.0,0.0,0.0,0.0,0.0,0.0
123,0.8992357265843673,0.005722241047718435,0.009623048775127487,0.010653869569055613,0.008875302108105668,0.02006344868081209,0.02006344868081209,0.02006344868081209,0.02232564201025629,0.008875302108105668,0.008875302108105668
124,0.8960476237895709,0.027925218904554124,0.0317819737392149,0.04183075604518259,0.03542691348851643,0.08747221066328223,0.08747221066328223,0.08747221066328223,0.08979606723403458,0.03542691348851643,0.03542691348851643
125,0.8691971231441443,0.047005599222030424,0.07010766809615569,0.07061591052994132,0.07572922760166619,0.20893373378977464,0.20893373378977464,0.20893373378977464,0.22534465699693815,0.07572922760166619,0.07572922760166619
126,0.8208198835531594,0.07281657278646697,0.12884579783930633,0.07348550348110676,0.07555586577510379,0.23160224890144104,0.23160224890144104,0.23160224890144104,0.1976217054700877,0.07555586577510379,0.07555586577510379
127,0.8409169734039695,0.05459007094256551,0.11265473881790487,0.04303312865400709,0.0469211706784783,0.10618869346210126,0.10618869346210126,0.10618869346210126,0.11037988278598507,0.0469211706784783,0.0469211706784783
128,0.6801961705404087,0.03583544299015618,0.07846882741957559,0.045955454916117036,0.04319702357842235,0.10786928529290193,0.10786928529290193,0.10786928529290193,0.12022921660987375,0.04319702357842235,0.04319702357842235
129,0.8022349670232237,0.022807022003568704,0.06543965948058672,0.03429720527373239,0.02582014997421982,0.0702490206639853,0.0702490206639853,0.0702490206639853,0.1267355934356728,0.02582014997421982,0.02582014997421982
130,0.7590162744151141,0.01870004080230884,0.04533100900487699,0.00790978977960672,0.006003708068242232,0.027471591917669878,0.027471591917669878,0.027471591917669878,0.032611891984076435,0.006003708068242232,0.006003708068242232
131,0.8953180877715269,0.0,0.0,0.0,0.0,0.0,0.0,0.0,0.0,0.0,0.0
132,0.8990756050998189,0.0,0.0,0.0,0.0,0.0,0.0,0.0,0.0,0.0,0.0
133,0.89904861580485,0.0,0.0,0.0,0.0,0.0,0.0,0.0,0.0,0.0,0.0
134,0.8881763110301438,0.0,0.0,0.0,0.0,0.0,0.0,0.0,0.0,0.0,0.0
135,0.8984845313923605,0.0,0.0,0.0,0.0,0.0,0.0,0.0,0.0,0.0,0.0
136,0.8999995859678664,0.0,0.0,0.0,0.0,0.0,0.0,0.0,0.0,0.0,0.0
137,0.8999990135304942,0.0,0.0,0.0,0.0,0.0,0.0,0.0,0.0,0.0,0.0
138,0.8999781616675153,0.0,0.0,0.0,0.0,0.0,0.0,0.0,0.0,0.0,0.0
139,0.8999920438678266,0.0,0.0,0.0,0.0,0.0,0.0,0.0,0.0,0.0,0.0
140,0.8999836725643087,0.0,0.0,0.0,0.0,0.0,0.0,0.0,0.0,0.0,0.0
141,0.8887233235783922,0.0,0.0,0.0,0.0,0.0,0.0,0.0,0.0,0.0,0.0
142,0.8969191400323223,0.0,0.0,0.0,0.0,0.0,0.0,0.0,0.0,0.0,0.0
143,0.8978791999488869,0.0,0.0,0.0,0.0,0.0,0.0,0.0,0.0,0.0,0.0
144,0.8883607535814942,0.0,0.0,0.0,0.0,0.0,0.0,0.0,0.0,0.0,0.0
145,0.773039182169584,0.0,0.0,0.0,0.0,0.0,0.0,0.0,0.0,0.0,0.0
146,0.7104860637294502,0.0,0.0,0.0,0.0,0.0,0.0,0.0,0.0,0.0,0.0
147,0.7614982743966048,0.00892812020234429,0.013927950429508987,0.004304737617619729,0.0055671001985380915,0.006767905225915996,0.006767905225915996,0.006767905225915996,0.012891654510343676,0.0055671001985380915,0.0055671001985380915
148,0.6678165044124256,0.026574586583239766,0.02693538649828813,0.011818859542861193,0.015532415051429467,0.011269305306564177,0.011269305306564177,0.011269305306564177,0.017425464606057667,0.015532415051429467,0.015532415051429467
149,0.855096035705976,0.09865505883840994,0.07194316229171314,0.03678836989696181,0.04293245984692529,0.03389402086867698,0.03389402086867698,0.03389402086867698,0.04867732583018054,0.04293245984692529,0.04293245984692529
150,0.779224881366004,0.04429308605194454,0.04399750169463873,0.04959596951177312,0.051203861281814894,0.03545169682294214,0.03545169682294214,0.03545169682294214,0.04049169993916034,0.051203861281814894,0.051203861281814894
151,0.8423591235081245,0.07078836638190818,0.07881106033435743,0.03837258984299542,0.04596810003204136,0.030912460381105174,0.030912460381105174,0.030912460381105174,0.03480980601305673,0.04596810003204136,0.04596810003204136
152,0.8378845777837782,0.08301145077950652,0.09221920622802533,0.024131228098421637,0.024235447209143786,0.02182277000285674,0.02182277000285674,0.02182277000285674,0.023649401376864543,0.024235447209143786,0.024235447209143786
153,0.8695958929199866,0.11618984703153969,0.1529433200124568,0.01980956180563148,0.018847682810086985,0.018388913106885865,0.018388913106885865,0.018388913106885865,0.02170823209571365,0.018847682810086985,0.018847682810086985
154,0.8678635488813033,0.02013626982372411,0.025868520410314344,0.00938677222896438,0.006725280797876735,0.009253130011693146,0.009253130011693146,0.009253130011693146,0.008001409262348949,0.006725280797876735,0.006725280797876735
155,0.898963953597605,0.0,0.0,0.0,0.0,0.0,0.0,0.0,0.0,0.0,0.0
156,0.892421071392712,0.0,0.0,0.0,0.0,0.0,0.0,0.0,0.0,0.0,0.0
157,0.8985320157370332,0.0,0.0,0.0,0.0,0.0,0.0,0.0,0.0,0.0,0.0
158,0.8999277957909338,0.0,0.0,0.0,0.0,0.0,0.0,0.0,0.0,0.0,0.0
159,0.9,0.0,0.0,0.0,0.0,0.0,0.0,0.0,0.0,0.0,0.0
160,0.8999960120558056,0.0,0.0,0.0,0.0,0.0,0.0,0.0,0.0,0.0,0.0
161,0.899999577029685,0.0,0.0,0.0,0.0,0.0,0.0,0.0,0.0,0.0,0.0
162,0.8999494170296126,0.0,0.0,0.0,0.0,0.0,0.0,0.0,0.0,0.0,0.0
163,0.8698315143811591,0.0,0.0,0.0,0.0,0.0,0.0,0.0,0.0,0.0,0.0
164,0.8995722190469259,0.0,0.0,0.0,0.0,0.0,0.0,0.0,0.0,0.0,0.0
165,0.898369808413585,0.0,0.0,0.0,0.0,0.0,0.0,0.0,0.0,0.0,0.0
166,0.899837573648554,0.0,0.0,0.0,0.0,0.0,0.0,0.0,0.0,0.0,0.0
167,0.8981560177339534,0.0,0.0,0.0,0.0,0.0,0.0,0.0,0.0,0.0,0.0
