name,bus0,bus1,x,r,s_nom,tap_ratio,phase_shift,sub_network,s_nom_source,psse_ckt
T1742-17431-1,1742,17431,0.1015,0.0,350.0,1.0,0.0,0,RATE1,1
T3662-36671-1,3662,36671,0.024,0.0,582.0,1.0,0.0,0,RATE1,1
T54640-54630-1,54640,54630,0.024,0.0,582.0,1.0,0.0,0,RATE1,1
T79010-79015-1,79010,79015,0.026625,0.0024625,125.0,1.0,3.0,0,RATE1,1
T79015-79016-1,79015,79016,0.026625,0.0,125.0,1.0003,0.0,0,RATE1,1
T79015-79017-1,79015,79017,0.12375,0.0,125.0,1.0,0.0,0,RATE1,1
T86220-86280-1,86220,86280,0.0701,0.0,100.0,1.0,0.0,0,RATE1,1
T86220-86280-2,86220,86280,0.0701,0.0,100.0,1.0,0.0,0,RATE1,2
T89510-89515-1,89510,89515,0.026625,0.0024625,125.0,1.0,12.0,0,RATE1,1
T89515-89516-1,89515,89516,0.026625,0.0,125.0,1.0003,0.0,0,RATE1,1
T89515-89517-1,89515,89517,0.12375,0.0,125.0,1.0,0.0,0,RATE1,1
T1072-1041-10421-2-w1,star:1072-1041-10421-2,1072,0.139375,-0.0003125,125.0,1.0,-0.0,0,RATE1,2
T1072-1041-10421-2-w2,star:1072-1041-10421-2,1041,0.12487499999999997,0.0124875,999.0,1.0,-0.0,0,RATE1,2
T1122-1121-11221-1-w1,star:1122-1121-11221-1,1122,0.105525,0.0036225,63.0,1.0,-0.0,0,RATE1,1
T1122-1121-11221-1-w2,star:1122-1121-11221-1,1121,0.12487499999999997,0.012487500000000007,999.0,1.0,-0.0,0,RATE1,1
T1122-1121-11222-2-w1,star:1122-1121-11222-2,1122,0.139,0.0010625,125.0,1.015228426395939,-0.0,0,RATE1,2
T1122-1121-11222-2-w2,star:1122-1121-11222-2,1121,0.12487499999999997,0.012487499999999999,999.0,1.0,-0.0,0,RATE1,2
T1212-1211-12121-1-w1,star:1212-1211-12121-1,1212,0.12875,-0.000625,250.0,1.0,-0.0,0,RATE1,1
T1212-1211-12121-1-w2,star:1212-1211-12121-1,1211,0.12487500000000004,0.0124875,999.0,1.0,-0.0,0,RATE1,1
T1212-12111-12122-2-w1,star:1212-12111-12122-2,1212,0.12875,-0.000625,250.0,1.0,-0.0,0,RATE1,2
T1212-12111-12122-2-w2,star:1212-12111-12122-2,12111,0.12487500000000004,0.0124875,999.0,1.0,-0.0,0,RATE1,2
T1472-1471-14721-1-w1,star:1472-1471-14721-1,1472,0.13025,-0.000625,250.0,1.0,-0.0,0,RATE1,1
T1472-1471-14721-1-w2,star:1472-1471-14721-1,1471,0.12487500000000004,0.0124875,999.0,1.0,-0.0,0,RATE1,1
T1602-1601-16022-1-w1,star:1602-1601-16022-1,1602,0.1305,0.00012499999999999979,250.0,1.0,-0.0,0,RATE1,1
T1602-1601-16022-1-w2,star:1602-1601-16022-1,1601,0.12487499999999997,0.0124875,999.0,1.0,-0.0,0,RATE1,1
T1602-16011-16021-1-w1,star:1602-16011-16021-1,1602,0.1305,0.00012499999999999979,250.0,1.0,-0.0,0,RATE1,1
T1602-16011-16021-1-w2,star:1602-16011-16021-1,16011,0.12487499999999997,0.0124875,999.0,1.0,-0.0,0,RATE1,1
T1642-1641-16421-1-w1,star:1642-1641-16421-1,1642,0.120428,-0.002023,238.0,1.0,-0.0,0,RATE1,1
T1642-1641-16421-1-w2,star:1642-1641-16421-1,1641,0.12487500000000004,0.0124875,999.0,1.0,-0.0,0,RATE1,1
T1642-1641-16422-2-w1,star:1642-1641-16422-2,1642,0.1265,-0.002125,250.0,1.0,-0.0,0,RATE1,2
T1642-1641-16422-2-w2,star:1642-1641-16422-2,1641,0.12487500000000004,0.0124875,999.0,1.0,-0.0,0,RATE1,2
T1642-16411-16424-4-w1,star:1642-16411-16424-4,1642,0.21122500000000002,0.0014875,175.0,1.0,-0.0,0,RATE1,4
T1642-16411-16424-4-w2,star:1642-16411-16424-4,16411,0.12487499999999997,0.012487499999999999,999.0,1.0,-0.0,0,RATE1,4
T1742-1741-17421-1-w1,star:1742-1741-17421-1,1742,0.13025,-0.000625,250.0,1.0,-0.0,0,RATE1,1
T1742-1741-17421-1-w2,star:1742-1741-17421-1,1741,0.12487500000000004,0.0124875,999.0,1.0,-0.0,0,RATE1,1
T1742-1741-17422-2-w1,star:1742-1741-17422-2,1742,0.13025,-0.000625,250.0,1.0,-0.0,0,RATE1,2
T1742-1741-17422-2-w2,star:1742-1741-17422-2,1741,0.12487500000000004,0.0124875,999.0,1.0,-0.0,0,RATE1,2
T1742-17411-17423-3-w1,star:1742-17411-17423-3,1742,0.13025,-0.000625,250.0,1.0,-0.0,0,RATE1,3
T1742-17411-17423-3-w2,star:1742-17411-17423-3,17411,0.12487500000000004,0.0124875,999.0,1.0,-0.0,0,RATE1,3
T1742-17411-17424-4-w1,star:1742-17411-17424-4,1742,0.1265,-0.002125,250.0,1.0,-0.0,0,RATE1,4
T1742-17411-17424-4-w2,star:1742-17411-17424-4,17411,0.12487500000000004,0.0124875,999.0,1.0,-0.0,0,RATE1,4
T2002-2001-20021-1-w1,star:2002-2001-20021-1,2002,0.12875,-0.001875,250.0,1.0,-0.0,0,RATE1,1
T2002-2001-20021-1-w2,star:2002-2001-20021-1,2001,0.12487500000000004,0.0124875,999.0,1.0,-0.0,0,RATE1,1
T2042-2041-20421-1-w1,star:2042-2041-20421-1,2042,0.12255,-0.0007999999999999999,250.0,1.0,-0.0,0,RATE1,1
T2042-2041-20421-1-w2,star:2042-2041-20421-1,2041,0.12487499999999997,0.012487500000000002,999.0,1.0,-0.0,0,RATE1,1
T2042-20416-20424-4-w1,star:2042-20416-20424-4,2042,0.12124999999999998,-0.0014750000000000002,250.0,1.0,-0.0,0,RATE1,4
T2042-20416-20424-4-w2,star:2042-20416-20424-4,20416,0.12487500000000001,0.0124875,999.0,1.0,-0.0,0,RATE1,4
T2052-2041-20422-2-w1,star:2052-2041-20422-2,2052,0.12124999999999998,-0.0014750000000000002,250.0,1.0,-0.0,0,RATE1,2
T2052-2041-20422-2-w2,star:2052-2041-20422-2,2041,0.12487500000000001,0.0124875,999.0,1.0,-0.0,0,RATE1,2
T2204-2202-22021-1-w1,star:2204-2202-22021-1,2204,0.096,-0.0052499999999999995,500.0,1.0,-0.0,0,RATE1,1
T2204-2202-22021-1-w2,star:2204-2202-22021-1,2202,0.12487499999999997,0.0124875,999.0,1.0,-0.0,0,RATE1,1
T2204-2202-22022-2-w1,star:2204-2202-22022-2,2204,0.07250000000000001,-0.00475,500.0,1.0,-0.0,0,RATE1,2
T2204-2202-22022-2-w2,star:2204-2202-22022-2,2202,0.12487500000000001,0.0124875,999.0,1.0,-0.0,0,RATE1,2
T2522-2521-25221-1-w1,star:2522-2521-25221-1,2522,0.144375,0.0018124999999999999,125.0,1.0,-0.0,0,RATE1,1
T2522-2521-25221-1-w2,star:2522-2521-25221-1,2521,0.12487499999999997,0.0124875,999.0,1.0,-0.0,0,RATE1,1
T2522-2521-25222-2-w1,star:2522-2521-25222-2,2522,0.15075,-0.0005625,125.0,1.0,-0.0,0,RATE1,2
T2522-2521-25222-2-w2,star:2522-2521-25222-2,2521,0.12487499999999997,0.0124875,999.0,1.0,-0.0,0,RATE1,2
T2562-2561-25621-1-w1,star:2562-2561-25621-1,2562,0.1315,0.00012499999999999979,250.0,1.0,-0.0,0,RATE1,1
T2562-2561-25621-1-w2,star:2562-2561-25621-1,2561,0.12487500000000004,0.0124875,999.0,1.0,-0.0,0,RATE1,1
T2562-2571-25622-2-w1,star:2562-2571-25622-2,2562,0.13074999999999998,0.00012499999999999979,250.0,1.0,-0.0,0,RATE1,2
T2562-2571-25622-2-w2,star:2562-2571-25622-2,2571,0.12487500000000001,0.0124875,999.0,1.0,-0.0,0,RATE1,2
T2563-2561-25624-4-w1,star:2563-2561-25624-4,2563,0.12824999999999998,-0.000625,250.0,1.0,-0.0,0,RATE1,4
T2563-2561-25624-4-w2,star:2563-2561-25624-4,2561,0.12487500000000001,0.0124875,999.0,1.0,-0.0,0,RATE1,4
T2563-2571-25625-5-w1,star:2563-2571-25625-5,2563,0.12875,-0.000625,250.0,1.0,-0.0,0,RATE1,5
T2563-2571-25625-5-w2,star:2563-2571-25625-5,2571,0.12487500000000004,0.0124875,999.0,1.0,-0.0,0,RATE1,5
T2742-2741-27421-1-w1,star:2742-2741-27421-1,2742,0.15075,0.0016874999999999995,125.0,1.0,-0.0,0,RATE1,1
T2742-2741-27421-1-w2,star:2742-2741-27421-1,2741,0.12487499999999997,0.0124875,999.0,1.0,-0.0,0,RATE1,1
T2742-2741-27422-2-w1,star:2742-2741-27422-2,2742,0.139,0.0013124999999999996,125.0,1.0,-0.0,0,RATE1,2
T2742-2741-27422-2-w2,star:2742-2741-27422-2,2741,0.12487499999999997,0.0124875,999.0,1.0,-0.0,0,RATE1,2
T2842-2841-28421-1-w1,star:2842-2841-28421-1,2842,0.12875,-0.000625,250.0,1.0,-0.0,0,RATE1,1
T2842-2841-28421-1-w2,star:2842-2841-28421-1,2841,0.12487500000000004,0.0124875,999.0,1.0,-0.0,0,RATE1,1
T3082-3081-30822-2-w1,star:3082-3081-30822-2,3082,0.10975,-0.000625,250.0,1.0,-0.0,0,RATE1,2
T3082-3081-30822-2-w2,star:3082-3081-30822-2,3081,0.12487499999999997,0.0124875,999.0,1.0,-0.0,0,RATE1,2
T3082-3091-30824-4-w1,star:3082-3091-30824-4,3082,0.11874999999999998,-0.00287500025,250.0,1.0,-0.0,0,RATE1,4
T3082-3091-30824-4-w2,star:3082-3091-30824-4,3091,0.12487500000000001,0.012487499001000003,999.0,1.0,-0.0,0,RATE1,4
T3192-3191-31922-1-w1,star:3192-3191-31922-1,3192,0.12875,-0.000625,250.0,1.0,-0.0,0,RATE1,1
T3192-3191-31922-1-w2,star:3192-3191-31922-1,3191,0.12487500000000004,0.0124875,999.0,1.0,-0.0,0,RATE1,1
T3192-31911-31927-2-w1,star:3192-31911-31927-2,3192,0.12875,-0.000625,250.0,1.0,-0.0,0,RATE1,2
T3192-31911-31927-2-w2,star:3192-31911-31927-2,31911,0.12487500000000004,0.0124875,999.0,1.0,-0.0,0,RATE1,2
T3202-3201-32021-1-w1,star:3202-3201-32021-1,3202,0.1305,0.00012499999999999979,250.0,1.0,-0.0,0,RATE1,1
T3202-3201-32021-1-w2,star:3202-3201-32021-1,3201,0.12487499999999997,0.0124875,999.0,1.0,-0.0,0,RATE1,1
T3203-3209-32022-2-w1,star:3203-3209-32022-2,3203,0.13174999999999998,0.00012499999999999979,250.0,1.0,-0.0,0,RATE1,2
T3203-3209-32022-2-w2,star:3203-3209-32022-2,3209,0.12487500000000001,0.0124875,999.0,1.0,-0.0,0,RATE1,2
T3282-3281-32821-1-w1,star:3282-3281-32821-1,3282,0.14666400000000002,0.0033075,63.0,1.0330578512396695,-0.0,0,RATE1,1
T3282-3281-32821-1-w2,star:3282-3281-32821-1,3281,0.12487499999999983,0.012487500000000002,999.0,1.0,-0.0,0,RATE1,1
T3282-3281-32822-2-w1,star:3282-3281-32822-2,3282,0.147924,0.0051975,63.0,1.0330578512396695,-0.0,0,RATE1,2
T3282-3281-32822-2-w2,star:3282-3281-32822-2,3281,0.12487499999999997,0.012487500000000002,999.0,1.0,-0.0,0,RATE1,2
T3282-3281-32823-3-w1,star:3282-3281-32823-3,3282,0.1265,-0.002125,250.0,1.0,-0.0,0,RATE1,3
T3282-3281-32823-3-w2,star:3282-3281-32823-3,3281,0.12487500000000004,0.0124875,999.0,1.0,-0.0,0,RATE1,3
T3282-32810-32824-4-w1,star:3282-32810-32824-4,3282,0.138125,-0.0003125,125.0,1.0330578512396695,-0.0,0,RATE1,4
T3282-32810-32824-4-w2,star:3282-32810-32824-4,32810,0.12487499999999997,0.0124875,999.0,1.0,-0.0,0,RATE1,4
T3332-3331-33321-1-w1,star:3332-3331-33321-1,3332,0.12875,-0.000625,250.0,1.0,-0.0,0,RATE1,1
T3332-3331-33321-1-w2,star:3332-3331-33321-1,3331,0.12487500000000004,0.0124875,999.0,1.0,-0.0,0,RATE1,1
T3332-3331-33323-3-w1,star:3332-3331-33323-3,3332,0.12875,-0.000625,250.0,1.0,-0.0,0,RATE1,3
T3332-3331-33323-3-w2,star:3332-3331-33323-3,3331,0.12487500000000004,0.0124875,999.0,1.0,-0.0,0,RATE1,3
T3342-3341-33421-1-w1,star:3342-3341-33421-1,3342,0.139,8.749999999999996e-05,125.0,1.0327377878756583,-0.0,0,RATE1,1
T3342-3341-33421-1-w2,star:3342-3341-33421-1,3341,0.12487499999999997,0.0124875,999.0,1.0,-0.0,0,RATE1,1
T3342-3341-33422-2-w1,star:3342-3341-33422-2,3342,0.139,-0.0005625,125.0,1.0327377878756583,-0.0,0,RATE1,2
T3342-3341-33422-2-w2,star:3342-3341-33422-2,3341,0.12487499999999997,0.0124875,999.0,1.0,-0.0,0,RATE1,2
T3462-3461-34621-1-w1,star:3462-3461-34621-1,3462,0.1265,-0.002125,250.0,1.0,-0.0,0,RATE1,1
T3462-3461-34621-1-w2,star:3462-3461-34621-1,3461,0.12487500000000004,0.0124875,999.0,1.0,-0.0,0,RATE1,1
T3462-3461-34622-2-w1,star:3462-3461-34622-2,3462,0.1265,-0.002125,250.0,1.0,-0.0,0,RATE1,2
T3462-3461-34622-2-w2,star:3462-3461-34622-2,3461,0.12487500000000004,0.0124875,999.0,1.0,-0.0,0,RATE1,2
T3472-3471-34721-1-w1,star:3472-3471-34721-1,3472,0.13025,-0.000625,250.0,1.0,-0.0,0,RATE1,1
T3472-3471-34721-1-w2,star:3472-3471-34721-1,3471,0.12487500000000004,0.0124875,999.0,1.0,-0.0,0,RATE1,1
T3472-3471-34722-2-w1,star:3472-3471-34722-2,3472,0.13025,-0.000625,250.0,1.0,-0.0,0,RATE1,2
T3472-3471-34722-2-w2,star:3472-3471-34722-2,3471,0.12487500000000004,0.0124875,999.0,1.0,-0.0,0,RATE1,2
T3472-3471-34723-3-w1,star:3472-3471-34723-3,3472,0.13025,-0.000625,250.0,1.0,-0.0,0,RATE1,3
T3472-3471-34723-3-w2,star:3472-3471-34723-3,3471,0.12487500000000004,0.0124875,999.0,1.0,-0.0,0,RATE1,3
T3472-3471-34724-4-w1,star:3472-3471-34724-4,3472,0.13025,-0.000625,250.0,1.0,-0.0,0,RATE1,4
T3472-3471-34724-4-w2,star:3472-3471-34724-4,3471,0.12487500000000004,0.0124875,999.0,1.0,-0.0,0,RATE1,4
T3522-3521-35221-1-w1,star:3522-3521-35221-1,3522,0.15075,0.0011874999999999998,125.0,1.0341261633919339,-0.0,0,RATE1,1
T3522-3521-35221-1-w2,star:3522-3521-35221-1,3521,0.12487499999999997,0.012487500000000002,999.0,1.0,-0.0,0,RATE1,1
T3522-3521-35223-3-w1,star:3522-3521-35223-3,3522,0.14987500000000004,0.0013124999999999996,125.0,1.0341261633919339,-0.0,0,RATE1,3
T3522-3521-35223-3-w2,star:3522-3521-35223-3,3521,0.12487499999999983,0.0124875,999.0,1.0,-0.0,0,RATE1,3
T3522-35211-35222-2-w1,star:3522-35211-35222-2,3522,0.14987500000000004,0.0011874999999999998,125.0,1.0341261633919339,-0.0,0,RATE1,2
T3522-35211-35222-2-w2,star:3522-35211-35222-2,35211,0.12487499999999983,0.012487500000000002,999.0,1.0,-0.0,0,RATE1,2
T3522-35211-35224-4-w1,star:3522-35211-35224-4,3522,0.12875,-0.000625,250.0,1.0,-0.0,0,RATE1,4
T3522-35211-35224-4-w2,star:3522-35211-35224-4,35211,0.12487500000000004,0.0124875,999.0,1.0,-0.0,0,RATE1,4
T3522-35231-35236-1-w1,star:3522-35231-35236-1,3522,0.052500000000000005,-0.00135,300.0,1.0,-0.0,0,RATE1,1
T3522-35231-35236-1-w2,star:3522-35231-35236-1,35231,0.12487500000000001,0.0124875,999.0,1.0,-0.0,0,RATE1,1
T3522-35231-35238-3-w1,star:3522-35231-35238-3,3522,0.05339999999999999,-0.00135,300.0,1.0,-0.0,0,RATE1,3
T3522-35231-35238-3-w2,star:3522-35231-35238-3,35231,0.12487499999999999,0.0124875,999.0,1.0,-0.0,0,RATE1,3
T3522-35232-35237-2-w1,star:3522-35232-35237-2,3522,0.015000000000000003,-0.0027,600.0,1.0,-0.0,0,RATE1,2
T3522-35232-35237-2-w2,star:3522-35232-35237-2,35232,0.12487500000000001,0.0124875,999.0,1.0,-0.0,0,RATE1,2
T3642-3641-36421-1-w1,star:3642-3641-36421-1,3642,0.12875,-0.000625,250.0,1.0,-0.0,0,RATE1,1
T3642-3641-36421-1-w2,star:3642-3641-36421-1,3641,0.12487500000000004,0.0124875,999.0,1.0,-0.0,0,RATE1,1
T3842-3851-38423-3-w1,star:3842-3851-38423-3,3842,0.14987500000000004,0.0010625,125.0,1.0,-0.0,0,RATE1,3
T3842-3851-38423-3-w2,star:3842-3851-38423-3,3851,0.12487499999999983,0.012487499999999999,999.0,1.0,-0.0,0,RATE1,3
T3842-3851-38424-4-w1,star:3842-3851-38424-4,3842,0.12875,-0.000625,250.0,1.0146103896103895,-0.0,0,RATE1,4
T3842-3851-38424-4-w2,star:3842-3851-38424-4,3851,0.12487500000000004,0.0124875,999.0,1.0,-0.0,0,RATE1,4
T3852-3841-38421-1-w1,star:3852-3841-38421-1,3852,0.15175,0.0010625,125.0,1.0,-0.0,0,RATE1,1
T3852-3841-38421-1-w2,star:3852-3841-38421-1,3841,0.12487499999999997,0.012487499999999999,999.0,1.0,-0.0,0,RATE1,1
T3852-3841-38422-2-w1,star:3852-3841-38422-2,3852,0.12256999999999998,-0.0005949999999999999,238.0,1.0,-0.0,0,RATE1,2
T3852-3841-38422-2-w2,star:3852-3841-38422-2,3841,0.12487500000000004,0.0124875,999.0,1.0,-0.0,0,RATE1,2
T3934-3942-39402-1-w1,star:3934-3942-39402-1,3934,0.07250000000000001,-0.00475,500.0,1.0,-0.0,0,RATE1,1
T3934-3942-39402-1-w2,star:3934-3942-39402-1,3942,0.12487500000000001,0.0124875,999.0,1.0,-0.0,0,RATE1,1
T3940-3941-39423-1-w1,star:3940-3941-39423-1,3940,0.12875,-0.000625,250.0,1.0,-0.0,0,RATE1,1
T3940-3941-39423-1-w2,star:3940-3941-39423-1,3941,0.12487500000000004,0.0124875,999.0,1.0,-0.0,0,RATE1,1
T3954-3942-39421-2-w1,star:3954-3942-39421-2,3954,0.10200000000000001,-0.0052499999999999995,500.0,1.0235414534288638,-0.0,0,RATE1,2
T3954-3942-39421-2-w2,star:3954-3942-39421-2,3942,0.12487500000000001,0.0124875,999.0,1.0,-0.0,0,RATE1,2
T4384-4382-43821-1-w1,star:4384-4382-43821-1,4384,0.07250000000000001,-0.00475,500.0,1.0,-0.0,0,RATE1,1
T4384-4382-43821-1-w2,star:4384-4382-43821-1,4382,0.12487500000000001,0.0124875,999.0,1.0,-0.0,0,RATE1,1
T4472-4461-44623-3-w1,star:4472-4461-44623-3,4472,0.11624999999999998,0.00012499999999999979,250.0,1.0,-0.0,0,RATE1,3
T4472-4461-44623-3-w2,star:4472-4461-44623-3,4461,0.12487500000000001,0.0124875,999.0,1.0,-0.0,0,RATE1,3
T4472-4471-44624-4-w1,star:4472-4471-44624-4,4472,0.121,0.00012499999999999979,250.0,1.0,-0.0,0,RATE1,4
T4472-4471-44624-4-w2,star:4472-4471-44624-4,4471,0.12487500000000001,0.0124875,999.0,1.0,-0.0,0,RATE1,4
T4722-4721-47221-1-w1,star:4722-4721-47221-1,4722,0.12256999999999998,-0.0005949999999999999,238.0,1.0,-0.0,0,RATE1,1
T4722-4721-47221-1-w2,star:4722-4721-47221-1,4721,0.12487500000000004,0.0124875,999.0,1.0,-0.0,0,RATE1,1
T4722-47210-47222-2-w1,star:4722-47210-47222-2,4722,0.10825,-0.00201,250.0,1.0,-0.0,0,RATE1,2
T4722-47210-47222-2-w2,star:4722-47210-47222-2,47210,0.12487500000000004,0.0124875,999.0,1.0,-0.0,0,RATE1,2
T4942-4941-49422-2-w1,star:4942-4941-49422-2,4942,0.139,7.499999999999993e-05,125.0,1.0,-0.0,0,RATE1,2
T4942-4941-49422-2-w2,star:4942-4941-49422-2,4941,0.12487499999999997,0.0124875,999.0,1.0,-0.0,0,RATE1,2
T4943-4941-49421-1-w1,star:4943-4941-49421-1,4943,0.139,0.0056125,125.0,1.0,-0.0,0,RATE1,1
T4943-4941-49421-1-w2,star:4943-4941-49421-1,4941,0.12487499999999997,0.012487500000000002,999.0,1.0,-0.0,0,RATE1,1
T5042-5041-50421-1-w1,star:5042-5041-50421-1,5042,0.12875,-0.000625,250.0,1.0,-0.0,0,RATE1,1
T5042-5041-50421-1-w2,star:5042-5041-50421-1,5041,0.12487500000000004,0.0124875,999.0,1.0,-0.0,0,RATE1,1
T5142-51410-51422-2-w1,star:5142-51410-51422-2,5142,0.102102,-0.0006188000000000001,238.0,1.0,-0.0,0,RATE1,2
T5142-51410-51422-2-w2,star:5142-51410-51422-2,51410,0.12487499999999997,0.0124875,999.0,1.0,-0.0,0,RATE1,2
T5464-5462-54621-1-w1,star:5464-5462-54621-1,5464,0.0955,-0.0052499999999999995,500.0,0.986971969996052,-0.0,0,RATE1,1
T5464-5462-54621-1-w2,star:5464-5462-54621-1,5462,0.12487500000000004,0.0124875,999.0,1.0,-0.0,0,RATE1,1
T5464-5462-54624-4-w1,star:5464-5462-54624-4,5464,0.0955,-0.0052499999999999995,500.0,0.986971969996052,-0.0,0,RATE1,4
T5464-5462-54624-4-w2,star:5464-5462-54624-4,5462,0.12487500000000004,0.0124875,999.0,1.0,-0.0,0,RATE1,4
T5464-54622-54623-2-w1,star:5464-54622-54623-2,5464,0.07975,-0.005775,550.0,1.0183299389002036,-0.0,0,RATE1,2
T5464-54622-54623-2-w2,star:5464-54622-54623-2,54622,0.12487500000000001,0.0124875,999.0,1.0,-0.0,0,RATE1,2
T30820-3081-30821-1-w1,star:30820-3081-30821-1,30820,0.10975,-0.000625,250.0,1.0,-0.0,0,RATE1,1
T30820-3081-30821-1-w2,star:30820-3081-30821-1,3081,0.12487499999999997,0.0124875,999.0,1.0,-0.0,0,RATE1,1
T30820-3091-30826-3-w1,star:30820-3091-30826-3,30820,0.11874999999999998,-0.00287500025,250.0,1.0,-0.0,0,RATE1,3
T30820-3091-30826-3-w2,star:30820-3091-30826-3,3091,0.12487500000000001,0.012487499001000003,999.0,1.0,-0.0,0,RATE1,3
T70510-70520-70561-1-w1,star:70510-70520-70561-1,70510,-0.01512,0.0,240.0,1.0,-0.0,0,RATE1,1
T70510-70520-70561-1-w2,star:70510-70520-70561-1,70520,0.16895999999999997,0.00432,240.0,1.0,-0.0,0,RATE1,1
T70510-70520-70562-1-w1,star:70510-70520-70562-1,70510,-0.01656000000000001,0.0,240.0,1.0,-0.0,0,RATE1,1
T70510-70520-70562-1-w2,star:70510-70520-70562-1,70520,0.17040000000000002,0.00432,240.0,1.0,-0.0,0,RATE1,1
T74511-74520-74561-1-w1,star:74511-74520-74561-1,74511,-0.01776000000000001,0.0,240.0,0.9680542110358181,-0.0,0,RATE1,1
T74511-74520-74561-1-w2,star:74511-74520-74561-1,74520,0.17111999999999997,0.0033599999999999997,240.0,1.0,-0.0,0,RATE1,1
T74511-74520-74562-1-w1,star:74511-74520-74562-1,74511,-0.01512,0.0,240.0,0.9680542110358181,-0.0,0,RATE1,1
T74511-74520-74562-1-w2,star:74511-74520-74562-1,74520,0.16895999999999997,0.00432,240.0,1.0,-0.0,0,RATE1,1
T74512-74520-74563-1-w1,star:74512-74520-74563-1,74512,-0.01512,0.0,240.0,0.9680542110358181,-0.0,0,RATE1,1
T74512-74520-74563-1-w2,star:74512-74520-74563-1,74520,0.17255999999999996,0.00432,240.0,1.0,-0.0,0,RATE1,1
T75510-75520-75561-1-w1,star:75510-75520-75561-1,75510,-0.029279999999999973,0.0010799999999999991,240.0,0.9680542110358181,-0.0,0,RATE1,1
T75510-75520-75561-1-w2,star:75510-75520-75561-1,75520,0.19704000000000002,0.0013200000000000009,240.0,1.0,-0.0,0,RATE1,1
T75511-75520-75562-1-w1,star:75511-75520-75562-1,75511,-0.01776000000000001,0.0,240.0,0.9680542110358181,-0.0,0,RATE1,1
T75511-75520-75562-1-w2,star:75511-75520-75562-1,75520,0.17111999999999997,0.0033599999999999997,240.0,1.0,-0.0,0,RATE1,1
T81010-81020-81061-1-w1,star:81010-81020-81061-1,81010,-0.013199999999999977,0.0,240.0,1.0,-0.0,0,RATE1,1
T81010-81020-81061-1-w2,star:81010-81020-81061-1,81020,0.15503999999999998,0.00432,240.0,1.0,-0.0,0,RATE1,1
T81010-81020-81062-1-w1,star:81010-81020-81062-1,81010,-0.01776000000000001,0.0,240.0,1.0,-0.0,0,RATE1,1
T81010-81020-81062-1-w2,star:81010-81020-81062-1,81020,0.17111999999999997,0.0033599999999999997,240.0,1.0,-0.0,0,RATE1,1
T81011-81020-81063-1-w1,star:81011-81020-81063-1,81011,-0.02795999999999995,0.0013200000000000009,240.0,1.0,-0.0,0,RATE1,1
T81011-81020-81063-1-w2,star:81011-81020-81063-1,81020,0.19595999999999994,0.0010799999999999991,240.0,1.0,-0.0,0,RATE1,1
T81510-81520-81561-1-w1,star:81510-81520-81561-1,81510,-0.01127999999999999,0.0,240.0,0.9832841691248771,-0.0,0,RATE1,1
T81510-81520-81561-1-w2,star:81510-81520-81561-1,81520,0.15744,0.00432,240.0,1.0,-0.0,0,RATE1,1
T81510-81520-81562-1-w1,star:81510-81520-81562-1,81510,-0.016800000000000013,0.0,240.0,0.9832841691248771,-0.0,0,RATE1,1
T81510-81520-81562-1-w2,star:81510-81520-81562-1,81520,0.16248,0.00432,240.0,1.0,-0.0,0,RATE1,1
T90011-90020-90061-1-w1,star:90011-90020-90061-1,90011,-0.01512,0.0,240.0,0.9523809523809523,-0.0,0,RATE1,1
T90011-90020-90061-1-w2,star:90011-90020-90061-1,90020,0.16895999999999997,0.00432,240.0,1.0,-0.0,0,RATE1,1
T90011-90020-90062-1-w1,star:90011-90020-90062-1,90011,-0.01512,0.0,240.0,0.9523809523809523,-0.0,0,RATE1,1
T90011-90020-90062-1-w2,star:90011-90020-90062-1,90020,0.16895999999999997,0.00432,240.0,1.0,-0.0,0,RATE1,1
T90012-90020-90063-1-w1,star:90012-90020-90063-1,90012,-0.029039999999999996,0.0012000000000000005,240.0,0.9523809523809523,-0.0,0,RATE1,1
T90012-90020-90063-1-w2,star:90012-90020-90063-1,90020,0.19655999999999998,0.0012000000000000005,240.0,1.0,-0.0,0,RATE1,1
T90310-90320-90361-1-w1,star:90310-90320-90361-1,90310,-0.018840000000000023,-0.00252,240.0,0.9832841691248771,-0.0,0,RATE1,1
T90310-90320-90361-1-w2,star:90310-90320-90361-1,90320,0.17339999999999997,0.005880000000000001,240.0,1.0,-0.0,0,RATE1,1
T90310-90320-90362-1-w1,star:90310-90320-90362-1,90310,-0.018600000000000016,-0.00276,240.0,0.9832841691248771,-0.0,0,RATE1,1
T90310-90320-90362-1-w2,star:90310-90320-90362-1,90320,0.17316,0.0061200000000000004,240.0,1.0,-0.0,0,RATE1,1
