station,method,osm,osm_name,osm_lat,osm_lon,eirgrid_lat,eirgrid_lon,distance_km,agrees
TANDRAGEE,exact,way/227767019,Tandragee 275kV Substation,54.3700948,-6.425216,54.057557573865,-6.588404001482856,36.33638599628058,False
STRABANE,exact,way/374848631,Strabane 110kV Substation,54.8524826,-7.4307015,54.85655472539477,-7.455469324960063,1.6487816101851802,True
CROMCASTLE,exact,way/822400580,Cromcastle 110kV Substation,53.4030295,-6.2276046,53.40023057131071,-6.216471327530737,0.8010121389687545,True
KILMORE,exact,way/697464731,Kilmore 110kV Substation,53.4013032,-6.2208175,53.40297001911609,-6.227517118425198,0.48126468229095215,True
NEWBURY,exact,way/820465119,Newbury 110kV Substation,53.3997557,-6.2162523,53.40143238390891,-6.220687010166894,0.3481357371163431,True
LONGPOINT,fuzzy,way/71762783,Aghada Power Station,51.8338841,-8.2332664,51.83410388311088,-8.237995336997962,0.3258529981407286,True
TULLABEG,prefix,way/1259120849,Tullabeg Solar Farm 110kV Substation,52.6126135,-6.3827622,52.61161010712725,-6.387116682694848,0.31446661806419857,True
ARDNACRUSHA,exact,way/200626863,Ardnacrusha 110kV Substation,52.7049873,-8.6163685,52.70592456903818,-8.613523300774938,0.21819325160117212,True
HUNTSTOWN,exact,way/374962479,Huntstown 220 kV Substation,53.4109851,-6.3249285,53.412549887871194,-6.326265822089077,0.19527223921197498,True
BANCROFT,exact,relation/17186059,Bancroft 110kV Substation,53.2948465,-6.3505969,53.29340620280953,-6.352055744254687,0.18721677536824188,True
RINGSEND,exact,way/359657275,Ringsend 110kV Substation,53.3397238,-6.2066748,53.34065552410174,-6.206477521415007,0.10442773558564042,True
WHITEBANK,exact,way/1346514561,Whitebank 110 kV substation,53.3398123,-6.1996317,53.33927817857905,-6.200897311925316,0.10289656449384182,True
KILL HILL,exact,way/521548109,Kill Hill 110kV Substation,52.5172741,-7.8209426,52.51645101351957,-7.820768895612354,0.09227481261780089,True
ROSSPILE,exact,way/1125145155,Rosspile 110 kV Substation,52.3018955,-6.7423279,52.302528057169624,-6.742968264014987,0.082723740018582,True
RYEBROOK,exact,way/235560256,Ryebrook 110kV Substation,53.3776928,-6.5224663,53.377683359595586,-6.523563815061956,0.07280797056058179,True
KNOCKUMBER,prefix,way/361725341,Knockumber (1) 110kV Substation,53.6555904,-6.7147404,53.6554009074933,-6.713798209526933,0.0655668576472065,True
GILRA,exact,way/215062045,Gilra 110kV Substation,53.9144475,-7.9859944,53.914764333534755,-7.985269093617975,0.059140943145053006,True
NORTH WALL,exact-name,way/37946568,North Wall Power Station,53.3498314,-6.211276,53.34951582993119,-6.211984931703565,0.05869877256988802,True
MACETOWN,exact,way/374960358,Macetown 110kV Substation,53.4142091,-6.4151251,53.41416933819796,-6.4142616139172315,0.05739821892277095,True
COOMATAGGART,exact,way/690725011,Coomataggart 110 kV Substation,51.8735614,-9.3145611,51.874022448143045,-9.314934289235051,0.057311552025104594,True
CLUTTERLAND,exact,way/1107158570,Clutterland 110 kV Substation,53.3179126,-6.4497145,53.31773746919553,-6.448906308382785,0.05710718456447436,True
PORTAN,exact,way/260836695,Portan Converter Station,53.4712157,-6.5675597,53.471469934422096,-6.566864837614676,0.05398398335520651,True
CORDAL,exact,way/819550308,Cordal 110kV Substation,52.2145657,-9.2855811,52.21424412141564,-9.28504676873131,0.05102830600362767,True
DERRYCARNEY,exact,way/934879760,Derrycarney 110kV Substation,53.2271141,-7.7961871,53.22679559943809,-7.796712077435454,0.049754307924945326,True
BUFFY,exact,way/1046795490,Buffy 110kV Substation,53.3580797,-9.2937884,53.35827134976689,-9.293111299246078,0.049731340459380415,True
SCREEB,exact,way/251226613,Screeb 110kV Substation,53.3804345,-9.5853139,53.380264105017,-9.584626365862091,0.049382151841494325,True
UGGOOL,exact,way/589030589,Uggool 110kV Substation,53.3536722,-9.3355257,53.35333020439481,-9.335113897220308,0.04683099515552737,True
BELLACORICK,exact,way/205659794,Bellacorick 110 kV Substation,54.1205007,-9.5787377,54.12086862702849,-9.578736534820589,0.04091174592137954,True
CASTLEVIEW,exact,way/154686756,Castleview 110kV Substation,51.9009511,-8.3704585,51.900704009564464,-8.370044220986955,0.0395322239658072,True
SLIABH BAWN,exact,way/793255383,Sliabh Bawn 110 kV Substation,53.7511805,-8.0518963,53.751186421097586,-8.051303160198435,0.039003830002051154,True
OLDBRIDGE,exact,way/1123268881,Oldbridge 110 kV Substation,53.7067579,-6.3878298,53.706747579087086,-6.388390007624076,0.036889819894450365,True
WEXFORD,exact,way/232344721,Wexford 110kV Substation,52.3403641,-6.5394499,52.340280005315755,-6.538981189760062,0.03318730837319067,True
GARROW,exact,way/217487275,Garrow 110kV Substation,52.0026938,-9.131237,52.002468681496204,-9.131539776502546,0.03249907341526227,True
CORDERRY,exact,way/189376942,Corderry 110kV Substation,54.1988681,-8.197639,54.19903561909696,-8.197234616282339,0.03223125913856458,True
KNOCKRANNY,exact,way/665898646,Knockranny 110kV Substation,53.3598717,-9.289752,53.35960761476653,-9.289602073797179,0.03100462181865926,True
INCHICORE,exact,way/456199341,Inchicore 220kV Substation,53.3337774,-6.3391212,53.33381865938087,-6.3386643394119915,0.03068067501213077,True
DARDISTOWN,exact,way/458047174,Dardistown 110 kV Substation,53.4212033,-6.2342099,53.42108827314217,-6.233793778626428,0.03039605863467152,True
ARDNAGAPPARY,exact,way/705295479,Ardnagappary 110kV Substation,55.0566404,-8.2688178,55.05652589461373,-8.269247346027843,0.030175112354680563,True
AUGHINISH,exact,way/211196263,Aughinish 110kV Substation,52.6252455,-9.0514195,52.62508603441443,-9.051090360533827,0.02842506269129431,True
SNUGBOROUGH,exact,way/684124854,Snugborough 110kV Substation,53.4066092,-6.356603,53.40636649397226,-6.356516150677654,0.02759492384129396,True
GLANLEE,exact,way/179214114,Glanlee 110kV Substation,51.925463,-9.3067693,51.925353418091625,-9.307126292317434,0.027344790309268258,True
TRIEN,exact,way/235924790,Trien 110kV Substation,52.4245772,-9.426115,52.42476748214701,-9.426367339842086,0.027211160977475377,True
CARRIGDANGAN,exact,way/1078394624,Carrigdangan 110 kV Substation,51.8043751,-9.1207652,51.80418832092752,-9.121007289239662,0.026616129414309596,True
BRINNY,exact,way/235933652,Brinny 110kV Substation,51.7851436,-8.7045456,51.78537928946115,-8.704611303776504,0.026594353714746072,True
NENAGH,exact,way/374352169,Nenagh 110kV Substation,52.8610738,-8.1812103,52.86127900295609,-8.181411353528636,0.02651081642706622,True
SLIEVECALLAN,exact,way/821276203,Slievecallan 110 kV Substation,52.8288117,-9.2836999,52.828774806499126,-9.283316769952384,0.026065042643599053,True
ARIGNA,exact,way/374819486,Arigna 110kV Substation,54.0945702,-8.0755119,54.09469243096772,-8.075182050503575,0.02544383317135969,True
BOGGERAGH,exact,way/186889661,Boggeragh 110kV Substation,52.0384891,-8.9086408,52.03845164768122,-8.90831422356648,0.02272261092169208,True
KILKENNY,exact,way/150242815,Kilkenny 110kV Substation,52.6405514,-7.1718695,52.640350476563896,-7.1718461001224005,0.022397419160432083,True
BLACKROCK,exact,way/371316756,Blackrock 110kV Substation,53.2914859,-6.1746313,53.29167993449073,-6.17461270995422,0.0216110325055813,True
BOOLTIAGH,exact,way/212731351,Booltiagh 110 kV Substation,52.7756037,-9.240483,52.77552072775236,-9.240766053835886,0.021157531571166996,True
KILLONAN,exact,way/180637986,Killonan 220kV Substation,52.6401871,-8.5454912,52.64012552505832,-8.545769580710381,0.01999276938972949,True
MULLINGAR,exact,way/266999191,Mullingar 110kV Substation,53.5383686,-7.3716668,53.538448311492154,-7.371415697104411,0.01881216829555461,True
GLASMORE,exact,way/27045289,Glasmore 110kV Substation,53.4677716,-6.2384064,53.467853206003134,-6.238165475239521,0.018348124577628938,True
CLONKEEN,exact,way/179214131,Clonkeen 110kV Substation,51.9841297,-9.2997624,51.98399312239684,-9.29962220501207,0.0179670816644309,True
CLOGHRAN,exact,way/684177183,Cloghran 110kV Substation,53.4034934,-6.3610231,53.403515642806035,-6.361288782702514,0.017785399033715517,True
RINGASKIDDY,exact,way/438019978,Ringaskiddy 110 kV Substation,51.8332719,-8.3445201,51.83326427581578,-8.34476974073012,0.017174555420788228,True
BARNAHELY,exact,way/79803764,Barnahely 110 kV Substation,51.8284805,-8.3442652,51.82849980547569,-8.344512668519526,0.0171411142318764,True
REAMORE,exact,way/218565935,Reamore 110kV Substation,52.302124,-9.5436255,52.30199774144725,-9.543496448829869,0.01655602417706175,True
CHARLEVILLE,exact,way/237476600,Charleville 110kV Substation,52.3301844,-8.6941349,52.330115912763254,-8.693931602336937,0.015774589777768255,True
TIEVEBRACK,exact,way/705034071,Tievebrack 110kV Substation,54.8102758,-8.2356174,54.81039589804294,-8.235499683889127,0.015337480666429976,True
DRUMKEEN,exact,way/183549487,Drumkeen 110kV Substation,54.8631648,-7.7722302,54.863043725330705,-7.772332029856407,0.014957196788014058,True
DROMADA,exact,way/439833711,Dromada 110kV Substation,52.4434711,-9.2344983,52.44358609516307,-9.234389817573442,0.01475017094521528,True
CASTLEFARM,exact,way/975408238,Castlefarm 110kV Substation,52.6298482,-9.0544843,52.62979474148217,-9.054684094529971,0.014736464890866231,True
CHERRYWOOD,exact,way/355532596,Cherrywood 110kV Substation,53.2433051,-6.1567888,53.24342565927386,-6.1568761703689425,0.01461195998771545,True
CLONEE,exact,way/516752881,Clonee 220kV Substation,53.4167869,-6.426741,53.4169166664921,-6.426722223294219,0.014482950830582306,True
CABRA,exact,way/374690911,Cabra 110 kV Substation,53.372675,-6.3003671,53.37255534858335,-6.300439865726645,0.014153312324453642,True
SORNE HILL,exact,way/201187920,Sorne Hill 110kV Substation,55.1313547,-7.3684232,55.13136775386182,-7.368204472733834,0.01398002501125064,True
MULLAGHARLIN,exact,way/265773388,Mullagharlin 110kV Substation,53.9755464,-6.4087276,53.97564262989293,-6.408846475603191,0.013226232760101337,True
AUNGIERSTOWN,exact,way/935127343,Aungierstown 110 kV Substation,53.316073,-6.4523208,53.31615734003405,-6.452182848122081,0.01311208537980294,True
GARVAGH,prefix,way/202980108,Garvagh Glebe 110kV Substation,54.1504588,-8.1924874,54.150495790200765,-8.192676532645805,0.012985392729804087,True
KNOCKALOUGH,exact,way/1115737898,Knockalough Substation,53.3058138,-9.2491169,53.30576503898843,-9.24929005954924,0.01271897469354755,True
AHANE,exact,way/208150180,Ahane 110kV Substation,52.6617276,-8.5076209,52.661834732065365,-8.507678501927296,0.012529988098440583,True
BARNAGEERAGH,exact,way/1003253888,Barnageeragh 110kV Substation,53.4042822,-6.3698501,53.404170065310446,-6.3698679292552285,0.012524717027738986,True
CRANE,exact,way/185706501,Crane 110kV Substation,52.5323772,-6.5144397,52.53246013410431,-6.5143177451098735,0.012373034237954415,True
CLAHANE,exact,way/210599157,Clahane 110kV Substation,52.3787738,-9.548026,52.37880045658319,-9.54820202750061,0.012310518759414139,True
GOLAGH,exact,way/183084855,Golagh 110kV Substation,54.6871253,-7.9351078,54.68723518807918,-7.935121105807001,0.012248906996546655,True
THORNSBERRY,exact,way/172726462,Thornsberry 110kV Substation,53.2949583,-7.4696537,53.294850034539536,-7.469631096905207,0.01213195111176347,True
DALLOW,exact,way/513993739,Dallow 110kV Substation,53.1259869,-7.928076,53.12589727155825,-7.928178288640028,0.012079212530523041,True
BALLYNAHULLA,exact,way/819997192,Ballynahulla 220kV Substation,52.1738656,-9.2611456,52.17389185728541,-9.26098146481032,0.01156729523018419,True
NORTH QUAYS,exact,way/443081627,North Quays 110kV Substation,53.3504282,-6.2355586,53.350376678926956,-6.2354098008414125,0.01141774503662012,True
MCDERMOTT,exact,way/440173457,McDermott 110kV Substation,53.3543732,-6.2509463,53.35432973529445,-6.2507981636130845,0.010955285214298569,True
KELLYSTOWN,exact,way/887405637,Kellystown 220 kV Substation,53.3823502,-6.524176,53.38226296374056,-6.524115394163427,0.010500117924707179,True
COOLDERRIG,exact,way/1456366384,Coolderrig 110 kV Substation,53.32992,-6.4525519,53.329835560945476,-6.452617741631921,0.010357331609492058,True
KILMAHUD,exact,way/437278179,Kilmahud 110kV Substation,53.3259419,-6.4540511,53.3259729193583,-6.454187551391677,0.00969631037773195,True
GLENLARA,exact,way/374587161,Glenlara 110kV Substation,52.2053487,-9.023808,52.20539081141053,-9.02393206081693,0.009664197971942724,True
BLAKE,exact,way/265386067,Blake 110 kV Substation,53.2886399,-6.8812414,53.28868969265913,-6.881360161919161,0.009642254492455893,True
WHITEGATE,exact,way/374906132,Whitegate 110kV Substation,51.8186651,-8.2389996,51.818718458958976,-8.238897816102927,0.009173319816434248,True
BLUNDELSTOWN,exact,way/1125304097,Blundelstown 110 kV Substation,53.444432,-6.5335903,53.44439665951555,-6.533711555328955,0.008940438958210438,True
TRINITY,exact,way/245044213,Trinity 110kV Substation,53.3425325,-6.2491939,53.34256827777558,-6.249076380619172,0.008757508536563737,True
SOMERSET,exact,way/183080497,Somerset 110kV Substation,53.2666198,-8.2305405,53.26656822033628,-8.2306388352723,0.008698483554915188,True
IKERRIN,exact,way/158575778,Ikerrin 110kV Substation,52.91857,-7.7713595,52.91854585409347,-7.771237938049854,0.008580982121808408,True
CUNGHILL,exact,way/179714187,Cunghill 110kV Substation,54.1111523,-8.6491987,54.111218029290455,-8.649250780750704,0.008058728404688768,True
TRILLICK,exact,way/201298435,Trillick 110kV Substation,55.1127756,-7.4186417,55.11281401463396,-7.418748210885331,0.008008332302969573,True
AIRTON,exact,way/697470447,Airton 110kV Substation,53.2968693,-6.3674201,53.29683692843911,-6.367525602298796,0.007881457232515102,True
OUGHTRAGH,exact,way/213508375,Oughtragh 110kV Substation,52.136625,-9.6927788,52.136588896782676,-9.692872847160825,0.007570697430920265,True
CLOGHER,exact,way/705880940,Clogher 110kV Substation,54.6870462,-7.9951038,54.6869863711046,-7.9951533768052645,0.0073764751262804205,True
CRORY,exact,way/540091715,Crory 110kV Substation,52.579165,-6.5358105,52.579223991932,-6.535843003371965,0.006917509739291081,True
SINGLAND,exact,way/220264906,Singland 110kV Substation,52.6634944,-8.5873819,52.66351364539572,-8.587291000622223,0.006492977610933776,True
MOUNT LUCAS,exact,way/507859235,Mount Lucas 110kV Substation,53.262337,-7.2520289,53.262301305977445,-7.252103934240963,0.0063764814628363645,True
ATHEA,exact,way/439831815,Athea Substation,52.43755,-9.3004089,52.43759822084886,-9.300450824327603,0.006068510238845081,True
LISDRUM,exact,way/267172950,Lisdrum 110 kV Substation,54.2447228,-6.9102424,54.24468029673181,-6.910186012689094,0.005979909120666002,True
KNOCKANURE,exact,way/1003262502,Knockanure 220kV Substation,52.4345623,-9.3733302,52.434584444532504,-9.37325614690881,0.0055915729216566784,True
DUNDALK,exact,way/266244304,Dundalk 110kV Substation,54.0053368,-6.4237884,54.00535257802165,-6.423708012744934,0.0055385610349616655,True
TANEY,exact,way/1264633852,Taney 110 kV Substation,53.2885883,-6.245051,53.288594656106966,-6.245128261356561,0.005184023375116225,True
BRACETOWN,exact,way/819286958,Bracetown 220kV Substation,53.4222695,-6.4457133,53.42222600134751,-6.445735993137584,0.005065186762321855,True
COLLEGE PARK,exact,way/446020910,College Park 110kV Substation,53.4105364,-6.3761003,53.41052962127094,-6.376026001976247,0.004981889249547694,True
MISERY HILL,exact,way/102694971,Misery Hill Substation,53.3451982,-6.2393583,53.34519448624749,-6.239432070003964,0.004914427324637471,True
FORTUNESTOWN,exact,way/448710346,Fortunestown 110kV Substation,53.2829452,-6.4171604,53.28296626027493,-6.417222731742453,0.004759722437011642,True
MULREAVY,exact,way/547588242,Mulreavy 110kV Substation,54.6644867,-7.9692346,54.66450767885352,-7.969173401990347,0.00457510065827318,True
CLOGHBOOLA,exact,way/494790508,Cloghboola 110kV Substation,52.3305984,-9.4380864,52.330628690181975,-9.438041650084083,0.004537721163116448,True
KNOCKACUMMER,exact,way/508612114,Knockacummer 110kV Substation,52.2595355,-9.1006362,52.25957529631091,-9.10063116712318,0.0044383919218462025,True
SALTHILL,exact,way/146157089,Salthill 110kV Substation,53.2741041,-9.0793907,53.27413810602518,-9.079412008437549,0.004038039398685746,True
PELLETSTOWN,exact,way/445358256,Pelletstown 110kV Substation,53.3815035,-6.3275833,53.38152722199772,-6.327627163220469,0.0039270483358257125,True
POTTERY ROAD,truncated,way/443080676,Pottery Road 110-kV Substation,53.2734538,-6.1519907,53.27342041286851,-6.151976585855264,0.0038292746719902327,True
COOKSTOWN,exact,way/98142043,Cookstown 110kV Substation,53.2931796,-6.3781277,53.29321147221826,-6.378133242861223,0.003563129714307443,True
MEENTYCAT,exact,way/183549490,Meentycat 110kV Substation,54.8676656,-7.842446,54.86768727032328,-7.8424856610052105,0.003499588670808858,True
ANNER,exact,way/235794888,Anner 110kV Substation,52.3719788,-7.6492028,52.371951499573875,-7.649226102550209,0.0034231472712654815,True
ADAMSTOWN,exact,way/438027242,Adamstown 110kV Substation,53.3403233,-6.4790891,53.3403323224425,-6.479128465769046,0.0027994470427018165,True
TULLABRACK,exact,way/218901878,Tullabrack 110kV Substation,52.6730693,-9.4791123,52.6730884556537,-9.47913009456716,0.0024446791882713455,True
MONREAD,exact,way/87982346,Monread 110kV Substation,53.2412035,-6.6456698,53.24122540865394,-6.645672335606553,0.0024419708078968613,True
ARTANE,exact,way/445314428,Artane 110kV Substation,53.382358,-6.2094672,53.38234735432395,-6.209496724379051,0.002288185733057008,True
ENNIS,exact,way/52291514,Ennis 110kV Substation,52.860201,-8.9358728,52.8601821864905,-8.935860706943748,0.002243985944626643,True
BANOGE,exact,way/185706609,Banoge 110kV,52.6502648,-6.2725523,52.650265745776764,-6.2725835704647555,0.0021121154658964502,True
STEPHENSTOWN,exact,way/442121651,Stephenstown 110kV Substation,53.6013247,-6.1895932,53.6013359826286,-6.189618715848112,0.0020996472655192113,True
WOODHOUSE,exact,way/508026914,Woodhouse 110kV Substation,52.0822332,-7.7706666,52.08222173097582,-7.770644265907809,0.001988848487130975,True
POPPINTREE,exact,way/443112369,Poppintree 110kV Substation,53.4059932,-6.2720237,53.405995870326485,-6.2719944751642,0.0019598771911536073,True
RICHMOND,exact,way/151556697,Richmond 110kV Substation,53.743184,-7.857067,53.743167817719524,-7.857073442551611,0.0018485944936623535,True
BARRYMORE,exact,way/236651495,Barrymore 110kV Substation,52.0958683,-8.2546807,52.09586148455297,-8.254664374326827,0.0013483620780161399,True
TAWNAGHMORE,exact,way/616335906,Tawnaghmore 110kV Substation,54.1918026,-9.2178772,54.19179131912231,-9.21788054184284,0.0012730797770270522,True
CENTRAL PARK,exact,way/470024318,Central Park 110kV Substation,53.2702392,-6.2060635,53.27023664957126,-6.206078987707292,0.0010682528626536985,True
CARROWBEG,exact,way/179305213,Carrowbeg 110 kV Substation,53.8093444,-9.5059925,53.809352807734435,-9.505987472893914,0.0009914539638605823,True
BALLYBEG,exact,way/144584625,Ballybeg 110kV Substation,52.9909581,-6.0958665,52.990962608648985,-6.095878045301869,0.0009211405234951304,True
GLENREE,exact,way/181365675,Glenree 110 kV Substation,54.1053454,-8.9893244,54.10534719421637,-8.989319906401056,0.0003544357364914877,True
