axis,index,name
line,0,AA(I)(Z)>DRU(I)(Z)_110L1
line,1,AA(I)(Z)>ENN(I)(Z)_110L1
line,2,AA(I)(Z)>LIM(I)(Z)_110L1
line,3,AA1(I)(Z)>SNG(I)(Z)_110L1
line,4,AD(I)(Z)>GGO(I)(Z)_220L1
line,5,AD(I)(Z)>KRA(I)(Z)_220L1
line,6,AD(I)(Z)>KRA(I)(Z)_220L2
line,7,AD(I)(Z)>LPT(I)(Z)_220L1
line,8,AD(I)(Z)>RAF(I)(Z)_220L1
line,9,AD(I)(Z)>WHI(I)(Z)_110L1
line,10,ADM(I)(Z)>GCA(I)(Z)_110L1
line,11,ADM(I)(Z)>INC(I)(Z)_110L1
line,12,AGH(N)(Z)>ENN(N)(Z)_110L1
line,13,AGL(I)(Z)>DYN(I)(Z)_110L1
line,14,AGL(I)(Z)>ENN(I)(Z)_110L1
line,15,AGN(I)(Z)>CBT(I)(Z)_110L1
line,16,AGN(I)(Z)>CBT(I)(Z)_110L2
line,17,AGN(I)(Z)>KSE(I)(Z)_110L1
line,18,AGL(I)(Z)>SH(I)(Z)_110L1
line,19,AHA(I)(Z)>KLN(I)(Z)_110L1
line,20,AIR(N)(Z)>ROS(N)(Z)_110L1
line,21,AIR(N)(Z)>ROS(N)(Z)_110L2
line,22,ANR(I)(Z)>DOO(I)(Z)_110L1
line,23,ANT(N)(Z)>KEL(N)(Z)_110L1
line,24,ANT(N)(Z)>KEL(N)(Z)_110L2
line,25,ARD(I)(Z)>TIV(I)(Z)_110L1
line,26,ARI(I)(Z)>ARI(I)(T)_110L1
line,27,ARK(I)(Z)>BEG(I)(Z)_110L1
line,28,ARK(I)(Z)>BOG(I)(Z)_110L1
line,29,ARK(I)(Z)>CKM(I)(Z)_220L1
line,30,ARK(I)(Z)>LOD(I)(Z)_220L1
line,31,ARK(I)(Z)>SHE(I)(Z)_110L1
line,32,ART(I)(Z)>FIN(I)(Z)_110L1
line,33,ART(I)(Z)>MCD(I)(Z)_110L1
line,34,ARV(I)(Z)>COS(I)(Z)_110L1
line,35,ARV(I)(Z)>GWE(I)(Z)_110L1
line,36,ARV(I)(Z)>NAV(I)(Z)_110L1
line,37,ARV(I)(Z)>SKL(I)(Z)_110L1
line,38,ARV(I)(Z)>SKL(I)(Z)_110L2
line,39,ATE(I)(Z)>DRO(I)(Z)_110L1
line,40,ATE(I)(Z)>KNR(I)(Z)_110L1
line,41,ATH(I)(Z)>LA(I)(Z)_110L1
line,42,ATH(I)(Z)>SH(I)(Z)_110L1
line,43,ATN(I)(Z)>INC(I)(Z)_110L1
line,44,ATN(I)(Z)>INC(I)(Z)_110L2
line,45,ATY(I)(Z)>CLW(I)(Z)_110L1
line,46,ATY(I)(Z)>CNB(I)(Z)_110L1
line,47,ATY(I)(Z)>PLS(I)(Z)_110L1
line,48,AUG(I)(Z)>CFM(I)(Z)_110L1
line,49,AUG(I)(Z)>CFM(I)(Z)_110L2
line,50,AUG(I)(Z)>KPG(I)(Z)_110L1
line,51,AUG(I)(Z)>MTN(I)(Z)_110L1
line,52,AUG(I)(Z)>SK(I)(Z)_110L1
line,53,AUG(I)(Z)>SK(I)(Z)_110L2
line,54,BAL(I)(Z)>CDU(I)(Z)_110L1
line,55,BAL(I)(Z)>DRY(I)(Z)_110L1
line,56,BAL(I)(Z)>DEE(I)(Z)_110L1
line,57,BAN(I)(Z)>BRI(I)(Z)_110L1
line,58,BAN(I)(Z)>BRI(I)(Z)_110L2
line,59,BAN(I)(Z)>DMY(I)(Z)_110L1
line,60,BAN(I)(Z)>RAF(I)(Z)_110L1
line,61,BAN(N)(Z)>TAN(N)(Z)_110L1
line,62,BAN(N)(Z)>TAN(N)(Z)_110L2
line,63,BAR(I)(Z)>BAR(I)(T)_110L1
line,64,BCT(I)(Z)>CKM(I)(Z)_110L1
line,65,BCT(I)(Z)>COO(I)(Z)_110L1
line,66,BDA(I)(Z)>MON(I)(Z)_110L1
line,67,BDA(I)(Z)>NEW(I)(Z)_110L1
line,68,BDN(I)(Z)>CUL(I)(Z)_110L1
line,69,BDN(I)(Z)>DOO(I)(Z)_110L1
line,70,BEG(I)(Z)>CKM(I)(Z)_110L1
line,71,BGH(I)(Z)>CLA(I)(Z)_110L1
line,72,BGN(I)(Z)>MLC(I)(Z)_110L1
line,73,BGT(I)(Z)>CNB(I)(Z)_110L1
line,74,BGT(I)(Z)>GGT(I)(Z)_110L1
line,75,BGT(I)(Z)>KKY(I)(Z)_110L1
line,76,BIN(I)(Z)>CF(I)(Z)_110L1
line,77,BIN(I)(Z)>TIV(I)(Z)_110L1
line,78,BK(I)(Z)>CBR(I)(Z)_110L1
line,79,BK(I)(Z)>CGW(I)(Z)_110L1
line,80,BK(I)(Z)>MOY(I)(Z)_110L1
line,81,BK(I)(Z)>SKY(I)(Z)_110L1
line,82,BK(I)(Z)>SKY(I)(Z)_110L2
line,83,BKT(I)(Z)>CUR(I)(Z)_110L1
line,84,BKY(I)(Z)>CBT(I)(Z)_110L1
line,85,BKY(I)(Z)>CBT(I)(Z)_110L2
line,86,BKY(I)(Z)>KCY(I)(Z)_110
line,87,BLA(I)(Z)>POT(I)(Z)_110L1
line,88,BLA(I)(Z)>RE(I)(Z)_110L1
line,89,BLC(I)(Z)>FIN(I)(Z)_220L1
line,90,BLC(I)(Z)>SHL(I)(Z)_220L1
line,91,BLC(I)(Z)>GRA(I)(Z)_110L1
line,92,BLC(I)(Z)>KLM(I)(Z)_110L1
line,93,BLC(I)(Z)>MNH(I)(Z)_110L1
line,94,BLI(I)(Z)>DMY(I)(Z)_110L1
line,95,BMA(N)(Z)>KEL(N)(Z)_110L1
line,96,BMA(N)(Z)>KEL(N)(Z)_110L2
line,97,BNH(N)(Z)>CAS(N)(Z)_110L1
line,98,BNH(N)(Z)>CAS(N)(Z)_110L2
line,99,BNM(N)(Z)>DON(N)(Z)_110L1
line,100,BNM(N)(Z)>DON(N)(Z)_110L2
line,101,BOG(I)(Z)>TTU(I)(Z)_110L1
line,102,TTU(I)(Z)>CRA(I)(Z)_110L1
line,103,BOL(I)(Z)>ENN(I)(Z)_110L1
line,104,BOL(I)(Z)>TBK(I)(T)_110L1
line,105,BPS(N)(Z)>BVG(N)(Z)_110L1
line,106,BPS(N)(Z)>BVG(N)(Z)_110L2
line,107,BPS(N)(Z)>BYC(N)(Z)_275L1
line,108,BPS(N)(Z)>EDE(N)(Z)_110L1
line,109,BPS(N)(Z)>EDE(N)(Z)_110L2
line,110,BPS(N)(Z)>HAN(N)(Z)_275L1
line,111,BPS(N)(Z)>KEL(N)(Z)_275L1
line,112,BPS(N)(Z)>MAG(N)(Z)_275L1
line,113,BRO(N)(Z)>RSK(N)(Z)_110L1
line,114,BRY(I)(Z)>RAF(I)(Z)_110L1
line,115,BRY(I)(Z)>RAF(I)(Z)_110L2
line,116,BTN(I)(Z)>CLE(I)(Z)_220L1
line,117,BTN(I)(Z)>CLE(I)(Z)_220L2
line,118,BUT(I)(Z)>CUL(I)(Z)_110L1
line,119,BUT(I)(Z)>KTN(I)(Z)_110L1
line,120,BVG(N)(Z)>KEL(N)(Z)_110L1
line,121,BVG(N)(Z)>KEL(N)(Z)_110L2
line,122,BVG(N)(Z)>LAR(N)(Z)_110L1
line,123,BVG(N)(Z)>LAR(N)(Z)_110L2
line,124,BVK(I)(Z)>BYH(I)(Z)_220L1
line,125,BVK(I)(Z)>CLA(I)(Z)_220L1
line,126,BVK(I)(Z)>CTG(I)(Z)_110L1
line,127,BWR(I)(Z)>CRA(I)(Z)_110L1
line,128,BYH(I)(Z)>CDL(I)(Z)_110L1
line,129,BYH(I)(Z)>GLE(I)(Z)_110L1
line,130,CAB(I)(Z)>PTN(I)(Z)_110L1
line,131,CAB(I)(Z)>WOL(I)(Z)_110L1
line,132,CAH(I)(Z)>BAR(I)(T)_110L1
line,133,CAH(I)(Z)>DOO(I)(Z)_110L1
line,134,CAH(I)(Z)>KHL(I)(Z)_110L1
line,135,CAH(I)(Z)>TIP(I)(Z)_110L1
line,136,CAR(N)(Z)>CAS(N)(Z)_110L1
line,137,CAR(N)(Z)>CAS(N)(Z)_110L2
line,138,CAR(N)(Z)>EDE(N)(Z)_110L1
line,139,CAR(N)(Z)>EDE(N)(Z)_110L2
line,140,CAS(N)(Z)>CRE(N)(Z)_110L1
line,141,CAS(N)(Z)>CRE(N)(Z)_110L2
line,142,CAS(N)(Z)>HAN(N)(Z)_275L1
line,143,CAS(N)(Z)>HAN(N)(Z)_275L2
line,144,CAS(N)(Z)>KNO(N)(Z)_110L1
line,145,CAS(N)(Z)>KNO(N)(Z)_110L2
line,146,CAS(N)(Z)>KPS(N)(Z)_275L1
line,147,CAS(N)(Z)>NAR(N)(Z)_110L1
line,148,CAS(N)(Z)>NAR(N)(Z)_110L2
line,149,CAS(N)(Z)>RAT(N)(Z)_110L1
line,150,CAS(N)(Z)>RAT(N)(Z)_110L2
line,151,CAS(N)(Z)>ROS(N)(Z)_110L1
line,152,CAS(N)(Z)>ROS(N)(Z)_110L2
line,153,CAS(N)(Z)>TAN(N)(Z)_275L1
line,154,CTN(I)(Z)>KLN(I)(Z)_110L1
line,155,CBL(I)(Z)>TRI(I)(Z)_110L1
line,156,CBG(I)(Z)>CBR(I)(Z)_110L1
line,157,CBR(I)(Z)>CLN(I)(Z)_110L1
line,158,CBR(I)(Z)>DLT(I)(Z)_110L1
line,159,CBT(I)(Z)>INC(I)(Z)_220L1
line,160,CBT(I)(Z)>KCY(I)(Z)_110L1
line,161,CBT(I)(Z)>INC(I)(Z)_220L2
line,162,CBT(I)(Z)>MAY(I)(Z)_220L1
line,163,CBT(I)(Z)>MAY(I)(Z)_220L2
line,164,CD(I)(Z)>KBY(I)(Z)_110L1
line,165,CD(I)(Z)>MAC(I)(Z)_110L1
line,166,CDK(I)(Z)>LWD(I)(Z)_110L1
line,167,CDU(I)(Z)>FIN(I)(Z)_220L1
line,168,CDU(I)(Z)>FIN(I)(Z)_220L2
line,169,CDU(I)(Z)>HN(I)(Z)_220L1
line,170,CDU(I)(Z)>BLU(I)(Z)_110L1
line,171,CDU(I)(Z)>GLN(I)(Z)_110L1
line,172,BLU(I)(Z)>MUL(I)(Z)_110L1
line,173,CDU(I)(Z)>PLA(I)(Z)_110L1
line,174,CDU(I)(Z)>RYB(I)(Z)_110L1
line,175,CDU(I)(Z)>SBH(I)(Z)_110L1
line,176,CDU(I)(Z)>WOO(I)(Z)_220L1
line,177,CDY(I)(Z)>ARI(I)(T)_110L1
line,178,CDY(I)(Z)>GRV(I)(Z)_110L1
line,179,CDY(I)(Z)>SRA(I)(Z)_110L1
line,180,CEN(N)(Z)>CRE(N)(Z)_110L1
line,181,CEN(N)(Z)>CRE(N)(Z)_110L2
line,182,CF(I)(Z)>CAD(Y)(Z)_110L1
line,183,CF(I)(Z)>CKL(Y)(Z)_110L1
line,184,CF(I)(Z)>CL(I)(Z)_110L1
line,185,CF(I)(Z)>CLO(I)(Z)_110L1
line,186,CF(I)(Z)>CLO(I)(Z)_110L2
line,187,CF(I)(Z)>COR(I)(Z)_110L1
line,188,CF(I)(Z)>SRA(I)(Z)_110L1
line,189,CF(I)(Z)>SRA(I)(Z)_110L2
line,190,CFD(I)(Z)>MUL(I)(Z)_110L1
line,191,CFD(I)(Z)>KIN(I)(Z)_110L1
line,192,CGL(I)(Z)>GAE(I)(Z)_110L1
line,193,CHA(I)(Z)>GLE(I)(Z)_110L1
line,194,CHA(I)(Z)>KLN(I)(Z)_110L1
line,195,CHA(I)(Z)>MAL(I)(Z)_110L1
line,196,CHE(I)(Z)>FAS(I)(Z)_110L1
line,197,CKG(I)(Z)>CBT(I)(Z)_110L1
line,198,CKG(I)(Z)>CBT(I)(Z)_110L2
line,199,CKG(I)(Z)>KUD(I)(Z)_110L1
line,200,CKM(I)(Z)>CHE(I)(Z)_110L1
line,201,CKM(I)(Z)>COO(I)(Z)_110L1
line,202,CKM(I)(Z)>DSN(I)(Z)_220L1
line,203,CKM(I)(Z)>FAS(I)(Z)_110L1
line,204,CKM(I)(Z)>FAS(I)(Z)_110L2
line,205,CKM(I)(Z)>ISH(I)(Z)_220L1
line,206,CKM(I)(Z)>POT(I)(Z)_110L1
line,207,CKN(I)(Z)>CGL(I)(Z)_110L1
line,208,CKN(I)(Z)>GRO(I)(Z)_110L1
line,209,CKN(I)(Z)>KER(I)(Z)_110L1
line,210,CLA(I)(Z)>CKN(I)(Z)_110L1
line,211,CLA(I)(Z)>DMY(I)(Z)_110L1
line,212,CLA(I)(Z)>KRA(I)(Z)_220L1
line,213,CLA(I)(Z)>MAC(I)(Z)_110L1
line,214,CLA(I)(Z)>MAC(I)(Z)_110L2
line,215,CLE(I)(Z)>CDU(I)(Z)_220L1
line,216,CLE(I)(Z)>WOO(I)(Z)_220L1
line,217,CLG(I)(Z)>CDU(I)(Z)_110L1
line,218,CLG(I)(Z)>FIN(I)(Z)_110L1
line,219,CLH(I)(Z)>TRI(I)(Z)_110L1
line,220,CLH(I)(Z)>TRL(I)(Z)_110L1
line,221,CLN(I)(Z)>LA(I)(Z)_110L1
line,222,CLO(I)(Z)>CF(I)(Z)_110L1
line,223,CLO(I)(Z)>GOL(I)(T)_110L1
line,224,CLO(I)(Z)>MRY(I)(Z)_110L1
line,225,CLU(I)(Z)>CBT(I)(Z)_110L1
line,226,CLU(I)(Z)>KUD(I)(Z)_110L1
line,227,CLW(I)(Z)>KLS(I)(Z)_110L1
line,228,CLW(I)(Z)>KLS(I)(Z)_110L2
line,229,CLW(I)(Z)>STR(I)(T)_110L1
line,230,CNB(I)(Z)>GGT(I)(T)_110L1
line,231,CNB(I)(Z)>PLS(I)(T)_110L1
line,232,CNB(I)(Z)>MP(I)(T)_380L1
line,233,CNB(I)(Z)>DSN(I)(T)_380L1
line,234,COL(I)(Z)>CDU(I)(Z)_110L1
line,235,COL(I)(Z)>FIN(I)(Z)_110L1
line,236,COL(N)(Z)>CPS(N)(Z)_110L1
line,237,COL(N)(Z)>LIM(N)(Z)_110L1
line,238,COL(N)(Z)>LOG(N)(Z)_110L1
line,239,COL(N)(Z)>LOG(N)(Z)_110L2
line,240,COL(N)(Z)>RSK(N)(Z)_110L1
line,241,COO(I)(Z)>FTT(I)(Z)_110L1
line,242,COO(I)(Z)>INC(I)(Z)_110L1
line,243,COR(I)(Z)>ENN(N)(Z)_110L1
line,244,COR(I)(Z)>GWE(I)(Z)_110L1
line,245,COS(I)(Z)>ARI(I)(T)_110L1
line,246,COS(I)(Z)>FLA(I)(Z)_110L1
line,247,COS(I)(Z)>FLA(I)(Z)_110L2
line,248,COW(I)(Z)>OLD(I)(Z)_110L1
line,249,COW(I)(Z)>OLD(I)(Z)_110L2
line,250,COW(I)(Z)>RAF(I)(Z)_110L1
line,251,COW(I)(Z)>WHI(I)(Z)_110L1
line,252,CPK(I)(Z)>CKM(I)(Z)_110L1
line,253,CPK(I)(Z)>TNY(I)(Z)_110L1
line,254,CPS(N)(Z)>CRD(N)(Z)_110L1
line,255,CPS(N)(Z)>KMT(N)(Z)_110L1
line,256,CPS(N)(Z)>LIM(N)(Z)_110L1
line,257,CPS(N)(Z)>LMR(N)(Z)_110L1
line,258,CPS(N)(Z)>LMR(N)(Z)_110L2
line,259,CPS(N)(Z)>MAG(N)(Z)_275L1
line,260,CPS(N)(Z)>MAG(N)(Z)_275L2
line,261,CPS(N)(Z)>SPR(N)(Z)_110L1
line,262,CPS(N)(Z)>SPR(N)(Z)_110L2
line,263,CPS(N)(Z)>STR(N)(Z)_110L1
line,264,CRA(I)(Z)>LWD(I)(Z)_110L1
line,265,CRA(I)(Z)>WEX(I)(Z)_110L1
line,266,CRG(N)(Z)>KEL(N)(Z)_110L1
line,267,CRG(N)(Z)>TMN(N)(Z)_110L1
line,268,CRM(I)(Z)>KLM(I)(Z)_110L1
line,269,CRM(I)(Z)>KLM(I)(Z)_110L2
line,270,CRO(I)(Z)>IA(I)(Z)_110L1
line,271,CRO(I)(Z)>KBY(I)(Z)_110L1
line,272,CSH(I)(Z)>CLN(I)(Z)_110L1
line,273,CSH(I)(Z)>DLT(I)(Z)_110L1
line,274,CSH(I)(Z)>ENN(I)(Z)_110L1
line,275,CSH(I)(Z)>FLA(I)(Z)_220L1
line,276,CSH(I)(Z)>GAL(I)(Z)_110L1
line,277,CSH(I)(Z)>GAL(I)(Z)_110L2
line,278,CSH(I)(Z)>GAL(I)(Z)_110L3
line,279,CSH(I)(Z)>PRO(I)(Z)_220L1
line,280,CSH(I)(Z)>SAL(I)(Z)_110L1
line,281,CSH(I)(Z)>SOM(I)(T)_110L1
line,282,CSH(I)(Z)>TYN(I)(Z)_220L1
line,283,CTN(I)(Z)>TIP(I)(Z)_110L1
line,284,CTY(I)(Z)>FTT(I)(Z)_110L1
line,285,CTY(I)(Z)>INC(I)(Z)_110L1
line,286,CUL(I)(Z)>DGN(I)(Z)_110L1
line,287,CUL(I)(Z)>GI(I)(Z)_220L1
line,288,CUL(I)(Z)>KRA(I)(Z)_220L1
line,289,CUL(I)(Z)>WAT(I)(Z)_110L1
line,290,CUL(I)(Z)>RTO(I)(Z)_110L1
line,291,CUN(I)(Z)>GLR(I)(Z)_110L1
line,292,CUN(I)(Z)>SLI(I)(Z)_110L1
line,293,CUR(I)(Z)>BKM(I)(Z)_110L1
line,294,CUR(I)(Z)>NEN(I)(Z)_110L1
line,295,CUS(I)(Z)>MLC(I)(Z)_110L1
line,296,CUS(I)(Z)>NEW(I)(Z)_110L1
line,297,CUS(I)(Z)>PLS(I)(Z)_110L1
line,298,CUS(I)(Z)>PPT(I)(Z)_110L1
line,299,CVW(I)(Z)>COW(I)(Z)_110L1
line,300,CVW(I)(Z)>DKL(I)(Z)_110L1
line,301,CVW(I)(Z)>KRA(I)(Z)_110L1
line,302,DAL(I)(Z)>DAL(I)(T)_110L1
line,303,DDK(I)(Z)>LOU(I)(Z)_110L1
line,304,DDK(I)(Z)>MLN(I)(Z)_110L1
line,305,DER(I)(Z)>KIN(I)(Z)_110L1
line,306,DER(I)(Z)>TEN(I)(Z)_110L1
line,307,TEN(I)(Z)>MAY(I)(Z)_110L1
line,308,DER(I)(Z)>TSB(I)(Z)_110L1
line,309,DEY(I)(Z)>DAL(I)(T)_110L1
line,310,DEY(I)(Z)>PLS(I)(Z)_110L1
line,311,DFR(I)(T)>DFR(I)(Z)_110L1
line,312,DFR(I)(Z)>MGT(I)(Z)_110L1
line,313,DGN(I)(Z)>WHE(I)(Z)_110L1
line,314,DGN(I)(Z)>RTO(I)(Z)_110L1
line,315,DMY(I)(Z)>CDN(I)(Z)_110L1
line,316,DMY(I)(Z)>MAC(I)(Z)_110L1
line,317,DON(N)(Z)>FIN(N)(Z)_110L1
line,318,DON(N)(Z)>FIN(N)(Z)_110L2
line,319,DON(N)(Z)>HAN(N)(Z)_110L1
line,320,DON(N)(Z)>HAN(N)(Z)_110L2
line,321,DRM(I)(Z)>CLO(I)(Z)_110L1
line,322,DRM(I)(Z)>LET(I)(Z)_110L1
line,323,DRM(I)(Z)>MEE(I)(Z)_110L1
line,324,DRO(N)(Z)>ENN(N)(Z)_110L1
line,325,DRO(N)(Z)>ENN(N)(Z)_110L2
line,326,DRO(N)(Z)>OMA(N)(Z)_110L1
line,327,DRO(N)(Z)>OMA(N)(Z)_110L2
line,328,DRQ(N)(Z)>DRO(N)(Z)_110L1
line,329,DRU(I)(Z)>ENN(I)(Z)_110L1
line,330,DRU(N)(Z)>TAN(N)(Z)_110L1
line,331,DRU(N)(Z)>TAN(N)(Z)_110L2
line,332,DRU(N)(Z)>TAN(N)(Z)_110L3
line,333,DRU(N)(Z)>TMN(N)(Z)_110L1
line,334,DRU(N)(Z)>TMN(N)(Z)_110L2
line,335,DRY(I)(Z)>GOR(I)(Z)_110L1
line,336,DRY(I)(Z)>LOU(I)(Z)_110L1
line,337,DRY(I)(Z)>PLA(I)(Z)_110L1
line,338,DRY(I)(Z)>OBE(I)(Z)_110L1
line,339,DSN(I)(Z)>KLS(I)(Z)_220L1
line,340,DSN(I)(Z)>MAY(I)(Z)_220L1
line,341,DSN(I)(Z)>MAY(I)(Z)_220L2
line,342,DSN(I)(Z)>MAY(I)(Z)_220L3
line,343,DSN(I)(Z)>MP(I)(Z)_380L1
line,344,DSN(I)(Z)>TH(I)(Z)_220L1
line,345,DTN(I)(Z)>BLC(I)(Z)_110L1
line,346,DTN(I)(Z)>FIN(I)(Z)_110L1
line,347,DTN(I)(Z)>KLM(I)(Z)_110L1
line,348,DUN(N)(Z)>OMA(N)(Z)_110L1
line,349,DUN(N)(Z)>TMN(N)(Z)_110L1
line,350,DUN(N)(Z)>TMN(N)(Z)_110L2
line,351,DUN(N)(Z)>TMN(N)(Z)_110L3
line,352,ENN(I)(Z)>SLC(I)(Z)_110L1
line,353,FIN(I)(Z)>GLA(I)(Z)_110L1
line,354,FIN(I)(Z)>GRA(I)(Z)_110L1
line,355,FIN(I)(Z)>HN(I)(Z)_220L1
line,356,FIN(I)(Z)>MCD(I)(Z)_110L1
line,357,FIN(I)(Z)>NW(I)(Z)_220L1
line,358,FIN(I)(Z)>POP(I)(Z)_110L1
line,359,FIN(I)(Z)>PTN(I)(Z)_110L1
line,360,FIN(I)(Z)>SHL(I)(Z)_220L1
line,361,FIN(I)(Z)>SVN(I)(Z)_110L1
line,362,FIN(N)(Z)>HAN(N)(Z)_110L1
line,363,FIN(N)(Z)>HAN(N)(Z)_110L2
line,364,FLA(I)(Z)>GIL(I)(Z)_110L1
line,365,FLA(I)(Z)>LOU(I)(Z)_220L1
line,366,FLA(I)(Z)>SLB(I)(Z)_110L1
line,367,FLA(I)(Z)>SLI(I)(Z)_110L1
line,368,FLA(I)(Z)>SRA(I)(Z)_220L1
line,369,FLA(I)(Z)>TON(I)(Z)_110L1
line,370,FRS(I)(Z)>HAR(I)(Z)_110L1
line,371,FRS(I)(Z)>HEU(I)(Z)_110L1
line,372,FRS(I)(Z)>INC(I)(Z)_110L1
line,373,FRS(I)(Z)>TRN(I)(Z)_110L1
line,374,GAL(I)(Z)>SAL(I)(Z)_110L1
line,375,GAL(I)(Z)>SEE(I)(Z)_110L1
line,376,CDU(I)(Z)>GAN(I)(Z)_110L1
line,377,GCA(I)(Z)>GRI(I)(T)_110L1
line,378,GCA(I)(Z)>INC(I)(Z)_110L1
line,379,GCA(I)(Z)>INC(I)(Z)_110L2
line,380,GCA(I)(Z)>NAN(I)(Z)_110L1
line,381,GCA(I)(Z)>NAN(I)(Z)_110L2
line,382,GGO(I)(Z)>RAF(I)(Z)_220L1
line,383,GI(I)(Z)>KKY(I)(Z)_110L1
line,384,GI(I)(Z)>KLS(I)(Z)_220L1
line,385,GI(I)(Z)>LWD(I)(Z)_220L1
line,386,GI(I)(Z)>LWN(I)(Z)_220L1
line,387,GI(I)(Z)>WAT(I)(Z)_110L1
line,388,GI(I)(Z)>WAT(I)(Z)_110L2
line,389,GI(I)(Z)>ROP(I)(Z)_110L1
line,390,ROP(I)(Z)>WEX(I)(Z)_110L1
line,391,GLA(I)(Z)>SVN(I)(Z)_110L1
line,392,GLE(I)(Z)>KCR(I)(Z)_110L1
line,393,GLE(N)(Z)>KEL(N)(Z)_110L1
line,394,GLE(N)(Z)>KEL(N)(Z)_110L2
line,395,GOL(I)(Z)>GOL(I)(T)_110L1
line,396,GOR(I)(Z)>LOU(I)(Z)_220L1
line,397,GOR(I)(Z)>MAY(I)(Z)_220L1
line,398,GOR(I)(Z)>MTH(I)(Z)_110L1
line,399,GOR(I)(Z)>NAV(I)(Z)_110L1
line,400,GOR(I)(Z)>NAV(I)(Z)_110L2
line,401,GOR(I)(Z)>NAV(I)(Z)_110L3
line,402,GOR(I)(Z)>GRH(I)(Z)_110L1
line,403,GRH(I)(Z)>PLA(I)(Z)_110L1
line,404,GOR(N)(Z)>OMA(N)(Z)_110L1
line,405,GOR(N)(Z)>TMN(N)(Z)_110L1
line,406,GRA(I)(Z)>NBY(I)(Z)_110L1
line,407,GRI(I)(T)>MAY(I)(Z)_110L1
line,408,GRI(I)(Z)>GRI(I)(T)_110L1
line,409,GRO(I)(Z)>BVK(I)(Z)_110L1
line,410,HAN(N)(Z)>BYC(N)(Z)_275L1
line,411,HAN(N)(Z)>LIS(N)(Z)_110L1
line,412,HAN(N)(Z)>LIS(N)(Z)_110L2
line,413,HAR(I)(Z)>RE(I)(Z)_110L1
line,414,HEU(I)(Z)>INC(I)(Z)_110L1
line,415,HWN(I)(Z)>MGT(I)(Z)_110L1
line,416,HWN(I)(Z)>KIN(I)(Z)_110L1
line,417,HWN(I)(Z)>DFR(I)(T)_110L1
line,418,IA(I)(Z)>MAC(I)(Z)_110L1
line,419,IKE(I)(Z)>IKE(I)(T)_110L1
line,420,INC(I)(Z)>ISH(I)(Z)_220L1
line,421,INC(I)(Z)>MIL(I)(Z)_110L1
line,422,INC(I)(Z)>PB(I)(Z)_220L1
line,423,INC(I)(Z)>PB(I)(Z)_220L2
line,424,ISH(I)(Z)>SHL(I)(Z)_220L1
line,425,KBY(I)(Z)>KRA(I)(Z)_110L1
line,426,KBY(I)(Z)>KRA(I)(Z)_110L2
line,427,KBY(I)(Z)>MAL(I)(Z)_110L1
line,428,KBY(I)(Z)>MR(I)(Z)_110L1
line,429,KBY(I)(Z)>MR(I)(Z)_110L2
line,430,KEL(N)(Z)>KPS(N)(Z)_275L1
line,431,KEL(N)(Z)>KPS(N)(Z)_275L2
line,432,KEL(N)(Z)>MAG(N)(Z)_275L1
line,433,KEL(N)(Z)>RSK(N)(Z)_110L1
line,434,KER(I)(Z)>OUG(I)(T)_110L1
line,435,KIN(I)(Z)>DFR(I)(T)_110L1
line,436,KIN(I)(Z)>MUL(I)(Z)_110L1
line,437,KLH(I)(Z)>THU(I)(Z)_110L1
line,438,KLM(I)(Z)>NBY(I)(Z)_110L1
line,439,KLM(I)(Z)>POP(I)(Z)_110L1
line,440,KLN(I)(Z)>CUR(I)(Z)_110L1
line,441,KLN(I)(Z)>KPG(I)(Z)_220L1
line,442,KLN(I)(Z)>KRA(I)(Z)_220L1
line,443,KLN(I)(Z)>LIM(I)(Z)_110L1
line,444,KLN(I)(Z)>LIM(I)(Z)_110L2
line,445,KLN(I)(Z)>SH(I)(Z)_220L1
line,446,KLN(I)(Z)>SNG(I)(Z)_110L1
line,447,KLP(I)(Z)>CNG(I)(Z)_110L1
line,448,KLP(I)(Z)>KNR(I)(Z)_110L1
line,449,KLP(I)(Z)>KNR(I)(Z)_220L1
line,450,KLP(I)(Z)>KNR(I)(Z)_220L2
line,451,KLP(I)(Z)>MP(I)(Z)_220L1
line,452,KLP(I)(Z)>MP(I)(Z)_220L2
line,453,KLP(I)(Z)>RAT(I)(Z)_110L1
line,454,KLP(I)(Z)>TB(I)(Z)_110L1
line,455,KLP(I)(Z)>TB(I)(Z)_110L2
line,456,KLP(I)(Z)>TB(I)(Z)_220L1
line,457,KLP(I)(Z)>TB(I)(Z)_220L2
line,458,KLP(I)(Z)>TRL(I)(Z)_110L1
line,459,KLP(I)(Z)>TRL(I)(Z)_110L2
line,460,KLS(I)(Z)>KKY(I)(Z)_110L1
line,461,KMT(N)(Z)>SLK(N)(Z)_110L1
line,462,KMT(N)(Z)>STR(N)(Z)_110L1
line,463,KNR(I)(Z)>BYH(I)(Z)_220L1
line,464,KNR(I)(Z)>TRI(I)(Z)_110L1
line,465,KNR(I)(Z)>TRI(I)(Z)_110L2
line,466,KNY(I)(Z)>BUF(I)(Z)_110L1
line,467,KNY(I)(Z)>KLH(I)(Z)_110L1
line,468,KNY(I)(Z)>SAL(I)(Z)_110L1
line,469,KNY(I)(Z)>SCR(I)(Z)_110L1
line,470,KNY(I)(Z)>UGL(I)(Z)_110L1
line,471,KPS(N)(Z)>TAN(N)(Z)_275L1
line,472,KRA(I)(Z)>BAR(I)(T)_110L1
line,473,KRA(I)(Z)>LGT(I)(T)_110L1
line,474,KRA(I)(Z)>MEN(I)(Z)_110L1
line,475,KRA(I)(Z)>MID(I)(Z)_110L1
line,476,KRA(I)(Z)>RAF(I)(Z)_220L1
line,477,KRA(I)(Z)>WHO(I)(Z)_110L1
line,478,KTL(I)(Z)>MAY(I)(Z)_110L1
line,479,KTL(I)(Z)>MON(I)(Z)_110L1
line,480,KTN(I)(Z)>WAT(I)(Z)_110L1
line,481,KUD(I)(Z)>CBT(I)(Z)_110L1
line,482,KUR(I)(Z)>NAV(I)(Z)_110L1
line,483,KYT(I)(Z)>MAY(I)(Z)_220L1
line,484,KYT(I)(Z)>WOO(I)(Z)_220L1
line,485,LA(I)(Z)>MUL(I)(Z)_110L1
line,486,LA(I)(Z)>RIC(I)(Z)_110L1
line,487,LA(I)(Z)>RIC(I)(Z)_110L2
line,488,LA(I)(Z)>SLB(I)(Z)_110L1
line,489,LNA(I)(Z)>TIV(I)(Z)_110L1
line,490,LCK(I)(Z)>MUL(I)(Z)_110L1
line,491,LET(I)(Z)>GOL(I)(T)_110L1
line,492,LET(I)(Z)>STR(N)(Z)_110L1
line,493,LET(I)(Z)>TIV(I)(Z)_110L1
line,494,LET(I)(Z)>TLK(I)(Z)_110L1
line,495,LET(I)(Z)>LNA(I)(Z)_110L1
line,496,LIB(I)(Z)>MR(I)(Z)_110L1
line,497,LIB(I)(Z)>MR(I)(Z)_110L2
line,498,LIM(I)(Z)>MTN(I)(Z)_110L1
line,499,LIM(I)(Z)>RAT(I)(Z)_110L1
line,500,LIS(I)(Z)>LOU(I)(Z)_110L1
line,501,LIS(I)(Z)>LSA(I)(T)_110L1
line,502,LSA(I)(T)>SKL(I)(Z)_110L1
line,503,LIS(N)(Z)>TAN(N)(Z)_110L1
line,504,LIS(N)(Z)>TAN(N)(Z)_110L2
line,505,LOU(I)(Z)>MLN(I)(Z)_110L1
line,506,LOU(I)(Z)>MTH(I)(Z)_110L1
line,507,LOU(I)(Z)>RRU(I)(Z)_110L1
line,508,LOU(I)(Z)>TAN(N)(Z)_275L1
line,509,LOU(I)(Z)>TAN(N)(Z)_275L2
line,510,LOU(I)(Z)>WOO(I)(Z)_220L1
line,511,LSA(I)(Z)>LSA(I)(T)_110L1
line,512,LSN(I)(Z)>THU(I)(Z)_110L1
line,513,MAG(N)(Z)>TMN(N)(Z)_275L1
line,514,MAG(N)(Z)>TMN(N)(Z)_275L2
line,515,MAY(I)(Z)>BLK(I)(Z)_110L1
line,516,MAY(I)(Z)>GRI(I)(Z)_110L1
line,517,MAY(I)(Z)>RNW(I)(Z)_110L1
line,518,MAY(I)(Z)>RYB(I)(Z)_110L1
line,519,MAY(I)(Z)>SH(I)(Z)_220L1
line,520,MAY(I)(Z)>TH(I)(Z)_220L1
line,521,MAY(I)(Z)>WOO(I)(Z)_220L1
line,522,MCD(I)(Z)>NQS(I)(Z)_110L1
line,523,MCD(I)(Z)>WOL(I)(Z)_110L1
line,524,MHL(I)(Z)>RE(I)(Z)_110L1
line,525,MHL(I)(Z)>TRN(I)(Z)_110L1
line,526,MID(I)(Z)>WHI(I)(Z)_110L1
line,527,MID(I)(Z)>LGT(I)(Z)_110L1
line,528,MIL(I)(Z)>RE(I)(Z)_110L1
line,529,MIL(I)(Z)>RE(I)(Z)_110L2
line,530,MKL(N)(Z)>OMA(N)(Z)_110L1
line,531,MLC(I)(Z)>TSB(I)(Z)_110L1
line,532,MNH(I)(Z)>MTA(I)(Z)_110L1
line,533,MOY(I)(Z)>TAW(I)(Z)_110L1
line,534,MOY(I)(Z)>TAW(I)(Z)_110L2
line,535,MP(I)(Z)>OST(I)(Z)_380L1
line,536,MP(I)(Z)>PRO(I)(Z)_220L1
line,537,MP(I)(Z)>TBK(I)(T)_110L1
line,538,MR(I)(Z)>TBG(I)(Z)_110L1
line,539,MR(I)(Z)>TBG(I)(Z)_110L2
line,540,MTN(I)(Z)>MUN(I)(Z)_110L1
line,541,MTN(I)(Z)>MUN(I)(Z)_110L2
line,542,NEW(I)(Z)>BLK(I)(Z)_110L1
line,543,NEW(I)(Z)>PLS(I)(Z)_110L1
line,544,NEW(N)(Z)>TAN(N)(Z)_110L1
line,545,NEW(N)(Z)>TAN(N)(Z)_110L2
line,546,NQS(I)(Z)>RE(I)(Z)_110L1
line,547,NW(I)(Z)>PB(I)(Z)_220L1
line,548,OMA(N)(Z)>STR(N)(Z)_110L1
line,549,OMA(N)(Z)>STR(N)(Z)_110L2
line,550,OMA(N)(Z)>TRE(N)(Z)_110L1
line,551,ONH(I)(Z)>MOY(I)(Z)_110L1
line,552,OST(I)(Z)>TYN(I)(Z)_220L1
line,553,OST(I)(Z)>WOO(I)(Z)_380L1
line,554,OUG(I)(Z)>OUG(I)(T)_110L1
line,555,PA(I)(Z)>STR(I)(T)_110L1
line,556,PB(I)(Z)>CKM(I)(Z)_220L1
line,557,PB(I)(Z)>RE(I)(Z)_110L1
line,558,PB(I)(Z)>RE(I)(Z)_110L2
line,559,PB(I)(Z)>SHL(I)(Z)_220L1
line,560,PLA(I)(Z)>OBE(I)(Z)_220L1
line,561,PPT(I)(Z)>PLS(I)(Z)_110L1
line,562,PRO(I)(Z)>TB(I)(Z)_220L1
line,563,RAF(I)(Z)>RSY(I)(Z)_110L1
line,564,RAF(I)(Z)>TBG(I)(Z)_110L1
line,565,RAF(I)(Z)>TBG(I)(Z)_110L2
line,566,RE(I)(Z)>WBK(I)(Z)_110L1
line,567,REM(I)(Z)>TRL(I)(Z)_110L1
line,568,RNW(I)(Z)>DFR(I)(T)_110L1
line,569,RRU(I)(Z)>SKL(I)(Z)_110L1
line,570,SBH(I)(Z)>MCE(I)(Z)_110L1
line,571,SH(I)(Z)>DAL(I)(T)_110L1
line,572,SH(I)(Z)>IKE(I)(T)_110L1
line,573,SH(I)(Z)>SOM(I)(T)_110L1
line,574,SLI(I)(Z)>SRA(I)(Z)_110L1
line,575,SLI(I)(Z)>SRA(I)(Z)_110L2
line,576,SOM(I)(Z)>SOM(I)(T)_110L1
line,577,SOR(I)(Z)>TLK(I)(Z)_110L1
line,578,STR(I)(Z)>STR(I)(T)_110L1
line,579,TAN(N)(Z)>TMN(N)(Z)_275L1
line,580,TAN(N)(Z)>TMN(N)(Z)_275L2
line,581,TAN(N)(Z)>WAR(N)(Z)_110L1
line,582,TAN(N)(Z)>WAR(N)(Z)_110L2
line,583,TBK(I)(Z)>TBK(I)(T)_110L1
line,584,THU(I)(Z)>IKE(I)(T)_110L1
line,585,TRE(N)(Z)>TMN(N)(Z)_110L1
line,586,TRL(I)(Z)>OUG(I)(T)_110L1
line,587,WOO(I)(Z)>PRT(I)(Z)_380L1
line,588,AD_T2101
line,589,ARK_T2101
line,590,ARK_T2102
line,591,BLC_T2101
line,592,BVK_T2101
line,593,BVK_T2102
line,594,BYH_T2101
line,595,BYH_T2102
line,596,CBT_T2101
line,597,CBT_T2102
line,598,CBT_T2103
line,599,CBT_T2104
line,600,CDU_T2101
line,601,CDU_T2102
line,602,CKM_T2101
line,603,CKM_T2102
line,604,CKM_T2103
line,605,CKM_T2104
line,606,CLA_T2102
line,607,CSH_T2101
line,608,CSH_T2102
line,609,CSH_T2104
line,610,CNB_T4101
line,611,CNB_T4102
line,612,CUL_T2101
line,613,DSN_T4201
line,614,DSN_T4202
line,615,FIN_T2101
line,616,FIN_T2102
line,617,FIN_T2103
line,618,FIN_T2104
line,619,FIN_T2105
line,620,FLA_T2101
line,621,FLA_T2102
line,622,GI_T2101
line,623,GI_T2102
line,624,GOR_T2101
line,625,INC_T2102
line,626,INC_T2104
line,627,INC_T2101
line,628,INC_T2103
line,629,KLN_T2101
line,630,KLN_T2102
line,631,KLN_T2103
line,632,KLN_T2104
line,633,KLP_T2101
line,634,KLP_T2102
line,635,KLS_T2101
line,636,KLS_T2102
line,637,KNR_T2101
line,638,KNR_T2102
line,639,BLC_BELCAMP
line,640,CLA_T2101
line,641,KRA_T2101
line,642,KRA_T2102
line,643,LWD_T2101
line,644,LOU_T2101
line,645,LOU_T2103
line,646,LOU_T2102
line,647,LOU_T2104
line,648,LOU_AT1
line,649,LOU_AT2
line,650,LOU_AT3
line,651,MAY_T2101
line,652,MAY_T2102
line,653,MAY_T2103
line,654,MAY_T2104
line,655,MP_T4202_01
line,656,MP_T2101
line,657,MP_T4202_2
line,658,OST_T4202
line,659,PB_T2103
line,660,PB_T2104
line,661,RAF_T2101
line,662,RAF_T2102
line,663,SH_T2102
line,664,SH_T2101
line,665,SRA_T2102
line,666,TB_T2101
line,667,TB_T2102
line,668,WOO_T4201
line,669,WOO_T4202
line,670,WOO_T4204
line,671,WOO_WOODLAND
line,672,AGH_1
line,673,AIR_1
line,674,AIR_2
line,675,ANT_1
line,676,ANT_2
line,677,MKL_1
line,678,MKL_2
line,679,BMA_1
line,680,BMA_2
line,681,BMA_3
line,682,BMA_4
line,683,BAN_1
line,684,BAN_2
line,685,BAN_3
line,686,BAN_4
line,687,BNH_1
line,688,BNH_2
line,689,BNM_1
line,690,BNM_2
line,691,BRO
line,692,CAR_1
line,693,CAR_2
line,694,CEN_1
line,695,CEN_2
line,696,COL (N)_1
line,697,COL (N)_2
line,698,CPS_1_110/33
line,699,CPS_2_110/33
line,700,CRG_1
line,701,CRG_2
line,702,CRE_1
line,703,CRE_2
line,704,DON_1
line,705,DON_2
line,706,DON_3
line,707,DON_4
line,708,DRU (N)_1
line,709,DRU (N)_2
line,710,DUN_1
line,711,DUN_2
line,712,EDE_1
line,713,EDE_2
line,714,ENN (N)_1
line,715,ENN (N)_2
line,716,ENN (N)_3
line,717,FIN (N)_1
line,718,FIN (N)_2
line,719,GLE (N)
line,720,GOR (N)
line,721,KMT
line,722,KNO_1
line,723,KNO_2
line,724,LAR_1
line,725,LAR_2
line,726,LIM (N)_1
line,727,LIM (N)_2
line,728,LIS (N)_1
line,729,LIS (N)_2
line,730,LMR_1
line,731,LMR_2
line,732,LOG_1
line,733,LOG_2
line,734,NAR_1
line,735,NAR_2
line,736,NEW (N)_1
line,737,NEW (N)_2
line,738,OMA_1
line,739,OMA_2
line,740,RSK
line,741,RAT (N)_1
line,742,RAT (N)_2
line,743,ROS_1
line,744,ROS_2
line,745,SPR_1
line,746,SPR_2
line,747,STR (N)_1
line,748,STR (N)_2
line,749,TRE
line,750,TMN
line,751,WAR_1
line,752,WAR_2
line,753,BPS_1
line,754,BPS_2
line,755,CAS_1
line,756,CAS_2
line,757,CAS_3
line,758,CPS_1
line,759,CPS_2
line,760,HAN_1
line,761,HAN_2
line,762,HAN_3
line,763,KEL_1
line,764,KEL_2
line,765,TAN_1
line,766,TAN_2
line,767,TAN_3
line,768,TMN_1
line,769,TMN_2
farm,0,Cark
farm,1,Knock South Wind Farm (2)
farm,2,Tursillagh Wind Farm
farm,3,Kingsmountain (1)
farm,4,Arklow Bank Wind Farm (1)
farm,5,Raheen Barr Wind Farm
farm,6,Tursillagh (2) Wind Farm
farm,7,Meentycat (1)
farm,8,Gartnaneane (1) Wind Farm
farm,9,Gartnaneane II Wind Farm
farm,10,Moanmore Wind Farm
farm,11,Ballywater (1)
farm,12,Booltiagh (1)
farm,13,Derrybrien (1)
farm,14,Coomagearlahy (1)
farm,15,Taurbeg Wind Farm
farm,16,Sorne Hill Wind Farm
farm,17,Dunmore Wind Farm
farm,18,Richfield Wind Farm (2)
farm,19,Beam Hill Wind Farm
farm,20,Richfield Wind Farm
farm,21,Tournafulla Wind Farm (1)
farm,22,Midas (1)
farm,23,Ballywater (2)
farm,24,Tournafulla (2) Wind Farm
farm,25,Mountain Lodge (2)
farm,26,Pallas Wind Farm
farm,27,Coomacheo (1)
farm,28,Knockawarriga Wind Farm
farm,29,Mountain Lodge Wind Farm
farm,30,Mountain Lodge (3)
farm,31,Coomagearlahy (2)
farm,32,Dunmore 2
farm,33,Coomagearlahy (3)
farm,34,Sorne Hill (2)
farm,35,Coomacheo (2)
farm,36,Lisheen (1)
farm,37,Meentycat (2)
farm,38,Bindoo (1a)
farm,39,Dromada (1)
farm,40,Boggeragh (1)
farm,41,Muingnaminnane Wind Farm
farm,42,Kingsmountain (2)
farm,43,Garvagh - Glebe (1a)
farm,44,Gortahile Wind Farm
farm,45,Castledockrell (2)
farm,46,Castledockrell (3)
farm,47,Castledockrell (1)
farm,48,Castledockrell (4)
farm,49,Rathcahill West Wind Farm
farm,50,Dromdeeveen Wind Farm (1)
farm,51,Grouse Lodge Wind Farm
farm,52,Carraigcannon Wind Farm
farm,53,Tullynamoyle
farm,54,Dromdeeveen Wind Farm (2)
farm,55,Glenough Wind Farm
farm,56,Carrowleagh Wind Farm (1)
farm,57,Ballycadden Wind Farm (1)
farm,58,Ballycadden Wind Farm (2)
farm,59,Garracummer Wind Farm
farm,60,Gibbet Hill Wind Farm
farm,61,Lisheen (1a)
farm,62,Booltiagh (2)
farm,63,Knocknagoum (1)
farm,64,Knocknagoum (2)
farm,65,Athea (1a)
farm,66,Mountlucas (1)
farm,67,Leitir Guingaid Wind Farm
farm,68,Monaincha Bog Wind Farm (Gate 3)
farm,69,Monaincha Bog Wind Farm (Gate 2)
farm,70,Bruckana
farm,71,Kill Hill (1) - phase 1
farm,72,Garracummer (2)
farm,73,Woodhouse (1)
farm,74,Barranafaddock Wind Farm
farm,75,Acres Wind Farm
farm,76,Cloghboola (1)
farm,77,Boggeragh (2)
farm,78,Raheenleagh (1)
farm,79,Grove Hill Windfarm (formerly Tullynageer WF)
farm,80,Glencarbry Wind Farm
farm,81,Sliabh Bawn (1)
farm,82,Killaveenoge Windfarm - (Derryvacorneen merge with Barrboy)
farm,83,Ugool (1)
farm,84,Seecon (1)
farm,85,Tullabrack Wind Farm
farm,86,Moneypoint (1)
farm,87,Killaveenoge Windfarm (Derryvacorneen merge with Barrboy Windfarm)
farm,88,Tullynamoyle Wind Farm 3 (Carrane Hill Merged Capacity)
farm,89,Tullynamoyle Wind Farm 3 (Formerly Geevagh 2)
farm,90,Cappawhite A Wind Farm (Gate 2)
farm,91,Cappawhite A Wind Farm (Gate 3)
farm,92,Tullynamoyle 2 Wind Farm
farm,93,Knocknatallig Wind Farm (formerly Buttevant Wind Farm)
farm,94,Castlepook (1)
farm,95,Scartaglen 2 Wind Farm
farm,96,Scartaglen Wind Farm
farm,97,Coollegrean Wind Farm
farm,98,Glanaruddery 2 (formerly Dromadda More 2)
farm,99,Glanaruddery 1 (formerly Dromadda More Wind Farm)
farm,100,Cordal (2)
farm,101,Cordal (1)
farm,102,Cloghaneleskirt Wind Farm
farm,103,Clahane
farm,104,Kelwin Power
farm,105,Carrickallen Wind Farm
farm,106,Knockalassa (formerly Keelderry)
farm,107,Boolinrudda (formerly Boolynagleragh & Glenmore)
farm,108,Knockalough (1)
farm,109,Ballycumber Wind Farm
farm,110,Carrowleagh Wind Farm Ext. (2)
farm,111,Killala Wind Farm (Phase 1)
farm,112,Lissycasey Wind Farm
farm,113,Cronalaght Wind Farm 2
farm,114,Oweninny Power (1)
farm,115,Boolynagleragh (1)
farm,116,Cleanrath Wind Farm
farm,117,Derrysallagh Wind Farm (Formerly Kilronan 2)
farm,118,Grousemount WF
farm,119,Clogheravaddy Wind Farm (Phase 1)
farm,120,Bunnyconnellan Wind Farm
farm,121,Raragh 2 Wind Farm
farm,122,Beenanaspock and Tobertooreen Wind Farm
farm,123,Black Lough Wind Farm
farm,124,Esk Wind Farm Phase 2
farm,125,Esk Wind Farm Phase 1
farm,126,Esk Wind Farm Phase 1
farm,127,Carrigdangan (formerly Barnadivane)
farm,128,Clogheravaddy Wind Farm (Phase 2)
