name,v_nom,x,y,v_mag_pu_set,control,generator,sub_network,psse_name,station,psse_type,area,zone,jurisdiction,v_ang_psse,geocode_method
1021,110.0,-8.6163685,52.7049873,1.05,PQ,10271-1,0,ARDNACRUSHA,ARDNACRUSHA,1.0,4.0,4.0,IE,7.8654,exact
1031,110.0,,,1.05,PQ,10371-1,0,BALRUNTAGH,BALRUNTAGH,1.0,7.0,7.0,IE,-4.4736,
1041,110.0,-8.227215,51.8356384,1.05145,PQ,,0,AGHADA,AGHADA,1.0,10.0,10.0,IE,13.9102,exact
1042,220.0,-8.227215,51.8356384,1.06,PQ,,0,AGHADA,AGHADA,1.0,10.0,10.0,IE,17.796,exact
1052,220.0,-8.2298695,51.8324792,1.06,PQ,,0,AGHADA_B,AGHADA_B,1.0,10.0,10.0,IE,17.796,prefix
1061,110.0,-8.0755119,54.0945702,1.05405,PQ,10671-2,0,ARIGNA,ARIGNA,1.0,1.0,1.0,IE,-0.6,exact
1062,220.0,-8.2298695,51.8324792,1.06,PQ,,0,AGH_AT14,AGH_AT14,1.0,10.0,10.0,IE,17.796,coupled
1071,110.0,-8.5499195,53.0367354,1.05204,PQ,,0,AGANNYGAL,AGANNYGAL,1.0,4.0,4.0,IE,8.83,exact
1072,220.0,-8.227215,51.8356384,1.05991,PQ,,0,AGHT2102,AGHT2102,1.0,10.0,10.0,IE,17.7778,coupled
1081,110.0,-8.5076209,52.6617276,1.04921,PQ,10811-1,0,AHANE,AHANE,1.0,8.0,8.0,IE,8.3663,exact
1091,110.0,-6.4790891,53.3403233,1.0396,PQ,,0,ADAMSTOWN,ADAMSTOWN,1.0,11.0,11.0,IE,-8.4866,exact
1101,110.0,-7.6492028,52.3719788,1.05097,PQ,,0,ANNER,ANNER,1.0,8.0,8.0,IE,6.6681,exact
1121,110.0,-6.147732,52.8151839,1.03889,PQ,11271-1,0,ARKLOW,ARKLOW,1.0,9.0,9.0,IE,1.905,exact
1122,220.0,-6.147732,52.8151839,1.04392,PQ,,0,ARKLOW,ARKLOW,1.0,9.0,9.0,IE,2.7505,exact
1131,110.0,-9.3004089,52.43755,1.05,PQ,11371-1,0,ATHEA,ATHEA,1.0,5.0,5.0,IE,12.2227,exact
1141,110.0,-7.9745082,53.4230436,1.07361,PQ,11412-1,0,ATHLONE,ATHLONE,1.0,3.0,3.0,IE,7.0873,exact
1151,110.0,,,1.05033,PQ,11571-1,0,BALLINKNOCKA,BALLINKNOCKA,1.0,5.0,5.0,IE,11.4519,
1161,110.0,-9.0514195,52.6252455,1.05,PQ,,0,AUGHINISH,AUGHINISH,1.0,5.0,5.0,IE,11.6395,exact
1181,110.0,-7.4943716,53.9086252,1.04923,PQ,,0,ARVA,ARVA,1.0,7.0,7.0,IE,-4.8669,exact
1201,110.0,-6.2094672,53.382358,1.04553,PQ,,0,ARTANE,ARTANE,1.0,11.0,11.0,IE,-4.7277,exact
1211,110.0,-9.0797175,52.0059847,1.05875,PQ,,0,BALLYVOUSKIL,BALLYVOUSKIL,1.0,5.0,5.0,IE,14.0864,truncated
1212,220.0,-9.0797175,52.0059847,1.05762,PQ,,0,BALLYVOUSKIL,BALLYVOUSKIL,1.0,5.0,5.0,IE,13.4385,truncated
1221,110.0,-6.9993402,52.9934345,1.03063,PQ,12271-1,0,ATHY,ATHY,1.0,11.0,11.0,IE,1.339,exact
1231,110.0,-6.2495207,52.5378526,1.04738,PQ,12371-1,0,BALLYWATER,BALLYWATER,1.0,9.0,9.0,IE,5.3603,exact
1243,365.0,,,1.01547,PQ,,0,CELTIC,CELTIC,2.0,10.0,10.0,IE,15.8571,
1244,380.0,,,1.05131,PQ,,0,CELTIC,CELTIC,1.0,10.0,10.0,IE,15.8571,
1251,110.0,-9.240483,52.7756037,1.05571,PQ,12571-1,0,BOOLTIAGH,BOOLTIAGH,1.0,4.0,4.0,IE,8.6748,exact
1261,110.0,,,1.03776,PQ,,0,BALDONNELL,BALDONNELL,1.0,11.0,11.0,IE,-6.882,
1271,110.0,-6.4401389,53.5454415,1.03158,PQ,12771-1,0,BALTRASNA,BALTRASNA,1.0,7.0,7.0,IE,-5.1728,exact
1281,110.0,-9.4296621,51.7239932,1.0488,PQ,12872-DW,0,BALLYLICKEY,BALLYLICKEY,1.0,6.0,6.0,IE,10.2152,exact
1301,110.0,-6.0958665,52.9909581,1.03992,PQ,13011-1,0,BALLYBEG,BALLYBEG,1.0,9.0,9.0,IE,-0.5456,exact
1311,110.0,-9.2855811,52.2145657,1.05078,PQ,13170-1,0,CORDAL,CORDAL,1.0,5.0,5.0,IE,13.6869,exact
1321,110.0,-6.8812414,53.2886399,1.02351,PQ,,0,BLAKE,BLAKE,1.0,11.0,11.0,IE,-4.3972,exact
1331,110.0,-6.5335903,53.444432,1.03981,PQ,13371-1,0,BLUNDELSTOWN,BLUNDELSTOWN,1.0,11.0,11.0,IE,-4.8431,exact
1341,110.0,-8.2634291,54.7189369,1.04461,PQ,13471-1,0,BINBANE,BINBANE,1.0,1.0,1.0,IE,-8.1696,exact
1351,110.0,-6.7752554,53.1859251,1.0285,PQ,,0,BARODA,BARODA,1.0,11.0,11.0,IE,-4.2353,exact
1361,110.0,-7.5207213,52.361399,1.04659,PQ,13671-1,0,BALLYDINE,BALLYDINE,1.0,8.0,8.0,IE,7.3041,exact
1371,110.0,-6.3698501,53.4042822,1.03176,PQ,,0,BARNAGEERAGH,BARNAGEERAGH,1.0,11.0,11.0,IE,-5.161,exact
1381,110.0,-8.3442652,51.8284805,1.05052,PQ,13871-1,0,BARNAHELY,BARNAHELY,1.0,10.0,10.0,IE,12.8511,exact
1392,220.0,-7.3211845,53.3981429,1.03693,PQ,13904-1,0,CASTLELOST,CASTLELOST,1.0,3.0,3.0,IE,7.8053,exact
1401,110.0,-9.5787377,54.1205007,1.05,PQ,14073-3,0,BELLACORICK,BELLACORICK,1.0,2.0,2.0,IE,9.7037,exact
1411,110.0,-6.3674201,53.2968693,1.05665,PQ,,0,AIRTON,AIRTON,1.0,11.0,11.0,IE,-6.2379,exact
1421,110.0,-6.1746313,53.2914859,1.04952,PQ,,0,BLACKROCK,BLACKROCK,1.0,11.0,11.0,IE,-7.9235,exact
1431,110.0,-7.342814,52.7988347,1.03314,PQ,14371-1,0,BALLYRAGGET,BALLYRAGGET,1.0,9.0,9.0,IE,2.1014,exact
1441,110.0,-8.733195,51.7739278,1.05627,PQ,14424-1,0,BANDON,BANDON,1.0,6.0,6.0,IE,10.5669,exact
1451,110.0,-6.3610231,53.4034934,1.03174,PQ,,0,CLOGHRAN,CLOGHRAN,1.0,11.0,11.0,IE,-5.1545,exact
1461,110.0,-8.2546807,52.0958683,1.04384,PQ,14606-1,0,BARRYMORE,BARRYMORE,1.0,8.0,8.0,IE,10.0418,exact
1471,110.0,-6.2025287,53.409766,1.03907,PQ,,0,BELCAMP,BELCAMP,1.0,11.0,11.0,IE,-4.6805,exact
1472,220.0,-6.2025287,53.409766,1.05,PQ,,0,BELCAMP,BELCAMP,1.0,11.0,11.0,IE,-1.1818,exact
1474,380.0,-6.2025287,53.409766,1.05379,PQ,,0,BELCAMP,BELCAMP,1.0,11.0,11.0,IE,2.6617,exact
1481,110.0,-7.1703735,52.2286078,1.04563,PQ,14871-1,0,BUTLERSTOWN,BUTLERSTOWN,1.0,12.0,12.0,IE,8.7714,exact
1491,110.0,-6.4407825,53.6475064,1.03222,PQ,14971-1,0,DEENES,DEENES,1.0,7.0,7.0,IE,-4.965,exact
1501,110.0,-8.7045456,51.7851436,1.05615,PQ,,0,BRINNY,BRINNY,1.0,6.0,6.0,IE,10.5587,exact
1511,110.0,-9.4380864,52.3305984,1.05052,PQ,15112-1,0,CLOGHBOOLA,CLOGHBOOLA,1.0,5.0,5.0,IE,12.347,exact
1521,110.0,,,1.05,PQ,15271-1,0,BOGTOWN,BOGTOWN,1.0,11.0,11.0,IE,-2.7901,
1522,220.0,-6.426741,53.4167869,1.05482,PQ,,0,CLONEE,CLONEE,1.0,11.0,11.0,IE,-1.0266,exact
1531,110.0,,,1.03573,PQ,,0,BALLYADAM,BALLYADAM,1.0,9.0,9.0,IE,12.6848,
1541,110.0,-6.2725523,52.6502648,1.02898,PQ,15471-1,0,BANOGE,BANOGE,1.0,9.0,9.0,IE,3.9773,exact
1551,110.0,-8.9086408,52.0384891,1.05,PQ,15571-1,0,BOGGERAGH,BOGGERAGH,1.0,5.0,5.0,IE,12.23,exact
1561,110.0,-6.4525519,53.32992,1.03937,PQ,,0,COOLDERRIG,COOLDERRIG,1.0,11.0,11.0,IE,-8.5936,exact
1571,110.0,-8.2688178,55.0566404,1.03344,PQ,15771-1,0,ARDNAGAPPARY,ARDNAGAPPARY,1.0,1.0,1.0,IE,-10.0205,exact
1581,110.0,-6.3003671,53.372675,1.04483,PQ,,0,CABRA,CABRA,1.0,11.0,11.0,IE,-4.7788,exact
1591,110.0,-7.2119609,53.4604224,1.0332,PQ,15971-1,0,CLONFAD,CLONFAD,1.0,11.0,11.0,IE,-3.2015,exact
1601,110.0,-8.9141082,51.938191,1.05185,PQ,,0,CLASHAVOON,CLASHAVOON,1.0,5.0,5.0,IE,11.8446,exact
1602,220.0,-8.9141082,51.938191,1.05377,PQ,,0,CLASHAVOON,CLASHAVOON,1.0,5.0,5.0,IE,13.5621,exact
1611,110.0,-9.2997624,51.9841297,1.04379,PQ,,0,CLONKEEN,CLONKEEN,1.0,5.0,5.0,IE,9.481,exact
1621,110.0,-8.6360252,51.8859966,1.04474,PQ,16271-1,0,COOLROE,COOLROE,1.0,10.0,10.0,IE,11.2067,exact
1631,110.0,-8.197639,54.1988681,1.05474,PQ,16371-1,0,CORDERRY,CORDERRY,1.0,1.0,1.0,IE,-0.7224,exact
1641,110.0,-8.8534296,53.3081124,1.07001,PQ,,0,CASHLA,CASHLA,1.0,2.0,2.0,IE,5.1066,exact
1642,220.0,-8.8534296,53.3081124,1.0655,PQ,,0,CASHLA,CASHLA,1.0,2.0,2.0,IE,6.7809,exact
1651,110.0,-9.548026,52.3787738,1.05148,PQ,16571-1,0,CLAHANE,CLAHANE,1.0,5.0,5.0,IE,8.6791,exact
1661,110.0,-9.2692746,53.8665266,1.06738,PQ,16670-1,0,CASTLEBAR,CASTLEBAR,1.0,2.0,2.0,IE,4.1517,exact
1671,110.0,-7.092703,53.2901576,1.03251,PQ,16771-1,0,KILCUMBER,KILCUMBER,1.0,11.0,11.0,IE,-2.1836,exact
1681,110.0,-8.8633008,51.8978487,1.05045,PQ,,0,CARRIGADROHI,CARRIGADROHI,1.0,6.0,6.0,IE,11.6461,truncated
1691,110.0,-6.2060635,53.2702392,1.05155,PQ,,0,CENTRAL PARK,CENTRAL PARK,1.0,11.0,11.0,IE,-4.0974,exact
1701,110.0,-8.1769822,54.4987533,1.05,PQ,17073-3,0,CATH_FALL,CATH_FALL,1.0,1.0,1.0,IE,-5.5369,alias
1711,110.0,-6.2276046,53.4030295,1.04831,PQ,,0,CROMCASTLE,CROMCASTLE,1.0,11.0,11.0,IE,-5.3447,exact
1721,110.0,-7.8984212,52.3769959,1.06147,PQ,17205-1,0,CAHIR,CAHIR,1.0,8.0,8.0,IE,7.0801,exact
1731,110.0,-6.2276046,53.4030295,1.04831,PQ,,0,CROMCASTLE,CROMCASTLE,1.0,11.0,11.0,IE,-5.3447,exact
1741,110.0,-6.1967385,53.2562454,1.05158,PQ,,0,CARRICKMINES,CARRICKMINES,1.0,11.0,11.0,IE,-4.0472,exact
1742,220.0,-6.1967385,53.2562454,1.05242,PQ,,0,CARRICKMINES,CARRICKMINES,1.0,11.0,11.0,IE,-1.733,exact
1751,110.0,,,1.05775,PQ,17571-1,0,COOMNACLOHY,COOMNACLOHY,1.0,5.0,5.0,IE,14.1625,
1761,110.0,-8.1042024,54.4875201,1.05082,PQ,17671-1,0,CLIFF,CLIFF,1.0,1.0,1.0,IE,-5.342,exact
1781,110.0,-9.0544843,52.6298482,1.04949,PQ,,0,CASTLEFARM,CASTLEFARM,1.0,5.0,5.0,IE,11.6205,exact
1791,110.0,-7.1605331,53.1531424,1.03012,PQ,,0,BRACKLONE,BRACKLONE,1.0,11.0,11.0,IE,-1.2935,exact
1801,110.0,-6.3781277,53.2931796,1.04487,PQ,,0,COOKSTOWN,COOKSTOWN,1.0,11.0,11.0,IE,-3.4081,exact
1810,110.0,-6.2241754,53.407848,1.03871,PQ,,0,DARNDALE,DARNDALE,1.0,11.0,11.0,IE,-4.7472,exact
1811,110.0,-6.4497145,53.3179126,1.03779,PQ,,0,CLUTTERLAND,CLUTTERLAND,1.0,11.0,11.0,IE,-6.8639,exact
1821,110.0,-8.8482757,53.4834794,1.05515,PQ,18212-1,0,CLOON,CLOON,1.0,2.0,2.0,IE,3.7846,exact
1831,110.0,-9.5853139,53.3804345,1.07952,PQ,18372-1,0,SCREEB,SCREEB,1.0,2.0,2.0,IE,2.7269,exact
1841,110.0,-6.5144397,52.5323772,1.04323,PQ,18471-1,0,CRANE,CRANE,1.0,9.0,9.0,IE,5.3809,exact
1851,110.0,-6.1567888,53.2433051,1.05067,PQ,,0,CHERRYWOOD,CHERRYWOOD,1.0,11.0,11.0,IE,-4.1522,exact
1861,110.0,-8.1088425,53.9373054,1.0535,PQ,18611-1,0,CARRICK ON S,CARRICK ON S,1.0,3.0,3.0,IE,-0.2832,truncated
1871,110.0,-6.3761003,53.4105364,1.0322,PQ,,0,COLLEGE PARK,COLLEGE PARK,1.0,11.0,11.0,IE,-5.1003,exact
1881,110.0,-8.6941349,52.3301844,1.05,PQ,67031-1,0,CHARLEVILLE,CHARLEVILLE,1.0,5.0,5.0,IE,8.3351,exact
1901,110.0,-6.8445771,52.8325066,1.04327,PQ,19074-1,0,CARLOW,CARLOW,1.0,9.0,9.0,IE,1.6905,exact
1911,110.0,,,1.075,PQ,19102-1,0,CUILLEEN,CUILLEEN,1.0,3.0,3.0,IE,7.2581,
1921,110.0,-8.3012481,51.8651043,1.04783,PQ,19201-1,0,COW CROSS,COW CROSS,1.0,10.0,10.0,IE,12.7917,exact
1931,110.0,-8.6491987,54.1111523,1.05807,PQ,19371-1,0,CUNGHILL,CUNGHILL,1.0,2.0,2.0,IE,1.6474,exact
1941,110.0,-7.0847828,53.2891013,1.03261,PQ,,0,CUSHALING,CUSHALING,1.0,11.0,11.0,IE,-2.1883,exact
1951,110.0,-9.5059925,53.8093444,1.0612,PQ,,0,CARROWBEG,CARROWBEG,1.0,2.0,2.0,IE,3.3901,exact
1961,110.0,-8.3704585,51.9009511,1.04244,PQ,,0,CASTLEVIEW,CASTLEVIEW,1.0,10.0,10.0,IE,12.2277,exact
1971,110.0,-9.311485,51.9385387,1.05703,PQ,19771-1,0,COOMAGEARLAH,COOMAGEARLAH,1.0,5.0,5.0,IE,14.3415,truncated
1981,110.0,-7.7446161,54.1527414,1.04801,PQ,,0,CORRACLASSY,CORRACLASSY,1.0,1.0,1.0,IE,-6.495,exact
1991,110.0,-6.6343018,52.5904745,1.05,PQ,19971-1,0,CASTLEDOCKRE,CASTLEDOCKRE,1.0,9.0,9.0,IE,5.9286,truncated
2001,110.0,-7.2796709,52.2493148,1.04893,PQ,,0,CULLENAGH,CULLENAGH,1.0,12.0,12.0,IE,9.3242,exact
2002,220.0,-7.2796709,52.2493148,1.05474,PQ,,0,CULLENAGH,CULLENAGH,1.0,12.0,12.0,IE,12.6316,exact
2011,110.0,,,1.0501,PQ,20171-1,0,CORBETSTOWN,CORBETSTOWN,1.0,11.0,11.0,IE,-3.2429,
2021,110.0,-6.4163263,53.2892499,1.02089,PQ,,0,CITY WEST,CITY WEST,1.0,11.0,11.0,IE,-9.7626,fuzzy
2041,110.0,-6.3649353,53.4193712,1.03238,PQ,,0,CORDUFF,CORDUFF,1.0,11.0,11.0,IE,-5.0322,exact
2042,220.0,-6.3649353,53.4193712,1.05036,PQ,,0,CORDUFF,CORDUFF,1.0,11.0,11.0,IE,-1.1827,exact
2052,220.0,-6.3649353,53.4193712,1.05036,PQ,,0,CORDUFFB,CORDUFFB,1.0,11.0,11.0,IE,-1.1827,fuzzy
2061,110.0,,,1.06449,PQ,20671-1,0,CASTLETREASU,CASTLETREASU,1.0,10.0,10.0,IE,12.8684,
2072,220.0,-6.3817801,53.4146281,1.05,PQ,20771-1,0,CRUISERATH,CRUISERATH,1.0,11.0,11.0,IE,-1.185,exact
2090,110.0,,,1.05921,PQ,,0,KNOCKRANNY A,KNOCKRANNY A,1.0,2.0,2.0,IE,4.7245,
2091,110.0,-9.289752,53.3598717,1.08612,PQ,,0,KNOCKRANNY,KNOCKRANNY,1.0,2.0,2.0,IE,3.8868,exact
2101,110.0,-6.4237884,54.0053368,1.04557,PQ,21071-2,0,DUNDALK,DUNDALK,1.0,7.0,7.0,IE,-4.7371,exact
2111,110.0,-9.3355257,53.3536722,1.05725,PQ,67058-1,0,UGGOOL,UGGOOL,1.0,2.0,2.0,IE,4.7786,exact
2121,110.0,-8.8613742,52.7239924,1.05591,PQ,21272-1,0,DRUMLINE,DRUMLINE,1.0,4.0,4.0,IE,6.7861,exact
2131,110.0,-9.2344983,52.4434711,1.05,PQ,21371-TW,0,DROMADA,DROMADA,1.0,5.0,5.0,IE,12.2316,exact
2141,110.0,-7.6536881,52.1082836,1.03464,PQ,21404-1,0,DUNGARVAN,DUNGARVAN,1.0,12.0,12.0,IE,9.3605,exact
2151,110.0,,,1.04692,PQ,21571-1,0,DROMBEG,DROMBEG,1.0,5.0,5.0,IE,9.6553,
2161,110.0,-7.6676498,52.3836007,1.05183,PQ,21672-1,0,DOON,DOON,1.0,8.0,8.0,IE,6.7071,exact
2171,110.0,-9.2491169,53.3058138,1.08693,PQ,21791-1,0,KNOCKALOUGH,KNOCKALOUGH,1.0,2.0,2.0,IE,3.9044,exact
2181,110.0,-6.4010215,53.7247696,1.03785,PQ,21871-1,0,DRYBRIDGE,DRYBRIDGE,1.0,7.0,7.0,IE,-4.9813,exact
2191,110.0,,,1.04026,PQ,,0,DONORE,DONORE,1.0,7.0,7.0,IE,-4.7666,
2202,220.0,-6.6881005,53.1543743,1.05241,PQ,,0,DUNSTOWN,DUNSTOWN,1.0,11.0,11.0,IE,0.7808,exact
2204,380.0,-6.6881005,53.1543743,1.05167,PQ,,0,DUNSTOWN,DUNSTOWN,1.0,11.0,11.0,IE,3.5476,exact
2211,110.0,,,1.03522,PQ,22171-1,0,DENNISTOWN,DENNISTOWN,1.0,9.0,9.0,IE,6.4149,
2212,220.0,-6.6881005,53.1543743,1.05167,PQ,,0,DUNSTOWN,DUNSTOWN,1.0,11.0,11.0,IE,3.5476,exact
2221,110.0,-9.0897487,51.7232312,1.05178,PQ,22204-1,0,DUNMANWAY,DUNMANWAY,1.0,6.0,6.0,IE,10.6244,exact
2225,110.0,-9.0897487,51.7232312,1.05178,PQ,22272-DW,0,DUNMANWAY,DUNMANWAY,1.0,6.0,6.0,IE,10.6244,exact
2231,110.0,,,1.05,PQ,22371-1,0,DERRYBRIEN,DERRYBRIEN,1.0,4.0,4.0,IE,8.9824,
2241,110.0,-7.928076,53.1259869,1.03556,PQ,22471-1,0,DALLOW,DALLOW,1.0,8.0,8.0,IE,8.3779,exact
2251,110.0,-6.2342099,53.4212033,1.04869,PQ,,0,DARDISTOWN,DARDISTOWN,1.0,11.0,11.0,IE,-5.3209,exact
2261,110.0,-7.2138473,53.3581344,1.05,PQ,,0,DERRYIRON,DERRYIRON,1.0,11.0,11.0,IE,-3.248,exact
2271,110.0,,,1.05821,PQ,22771-1,0,DERRYLAHAN,DERRYLAHAN,1.0,3.0,3.0,IE,10.4169,
2281,110.0,,,1.07144,PQ,22872-1,0,DALTON_A1,DALTON_A1,1.0,2.0,2.0,IE,3.5152,
2301,110.0,-6.8293304,53.3880882,1.02341,PQ,23071-1,0,DUNFIRTH,DUNFIRTH,1.0,11.0,11.0,IE,-4.1842,fuzzy
2312,220.0,,,1.06749,PQ,,0,DERRYGREENAG,DERRYGREENAG,1.0,11.0,11.0,IE,5.5419,
2321,110.0,-7.7722302,54.8631648,1.04424,PQ,,0,DRUMKEEN,DRUMKEEN,1.0,1.0,1.0,IE,-10.8725,exact
2331,110.0,,,1.08571,PQ,23371-1,0,FERRY VIEW,FERRY VIEW,1.0,2.0,2.0,IE,3.8964,
2341,110.0,,,1.04759,PQ,23471-1,0,CAHERHURLY,CAHERHURLY,1.0,4.0,4.0,IE,8.007,
2351,110.0,,,1.04612,PQ,23571-1,0,EFFERNOGE,EFFERNOGE,1.0,9.0,9.0,IE,5.5684,
2361,110.0,-8.9358728,52.860201,1.05441,PQ,23675-1,0,ENNIS,ENNIS,1.0,4.0,4.0,IE,6.8445,exact
2391,110.0,-7.8209426,52.5172741,1.05218,PQ,67069-1,0,KILL HILL,KILL HILL,1.0,8.0,8.0,IE,7.3213,exact
2401,110.0,-7.2520289,53.262337,1.0485,PQ,67066-1,0,MOUNT LUCAS,MOUNT LUCAS,1.0,11.0,11.0,IE,-2.8048,exact
2421,110.0,-6.4476689,53.3238429,1.03772,PQ,,0,CORKAGH,CORKAGH,1.0,11.0,11.0,IE,-6.8886,exact
2441,110.0,,,1.0462,PQ,24471-1,0,BELLEWSTOWN,BELLEWSTOWN,1.0,7.0,7.0,IE,-4.0301,
2481,110.0,,,1.04123,PQ,,0,FASS EAST,FASS EAST,1.0,11.0,11.0,IE,-3.6093,
2491,110.0,,,1.04147,PQ,,0,FASS WEST,FASS WEST,1.0,11.0,11.0,IE,-3.5871,
2521,110.0,-8.1238358,53.9116793,1.05573,PQ,,0,FLAGFORD,FLAGFORD,1.0,2.0,2.0,IE,0.0325,exact
2522,220.0,-8.1238358,53.9116793,1.05629,PQ,,0,FLAGFORD,FLAGFORD,1.0,2.0,2.0,IE,1.3811,exact
2541,110.0,,,1.05129,PQ,,0,FRN ST A,FRN ST A,1.0,11.0,11.0,IE,-7.928,
2551,110.0,,,1.05737,PQ,,0,FRN ST B,FRN ST B,1.0,11.0,11.0,IE,-6.1702,
2561,110.0,-6.3257744,53.4124627,1.04698,PQ,,0,FIN_URBAN,FIN_URBAN,1.0,11.0,11.0,IE,-4.5257,coupled
2562,220.0,-6.3149241,53.4055029,1.05,PQ,,0,FINGLAS,FINGLAS,1.0,11.0,11.0,IE,-1.2159,exact
2563,220.0,-6.3149241,53.4055029,1.05,PQ,,0,FINGLAS220B,FINGLAS220,1.0,11.0,11.0,IE,-1.2159,coupled
2571,110.0,-6.3149241,53.4055029,1.04886,PQ,25672-1,0,FIN_RURAL,FIN_RURAL,1.0,11.0,11.0,IE,-5.1559,coupled
2581,110.0,,,1.0323,PQ,,0,FINGLAS B5,FINGLAS B5,1.0,11.0,11.0,IE,-5.1246,
2591,110.0,-6.4171604,53.2829452,1.01981,PQ,,0,FORTUNESTOWN,FORTUNESTOWN,1.0,11.0,11.0,IE,-9.79,exact
2601,110.0,,,1.06132,PQ,26071-1,0,FIRLOUGH,FIRLOUGH,1.0,2.0,2.0,IE,5.4408,
2641,110.0,,,1.03397,PQ,26471-1,0,GRAHOMICK,GRAHOMICK,1.0,9.0,9.0,IE,6.4938,
2651,110.0,,,1.0296,PQ,26571-1,0,GARRINTAGGAR,GARRINTAGGAR,1.0,3.0,3.0,IE,2.0945,
2661,110.0,,,1.05442,PQ,26671-1,0,AGHALEAGUE,AGHALEAGUE,1.0,1.0,1.0,IE,-0.5964,
2671,110.0,-8.1924874,54.1504588,1.05442,PQ,26732-1,0,GARVAGH,GARVAGH,1.0,1.0,1.0,IE,-0.5969,prefix
2681,110.0,-7.9859944,53.9144475,1.05764,PQ,,0,GILRA,GILRA,1.0,3.0,3.0,IE,-0.2723,exact
2691,110.0,-6.4586834,53.6572305,1.04235,PQ,26971-1,0,GARBALLAGH,GARBALLAGH,1.0,7.0,7.0,IE,-4.1992,exact
2701,110.0,-6.2384064,53.4677716,1.0269,PQ,27014-1,0,GLASMORE,GLASMORE,1.0,11.0,11.0,IE,-6.5488,exact
2712,220.0,,,1.0488,PQ,27101-1,0,GLANSILLAGH,GLANSILLAGH,1.0,5.0,5.0,IE,11.9433,
2721,110.0,-6.5644585,53.3435573,1.04411,PQ,27271-2,0,GRIFFINRATH,GRIFFINRATH,1.0,11.0,11.0,IE,-3.724,exact
2731,110.0,-9.3067693,51.925463,1.05702,PQ,27371-1,0,GLANLEE,GLANLEE,1.0,5.0,5.0,IE,14.3449,exact
2741,110.0,-6.99172,52.2815845,1.05274,PQ,27475-1,0,GREAT ISLAND,GREAT ISLAND,1.0,9.0,9.0,IE,9.4909,exact
2742,220.0,-6.99172,52.2815845,1.06,PQ,27474-1,0,GREAT ISLAND,GREAT ISLAND,1.0,9.0,9.0,IE,12.7766,exact
2761,110.0,-6.1520925,53.3996226,1.04743,PQ,,0,GRANGE,GRANGE,1.0,11.0,11.0,IE,-5.4052,exact
2771,110.0,-9.131237,52.0026938,1.05957,PQ,27771-1,0,GARROW,GARROW,1.0,5.0,5.0,IE,14.0895,exact
2781,110.0,-9.0132121,53.290063,1.06744,PQ,,0,GALWAY,GALWAY,1.0,2.0,2.0,IE,4.375,exact
2791,110.0,-6.3653809,53.450696,1.03158,PQ,27971-1,0,GALLANSTOWN,GALLANSTOWN,1.0,11.0,11.0,IE,-4.4422,prefix
2801,110.0,-7.9351078,54.6871253,1.05127,PQ,28002-3,0,GOLAGH,GOLAGH,1.0,1.0,1.0,IE,-7.6838,exact
2821,110.0,-7.5811846,54.1291946,1.04764,PQ,28271-1,0,GORTAWEE,GORTAWEE,1.0,1.0,1.0,IE,-6.5411,exact
2841,110.0,-6.6442071,53.7009328,1.03709,PQ,,0,GORMAN,GORMAN,1.0,7.0,7.0,IE,-4.6892,exact
2842,220.0,-6.6442071,53.7009328,1.04463,PQ,,0,GORMAN,GORMAN,1.0,7.0,7.0,IE,-2.0576,exact
2852,220.0,-8.2496363,51.8150801,1.06,PQ,28571-1,0,GLANAGOW,GLANAGOW,1.0,10.0,10.0,IE,17.8752,exact
2861,110.0,-6.4452964,53.3299746,1.03945,PQ,,0,GRANGE CASTL,GRANGE CASTL,1.0,11.0,11.0,IE,-8.5693,truncated
2870,110.0,-7.9951038,54.6870462,1.05,PQ,,0,CLOGHER,CLOGHER,1.0,1.0,1.0,IE,-7.704,exact
2871,110.0,-7.9951038,54.6870462,1.05,PQ,,0,CLOGHER,CLOGHER,1.0,1.0,1.0,IE,-7.704,exact
2881,110.0,-9.023808,52.2053487,1.04071,PQ,28874-1,0,GLENLARA,GLENLARA,1.0,5.0,5.0,IE,7.7385,exact
2892,220.0,,,1.05208,PQ,,0,GLENCLOOSAGH,GLENCLOOSAGH,1.0,5.0,5.0,IE,11.4356,
2921,110.0,,,1.03611,PQ,29271-1,0,HARRISTOWN,HARRISTOWN,1.0,11.0,11.0,IE,-3.5098,
2931,110.0,,,1.01971,PQ,,0,WALTERSTOWN,WALTERSTOWN,1.0,11.0,11.0,IE,-4.8785,
2941,110.0,-6.2754277,53.3290125,1.05142,PQ,,0,HAROLDS CROS,HAROLDS CROS,1.0,11.0,11.0,IE,-7.9028,truncated
2951,110.0,-6.3000097,53.3451523,1.05751,PQ,,0,HEUSTON SQUA,HEUSTON SQUA,1.0,11.0,11.0,IE,-6.1498,truncated
2962,220.0,-6.3249285,53.4109851,1.05051,PQ,29671-ST,0,HUNTSTOWN,HUNTSTOWN,1.0,11.0,11.0,IE,-1.1323,exact
2972,220.0,,,1.05022,PQ,,0,HUNTSTOWN 2,HUNTSTOWN 2,1.0,11.0,11.0,IE,-1.1492,
3061,110.0,-8.661073,51.9017859,1.04557,PQ,,0,INISCARRA,INISCARRA,1.0,6.0,6.0,IE,11.271,fuzzy
3081,110.0,-6.3391212,53.3337774,1.05789,PQ,,0,INCH_CITY,INCH_CITY,1.0,11.0,11.0,IE,-6.0861,coupled
3082,220.0,-6.3391212,53.3337774,1.05457,PQ,,0,INCHICORE,INCHICORE,1.0,11.0,11.0,IE,-3.0975,exact
3091,110.0,-6.3391212,53.3337774,1.04139,PQ,,0,INCH_COUNTRY,INCH_COUNTRY,1.0,11.0,11.0,IE,-8.3145,coupled
3101,110.0,-7.7713595,52.91857,1.03378,PQ,68136-1,0,IKERRIN,IKERRIN,1.0,8.0,8.0,IE,8.2202,exact
3111,110.0,,,1.04483,PQ,31171-1,0,BALLYNABRANN,BALLYNABRANN,1.0,10.0,10.0,IE,12.3695,
3122,220.0,-6.2019353,53.3400724,1.05934,PQ,31271-1,0,IRISHTOWN,IRISHTOWN,1.0,11.0,11.0,IE,-1.9585,prefix
3181,110.0,,,1.03884,PQ,31871-1,0,KILLINSKYDUF,KILLINSKYDUF,1.0,9.0,9.0,IE,1.9125,
3190,110.0,-9.3733302,52.4345623,1.05534,PQ,,0,KNOCKANURE,KNOCKANURE,1.0,5.0,5.0,IE,9.044,exact
3191,110.0,-9.3733302,52.4345623,1.05158,PQ,,0,KNOCKANURE,KNOCKANURE,1.0,5.0,5.0,IE,12.1091,exact
3192,220.0,-9.3733302,52.4345623,1.05476,PQ,,0,KNOCKANURE,KNOCKANURE,1.0,5.0,5.0,IE,11.7228,exact
3201,110.0,-8.3194761,51.9541985,1.04474,PQ,,0,KNOCKRAHA,KNOCKRAHA,1.0,10.0,10.0,IE,12.367,exact
3202,220.0,-8.3194761,51.9541985,1.05,PQ,,0,KNOCKRAHA,KNOCKRAHA,1.0,10.0,10.0,IE,15.8577,exact
3203,220.0,-8.3194761,51.9541985,1.05,PQ,,0,KNOCKRAHA,KNOCKRAHA,1.0,10.0,10.0,IE,15.8577,exact
3204,380.0,-8.3194761,51.9541985,1.05131,PQ,,0,KNOCKRAHA,KNOCKRAHA,1.0,10.0,10.0,IE,15.8572,exact
3209,110.0,-8.3194761,51.9541985,1.04474,PQ,,0,KNOCKRAHA,KNOCKRAHA,1.0,10.0,10.0,IE,12.367,exact
3221,110.0,-8.4769397,51.9224604,1.04256,PQ,32271-1,0,KILBARRY,KILBARRY,1.0,10.0,10.0,IE,11.1899,exact
3231,110.0,-6.4441978,53.3147089,1.03778,PQ,,0,KILCARBERY,KILCARBERY,1.0,11.0,11.0,IE,-6.8751,exact
3241,110.0,-6.5400403,53.2465815,1.03884,PQ,32471-1,0,KILTEEL,KILTEEL,1.0,11.0,11.0,IE,-4.8985,exact
3251,110.0,-9.5436255,52.302124,1.05155,PQ,32508-1,0,REAMORE,REAMORE,1.0,5.0,5.0,IE,8.1273,exact
3261,110.0,-7.1718695,52.6405514,1.04703,PQ,32605-2,0,KILKENNY,KILKENNY,1.0,9.0,9.0,IE,2.7349,exact
3271,110.0,-6.4600205,53.3280353,1.03783,PQ,,0,KISHOGE,KISHOGE,1.0,11.0,11.0,IE,-6.8667,exact
3281,110.0,-8.5454912,52.6401871,1.04942,PQ,,0,KILLONAN,KILLONAN,1.0,8.0,8.0,IE,8.3978,exact
3282,220.0,-8.5454912,52.6401871,1.04834,PQ,,0,KILLONAN,KILLONAN,1.0,8.0,8.0,IE,10.627,exact
3301,110.0,-9.4387403,52.0764652,1.03859,PQ,33071-DW,0,KNOCKEARAGH,KNOCKEARAGH,1.0,5.0,5.0,IE,7.848,exact
3311,110.0,-7.2130769,53.3598053,1.05009,PQ,33174-1,0,KNOCKDRIN,KNOCKDRIN,1.0,11.0,11.0,IE,-3.2469,exact
3321,110.0,-6.7147404,53.6555904,1.02932,PQ,,0,KNOCKUMBER,KNOCKUMBER,1.0,7.0,7.0,IE,-5.1723,prefix
3330,110.0,-9.2611456,52.1738656,1.05241,PQ,,0,BALLYNAHULLA,BALLYNAHULLA,1.0,5.0,5.0,IE,13.5845,exact
3331,110.0,-9.2611456,52.1738656,1.05241,PQ,,0,BALLYNAHULLA,BALLYNAHULLA,1.0,5.0,5.0,IE,13.5845,exact
3332,220.0,-9.2611456,52.1738656,1.05744,PQ,,0,BALLYNAHULLA,BALLYNAHULLA,1.0,5.0,5.0,IE,13.095,exact
3341,110.0,-6.8163185,52.7887081,1.05,PQ,,0,KELLIS,KELLIS,1.0,9.0,9.0,IE,2.1321,exact
3342,220.0,-6.8163185,52.7887081,1.03754,PQ,,0,KELLIS,KELLIS,1.0,9.0,9.0,IE,5.0081,exact
3352,220.0,-6.524176,53.3823502,1.05698,PQ,,0,KELLYSTOWN,KELLYSTOWN,1.0,11.0,11.0,IE,-0.6226,exact
3361,110.0,,,1.05003,PQ,33671-1,0,LAURENCETOWN,LAURENCETOWN,1.0,11.0,11.0,IE,-3.2483,
3381,110.0,-7.1427122,53.4302536,1.03692,PQ,,0,KINNEGAD,KINNEGAD,1.0,11.0,11.0,IE,-3.3839,exact
3391,110.0,-9.1006362,52.2595355,1.05209,PQ,33971-TW,0,KNOCKACUMMER,KNOCKACUMMER,1.0,5.0,5.0,IE,13.8397,exact
3401,110.0,-7.1589941,52.2518508,1.04674,PQ,,0,KILLOTERAN,KILLOTERAN,1.0,12.0,12.0,IE,8.8385,exact
3421,110.0,-6.2208175,53.4013032,1.04829,PQ,,0,KILMORE,KILMORE,1.0,11.0,11.0,IE,-5.3443,exact
3431,110.0,-6.4540511,53.3259419,1.03779,PQ,,0,KILMAHUD,KILMAHUD,1.0,11.0,11.0,IE,-6.866,exact
3441,110.0,,,1.05,PQ,34471-1,0,KILVINOGE,KILVINOGE,1.0,9.0,9.0,IE,6.3539,
3461,110.0,-9.3963977,52.5801792,1.05134,PQ,68165-1,0,KILPADDOGE,KILPADDOGE,1.0,5.0,5.0,IE,10.0669,exact
3462,220.0,-9.3963977,52.5801792,1.05208,PQ,,0,KILPADDOGE,KILPADDOGE,1.0,5.0,5.0,IE,11.4357,exact
3464,380.0,-9.3963977,52.5801792,1.07011,PQ,,0,KILP,KILP,1.0,5.0,5.0,IE,7.7018,coupled
3471,110.0,-6.4497194,53.3166943,1.03792,PQ,,0,CASTLEBAGOT,CASTLEBAGOT,1.0,11.0,11.0,IE,-6.8518,fuzzy
3472,220.0,-6.4497194,53.3166943,1.04781,PQ,,0,CASTLEBAGOT,CASTLEBAGOT,1.0,11.0,11.0,IE,-2.8776,fuzzy
3481,110.0,,,1.05128,PQ,34872-1,0,COOLNANOONAG,COOLNANOONAG,1.0,5.0,5.0,IE,10.0685,
3491,110.0,,,1.04529,PQ,34971-1,0,LISLEA,LISLEA,1.0,7.0,7.0,IE,-5.5022,
3501,110.0,,,1.04158,PQ,35071-1,0,LANESBORO_A1,LANESBORO_A1,1.0,3.0,3.0,IE,1.2108,
3511,110.0,,,1.03356,PQ,35171-1,0,LICKNY,LICKNY,1.0,3.0,3.0,IE,-2.8767,
3521,110.0,-6.5657571,53.9674714,1.0639,PQ,35271-1,0,LOUTHA,LOUTHA,1.0,7.0,7.0,IE,-3.6696,coupled
3522,220.0,-6.5657571,53.9674714,1.0448,PQ,,0,LOUTH,LOUTH,1.0,7.0,7.0,IE,-1.0646,exact
3531,110.0,-8.2307526,51.935749,1.03419,PQ,35371-1,0,LYSAGHTSTOWN,LYSAGHTSTOWN,1.0,10.0,10.0,IE,12.5994,truncated
3541,110.0,-8.6416309,52.634953,1.04169,PQ,35471-1,0,LIMERICK,LIMERICK,1.0,5.0,5.0,IE,7.9263,exact
3550,110.0,,,1.04992,PQ,,0,COOLNABACKY_,COOLNABACKY_,1.0,11.0,11.0,IE,4.3954,
3551,110.0,,,1.03282,PQ,35571-1,0,COOLNABACKY,COOLNABACKY,1.0,11.0,11.0,IE,1.8897,
3554,380.0,,,1.04992,PQ,,0,COOLNABACKY,COOLNABACKY,1.0,11.0,11.0,IE,4.3954,
3561,110.0,-6.9102424,54.2447228,1.0514,PQ,67144-1,0,LISDRUM,LISDRUM,1.0,7.0,7.0,IE,-6.0224,exact
3571,110.0,-7.7961871,53.2271141,1.03513,PQ,35772-1,0,DERRYCARNEY,DERRYCARNEY,1.0,3.0,3.0,IE,7.8776,exact
3581,110.0,-7.6977545,54.9241287,1.03646,PQ,35871-1,0,LETTERKENNY,LETTERKENNY,1.0,1.0,1.0,IE,-11.8474,exact
3591,110.0,-7.8642829,54.9028813,1.03798,PQ,35971-1,0,LENALEA,LENALEA,1.0,1.0,1.0,IE,-11.1792,exact
3601,110.0,,,1.04549,PQ,,0,LIBERTY ST,LIBERTY ST,1.0,10.0,10.0,IE,11.3784,
3611,110.0,,,1.04575,PQ,,0,LIBERTY ST,LIBERTY ST,1.0,10.0,10.0,IE,11.3895,
3621,110.0,-7.6819128,52.7513555,1.05,PQ,36273-1,0,LISHEEN,LISHEEN,1.0,8.0,8.0,IE,7.64,exact
3631,110.0,,,1.05,PQ,,0,FREAGH,FREAGH,1.0,8.0,8.0,IE,7.9168,
3641,110.0,-6.5375093,52.579161,1.04915,PQ,36477-1,0,LODGEWOOD,LODGEWOOD,1.0,9.0,9.0,IE,5.9234,exact
3642,220.0,-6.5375093,52.579161,1.048,PQ,,0,LODGEWOOD,LODGEWOOD,1.0,9.0,9.0,IE,6.9663,exact
3651,110.0,-6.4477366,53.3146332,1.03775,PQ,,0,BARNAKYLE,BARNAKYLE,1.0,11.0,11.0,IE,-6.8819,exact
3662,220.0,-6.9856001,52.2816555,1.06034,PQ,,0,LOUGHTOWN,LOUGHTOWN,1.0,9.0,9.0,IE,12.8057,coupled
3681,110.0,-6.4523208,53.316073,1.03787,PQ,,0,AUNGIERSTOWN,AUNGIERSTOWN,1.0,11.0,11.0,IE,-6.8586,exact
3691,110.0,,,1.05027,PQ,36971-1,0,LAGHTANVACK,LAGHTANVACK,1.0,2.0,2.0,IE,9.7587,
3751,110.0,-6.2393583,53.3451982,1.05185,PQ,,0,MISERY HILL,MISERY HILL,1.0,11.0,11.0,IE,-7.8582,exact
3761,110.0,-6.4151251,53.4142091,1.03179,PQ,,0,MACETOWN,MACETOWN,1.0,11.0,11.0,IE,-5.1641,exact
3781,110.0,-6.2509463,53.3543732,1.04503,PQ,,0,MCDERMOTT,MCDERMOTT,1.0,11.0,11.0,IE,-4.7759,exact
3801,110.0,-8.1872013,51.9376618,1.03345,PQ,38071-1,0,MIDLETON,MIDLETON,1.0,10.0,10.0,IE,12.5065,exact
3821,110.0,-6.7310796,53.8911239,1.03466,PQ,38271-1,0,MEATH HILL,MEATH HILL,1.0,7.0,7.0,IE,-4.7741,exact
3841,110.0,,,1.04519,PQ,,0,MAYNOOTH A,MAYNOOTH A,1.0,11.0,11.0,IE,-3.5894,
3842,220.0,,,1.05045,PQ,,0,MAYNOOTH A,MAYNOOTH A,1.0,11.0,11.0,IE,-0.8453,
3851,110.0,,,1.03024,PQ,,0,MAYNOOTH B,MAYNOOTH B,1.0,11.0,11.0,IE,-3.9893,
3852,220.0,,,1.05094,PQ,,0,MAYNOOTH B,MAYNOOTH B,1.0,11.0,11.0,IE,-1.8739,
3861,110.0,-6.2522534,53.3150328,1.05244,PQ,,0,MILLTOWN,MILLTOWN,1.0,11.0,11.0,IE,-7.7966,exact
3871,110.0,-6.2522534,53.3150328,1.056,PQ,,0,MILLTOWN,MILLTOWN,1.0,11.0,11.0,IE,-6.3255,exact
3881,110.0,-8.8921962,51.8957884,1.05082,PQ,38870-1,0,MACROOM,MACROOM,1.0,6.0,6.0,IE,11.6674,exact
3891,110.0,-9.1207652,51.8043751,1.05,PQ,67044-1,0,CARRIGDANGAN,CARRIGDANGAN,1.0,6.0,6.0,IE,10.8231,exact
3901,110.0,-8.6881456,52.6369214,1.0402,PQ,,0,MONETEEN,MONETEEN,1.0,5.0,5.0,IE,8.5396,exact
3911,110.0,,,1.03737,PQ,,0,METRO AIRPOR,METRO AIRPOR,1.0,11.0,11.0,IE,-4.809,
3921,110.0,,,1.03694,PQ,,0,METRO NORTH,METRO NORTH,1.0,11.0,11.0,IE,-4.8169,
3934,380.0,-9.4216875,52.6103965,1.0681,PQ,,0,MNYPG1,MNYPG1,1.0,4.0,4.0,IE,7.6489,coupled
3940,220.0,-9.4216875,52.6103965,1.05289,PQ,,0,MNYP B,MNYP B,1.0,4.0,4.0,IE,11.2355,coupled
3941,110.0,-9.4216875,52.6103965,1.05539,PQ,39474-4,0,MONEYPOINT,MONEYPOINT,1.0,4.0,4.0,IE,10.0397,exact
3942,220.0,-9.4216875,52.6103965,1.05289,PQ,,0,MONEYPOINT,MONEYPOINT,1.0,4.0,4.0,IE,11.2355,exact
3944,380.0,-9.4216875,52.6103965,1.0681,PQ,,0,MONEYPOINT,MONEYPOINT,1.0,4.0,4.0,IE,7.6489,exact
3954,380.0,-9.4216875,52.6103965,1.0681,PQ,,0,MNYPG2,MNYPG2,1.0,4.0,4.0,IE,7.6489,coupled
3961,110.0,-8.4461681,51.8991554,1.04583,PQ,,0,MARINA,MARINA,1.0,10.0,10.0,IE,11.4044,exact
3981,110.0,,,1.03993,PQ,,0,MUNGRET A,MUNGRET A,1.0,5.0,5.0,IE,8.5292,
3991,110.0,,,1.03993,PQ,,0,MUNGRET B,MUNGRET B,1.0,5.0,5.0,IE,8.5298,
4001,110.0,-7.3716668,53.5383686,1.03403,PQ,40014-1,0,MULLINGAR,MULLINGAR,1.0,3.0,3.0,IE,-3.1364,exact
4012,220.0,,,1.05022,PQ,,0,MOORETOWN,MOORETOWN,1.0,11.0,11.0,IE,-1.1492,
4021,110.0,-8.6206886,52.1431365,1.04407,PQ,40202-1,0,MALLOW,MALLOW,1.0,5.0,5.0,IE,9.1182,exact
4041,110.0,-9.1879038,54.1232614,1.06583,PQ,40471-1,0,MOY,MOY,1.0,2.0,2.0,IE,6.5729,exact
4061,110.0,-6.4087276,53.9755464,1.05156,PQ,,0,MULLAGHARLIN,MULLAGHARLIN,1.0,7.0,7.0,IE,-4.4092,exact
4071,110.0,-7.842446,54.8676656,1.04795,PQ,40771-1,0,MEENTYCAT,MEENTYCAT,1.0,1.0,1.0,IE,-10.873,exact
4081,110.0,-6.6456698,53.2412035,1.03235,PQ,40871-1,0,MONREAD,MONREAD,1.0,11.0,11.0,IE,-4.7376,exact
4091,110.0,-7.9692346,54.6644867,1.05085,PQ,40971-1,0,MULREAVY,MULREAVY,1.0,1.0,1.0,IE,-7.6677,exact
4101,110.0,-6.2162523,53.3997557,1.03801,PQ,,0,NEWBURY,NEWBURY,1.0,11.0,11.0,IE,-4.7687,exact
4111,110.0,-6.3505969,53.2948465,1.04491,PQ,,0,BANCROFT,BANCROFT,1.0,11.0,11.0,IE,-3.2691,exact
4121,110.0,,,1.02454,PQ,41271-1,0,MULGEETH,MULGEETH,1.0,3.0,3.0,IE,-3.9497,
4201,110.0,-6.8355084,53.1955872,1.02639,PQ,42073-1,0,NEWBRIDGE,NEWBRIDGE,1.0,11.0,11.0,IE,-3.8925,exact
4211,110.0,-6.2355586,53.3504282,1.05259,PQ,,0,NORTH QUAYS,NORTH QUAYS,1.0,11.0,11.0,IE,-7.7624,exact
4221,110.0,-6.7064767,53.6997602,1.03413,PQ,42271-1,0,NAVAN,NAVAN,1.0,7.0,7.0,IE,-4.9703,exact
4242,220.0,-6.211276,53.3498314,1.05015,PQ,,0,NORTH WALL,NORTH WALL,1.0,11.0,11.0,IE,-1.0876,exact-name
4261,110.0,-8.1812103,52.8610738,1.03749,PQ,42672-2,0,NENAGH,NENAGH,1.0,8.0,8.0,IE,7.1524,exact
4281,110.0,-6.4356661,53.3241021,1.03939,PQ,,0,NANGOR,NANGOR,1.0,11.0,11.0,IE,-8.575,exact
4321,110.0,,,1.03721,PQ,,0,OAKLANDS,OAKLANDS,1.0,9.0,9.0,IE,2.2787,
4341,110.0,,,1.04781,PQ,,0,OLDCOURT,OLDCOURT,1.0,10.0,10.0,IE,12.7906,
4351,110.0,,,1.04783,PQ,,0,OLDCOURT,OLDCOURT,1.0,10.0,10.0,IE,12.7917,
4361,110.0,-9.6927788,52.136625,1.03904,PQ,43671-DW,0,OUGHTRAGH,OUGHTRAGH,1.0,5.0,5.0,IE,7.1573,exact
4371,110.0,-8.9893244,54.1053454,1.06229,PQ,43771-1,0,GLENREE,GLENREE,1.0,2.0,2.0,IE,5.0723,exact
4382,220.0,-8.2688847,53.134326,1.07207,PQ,,0,OLDSTREET,OLDSTREET,1.0,4.0,4.0,IE,8.4154,exact
4384,380.0,-8.2688847,53.134326,1.07286,PQ,,0,OLDSTREET,OLDSTREET,1.0,4.0,4.0,IE,5.1383,exact
4391,110.0,-7.0878409,53.2882569,1.03211,PQ,43971-1,0,PHILIPSTOWN,PHILIPSTOWN,1.0,3.0,3.0,IE,-2.073,exact
4401,110.0,-6.2720237,53.4059932,1.04813,PQ,,0,POPPINTREE,POPPINTREE,1.0,11.0,11.0,IE,-5.2794,exact
4441,110.0,-6.5904682,53.1208504,1.03434,PQ,,0,POLLAPHUCA,POLLAPHUCA,1.0,11.0,11.0,IE,0.918,exact
4451,110.0,,,1.03885,PQ,,0,POLLAHONEY,POLLAHONEY,1.0,11.0,11.0,IE,1.9007,
4461,110.0,,,1.05301,PQ,,0,POOLBEG,POOLBEG,1.0,11.0,11.0,IE,-7.5863,
4462,220.0,,,1.05,PQ,,0,POOLBEG NORT,POOLBEG NORT,1.0,11.0,11.0,IE,-1.0318,
4471,110.0,,,1.05301,PQ,,0,POOLBEG,POOLBEG,1.0,11.0,11.0,IE,-7.5909,
4472,220.0,,,1.05526,PQ,,0,POOLBEG SOUT,POOLBEG SOUT,1.0,11.0,11.0,IE,-3.1072,
4481,110.0,,,1.03044,PQ,44806-1,0,PORTLAOISE,PORTLAOISE,1.0,11.0,11.0,IE,0.9206,
4491,110.0,-6.3275833,53.3815035,1.04552,PQ,,0,PELLETSTOWN,PELLETSTOWN,1.0,11.0,11.0,IE,-4.7068,exact
4501,110.0,-6.3861652,53.6808422,1.04505,PQ,,0,PLATIN,PLATIN,1.0,7.0,7.0,IE,-4.1478,exact
4511,110.0,-6.1519907,53.2734538,1.05137,PQ,,0,POTTERY ROAD,POTTERY ROAD,1.0,11.0,11.0,IE,-4.0709,truncated
4522,220.0,-9.2533719,52.6394329,1.052,PQ,,0,PROSPECT,PROSPECT,1.0,4.0,4.0,IE,11.3281,exact
4621,110.0,-6.5224663,53.3776928,1.01667,PQ,,0,RYEBROOK,RYEBROOK,1.0,11.0,11.0,IE,-5.2891,exact
4651,110.0,-6.2066748,53.3397238,1.05278,PQ,,0,RINGSEND,RINGSEND,1.0,11.0,11.0,IE,-7.7384,exact
4662,220.0,,,1.06736,PQ,,0,RATHCOBICAN,RATHCOBICAN,1.0,11.0,11.0,IE,5.5425,
4664,380.0,,,1.06246,PQ,,0,RATHCOBICAN,RATHCOBICAN,1.0,11.0,11.0,IE,5.5454,
4671,110.0,,,1.0376,PQ,46771-1,0,RAPPAREEHILL,RAPPAREEHILL,1.0,3.0,3.0,IE,1.3417,
4681,110.0,-8.9685536,52.5436993,1.03723,PQ,46870-1,0,RATHKEALE,RATHKEALE,1.0,5.0,5.0,IE,7.8114,exact
4691,110.0,-6.3878298,53.7067579,1.0405,PQ,,0,OLDBRIDGE,OLDBRIDGE,1.0,7.0,7.0,IE,-4.7136,exact
4701,110.0,-7.857067,53.743184,1.03472,PQ,47071-1,0,RICHMOND,RICHMOND,1.0,3.0,3.0,IE,0.7286,exact
4711,110.0,-7.857067,53.743184,1.03472,PQ,,0,RICHMOND,RICHMOND,1.0,3.0,3.0,IE,0.7286,exact
4721,110.0,-8.3695668,51.8268181,1.05198,PQ,,0,RAFFEEN,RAFFEEN,1.0,10.0,10.0,IE,12.9541,exact
4722,220.0,-8.3695668,51.8268181,1.05874,PQ,,0,RAFFEEN,RAFFEEN,1.0,10.0,10.0,IE,17.1446,exact
4741,110.0,-6.5211765,53.355297,1.02425,PQ,,0,RINAWADE,RINAWADE,1.0,11.0,11.0,IE,-4.5134,exact
4761,110.0,-8.3445201,51.8332719,1.06453,PQ,,0,RINGASKIDDY,RINGASKIDDY,1.0,10.0,10.0,IE,12.8524,exact
4781,110.0,-7.1060697,54.0013256,1.05016,PQ,47871-1,0,RATRUSSAN,RATRUSSAN,1.0,7.0,7.0,IE,-4.7878,exact
4791,110.0,-7.4519341,52.1571371,1.03601,PQ,47971-1,0,RATHNASKILLO,RATHNASKILLO,1.0,12.0,12.0,IE,9.5427,truncated
4901,110.0,-6.1795599,52.8130651,1.03884,PQ,,0,SHELTON ABBE,SHELTON ABBE,1.0,9.0,9.0,IE,1.8992,truncated
4922,220.0,,,1.0501,PQ,49271-1,0,SOUTHBANK,SOUTHBANK,1.0,11.0,11.0,IE,-1.0165,
4941,110.0,-8.0377635,53.2710643,1.05891,PQ,49451-1,0,SHANNONBRIDG,SHANNONBRIDG,1.0,3.0,3.0,IE,10.3941,truncated
4942,220.0,-8.0377635,53.2710643,1.05,PQ,,0,SHANNONBRIDG,SHANNONBRIDG,1.0,3.0,3.0,IE,9.331,truncated
4943,220.0,-8.0377635,53.2710643,1.05,PQ,,0,SHANNONBRIDG,SHANNONBRIDG,1.0,3.0,3.0,IE,9.331,truncated
4951,110.0,-9.0793907,53.2741041,1.06772,PQ,49571-1,0,SALTHILL,SALTHILL,1.0,2.0,2.0,IE,4.2888,exact
4961,110.0,-7.2988808,53.9987866,1.04851,PQ,49605-2,0,SHANKILL,SHANKILL,1.0,7.0,7.0,IE,-5.474,exact
4971,110.0,,,1.03219,PQ,49771-1,0,SHANONAGH,SHANONAGH,1.0,3.0,3.0,IE,-2.6689,
4981,110.0,-8.4672217,54.2412252,1.05175,PQ,49871-1,0,SLIGO,SLIGO,1.0,2.0,2.0,IE,-1.1166,exact
4991,110.0,-7.3684232,55.1313547,1.04086,PQ,49971-1,0,SORNE HILL,SORNE HILL,1.0,1.0,1.0,IE,-12.7735,exact
5001,110.0,-8.2305405,53.2666198,1.05354,PQ,50024-1,0,SOMERSET,SOMERSET,1.0,3.0,3.0,IE,8.7258,exact
5022,220.0,-6.1864314,53.3393833,1.05008,PQ,,0,SHELLYBANKS,SHELLYBANKS,1.0,11.0,11.0,IE,-1.0242,exact-name
5031,110.0,-6.1895932,53.6013247,1.03438,PQ,,0,STEPHENSTOWN,STEPHENSTOWN,1.0,11.0,11.0,IE,-6.3146,exact
5041,110.0,-8.383984,54.1777596,1.05282,PQ,,0,SRANANAGH,SRANANAGH,1.0,2.0,2.0,IE,-1.3522,exact
5042,220.0,-8.383984,54.1777596,1.05412,PQ,,0,SRANANAGH,SRANANAGH,1.0,2.0,2.0,IE,0.2207,exact
5051,110.0,,,1.05052,PQ,50574-4,0,SEAL ROCK,SEAL ROCK,1.0,5.0,5.0,IE,11.6799,
5061,110.0,-6.6498218,52.9940643,1.03292,PQ,,0,STRATFORD,STRATFORD,1.0,9.0,9.0,IE,0.8393,exact
5071,110.0,,,1.05052,PQ,50573-3,0,SEAL ROCK,SEAL ROCK,1.0,5.0,5.0,IE,11.6799,
5081,110.0,-7.8364361,53.2167596,1.03599,PQ,50871-1,0,STONESTOWN,STONESTOWN,1.0,3.0,3.0,IE,8.417,exact
5091,110.0,-8.5873819,52.6634944,1.04925,PQ,,0,SINGLAND,SINGLAND,1.0,4.0,4.0,IE,8.1016,exact
5111,110.0,-6.356603,53.4066092,1.03193,PQ,,0,SNUGBOROUGH,SNUGBOROUGH,1.0,11.0,11.0,IE,-5.1438,exact
5122,220.0,-6.1864314,53.3393833,1.05935,PQ,,0,SHELLYBANKS,SHELLYBANKS,1.0,11.0,11.0,IE,-1.9586,exact-name
5131,110.0,-6.245051,53.2885883,1.0515,PQ,,0,TANEY,TANEY,1.0,11.0,11.0,IE,-4.127,exact
5140,220.0,-9.3662608,52.5885022,1.05,PQ,51475-1,0,OLDPIER,OLDPIER,1.0,5.0,5.0,IE,11.8223,coupled
5141,110.0,-9.3662608,52.5885022,1.05,PQ,,0,TARBERT,TARBERT,1.0,5.0,5.0,IE,11.8223,exact
5142,220.0,-9.3662608,52.5885022,1.05,PQ,51478-1,0,TARBERT,TARBERT,1.0,5.0,5.0,IE,11.8223,exact
5172,220.0,-8.3827087,53.1671713,1.075,PQ,51771-CT,0,TYNAGH,TYNAGH,1.0,3.0,3.0,IE,9.4453,exact
5181,110.0,-8.4596882,51.8827117,1.04647,PQ,51871-1,0,TRABEG,TRABEG,1.0,10.0,10.0,IE,11.4322,exact
5191,110.0,-8.2356174,54.8102758,1.04075,PQ,68402-1,0,TIEVEBRACK,TIEVEBRACK,1.0,1.0,1.0,IE,-9.5395,exact
5202,220.0,-6.4061441,53.0439505,1.05328,Slack,52071-1,0,TURLOUGH HIL,TURLOUGH HIL,3.0,11.0,11.0,IE,-0.0906,truncated
5211,110.0,-6.8626861,53.3500291,1.03992,PQ,52171-1,0,TIMAHOE,TIMAHOE,1.0,11.0,11.0,IE,-3.2432,exact
5221,110.0,-9.4791123,52.6730693,1.05389,PQ,52271-1,0,TULLABRACK,TULLABRACK,1.0,4.0,4.0,IE,9.5251,exact
5222,220.0,-6.1864314,53.3393833,1.05935,PQ,,0,SHELLYBANKSB,SHELLYBANKSB,1.0,11.0,11.0,IE,-1.9586,fuzzy
5231,110.0,-6.2491939,53.3425325,1.05161,PQ,,0,TRINITY,TRINITY,1.0,11.0,11.0,IE,-7.8912,exact
5241,110.0,-9.2178772,54.1918026,1.06768,PQ,52476-1,0,TAWNAGHMORE,TAWNAGHMORE,1.0,2.0,2.0,IE,7.4135,exact
5251,110.0,,,1.06782,PQ,52477-1,0,TAWN_B,TAWN_B,1.0,2.0,2.0,IE,7.3806,
5261,110.0,-9.426115,52.4245772,1.05658,PQ,52671-1,0,TRIEN,TRIEN,1.0,5.0,5.0,IE,8.7779,exact
5271,110.0,-8.1938573,52.5375573,1.05806,PQ,52700-1,0,CAUTEEN,CAUTEEN,1.0,8.0,8.0,IE,7.8339,exact
5274,110.0,-8.1938573,52.5375573,1.05806,PQ,52771-1,0,CAUTEEN,CAUTEEN,1.0,8.0,8.0,IE,7.8339,exact
5281,110.0,-9.6740021,52.2890467,1.05093,PQ,52871-1,0,TRALEE,TRALEE,1.0,5.0,5.0,IE,8.1339,exact
5291,110.0,-6.3827622,52.6126135,1.02529,PQ,52971-1,0,TULLABEG,TULLABEG,1.0,9.0,9.0,IE,4.9018,prefix
5301,110.0,-7.7642805,52.6919962,1.04858,PQ,67213-1,0,THURLES,THURLES,1.0,8.0,8.0,IE,7.3986,exact
5321,110.0,-7.4696537,53.2949583,1.04427,PQ,53205-1,0,THORNSBERRY,THORNSBERRY,1.0,11.0,11.0,IE,-3.5494,exact
5331,110.0,,,1.04051,PQ,,0,YELLOWMEADOW,YELLOWMEADOW,1.0,11.0,11.0,IE,-8.444,
5341,110.0,-8.5725217,53.9098451,1.06196,PQ,53404-1,0,TONROE,TONROE,1.0,2.0,2.0,IE,3.6432,exact
5351,110.0,,,1.0336,PQ,53571-1,0,TIMONEY,TIMONEY,1.0,8.0,8.0,IE,8.2968,
5361,110.0,-7.4186417,55.1127756,1.03909,PQ,53671-1,0,TRILLICK,TRILLICK,1.0,1.0,1.0,IE,-12.7902,exact
5381,110.0,-8.0672001,52.4722096,1.05731,PQ,53871-1,0,TIPPERARY,TIPPERARY,1.0,8.0,8.0,IE,7.2367,exact
5441,110.0,-7.1249367,52.2633036,1.04714,PQ,54471-1,0,WATERFORD,WATERFORD,1.0,9.0,9.0,IE,8.8848,exact
5451,110.0,-6.7423279,52.3018955,1.04302,PQ,54571-1,0,ROSSPILE,ROSSPILE,1.0,9.0,9.0,IE,7.7829,exact
5462,220.0,-6.5697981,53.4746308,1.06886,PQ,,0,WOODLAND,WOODLAND,1.0,11.0,11.0,IE,0.2027,exact
5464,380.0,-6.5697981,53.4746308,1.05218,PQ,,0,WOODLAND,WOODLAND,1.0,11.0,11.0,IE,3.1736,exact
5481,110.0,-8.2389996,51.8186651,1.04817,PQ,,0,WHITEGATE,WHITEGATE,1.0,10.0,10.0,IE,13.5847,exact
5501,110.0,-6.5394499,52.3403641,1.039,PQ,55071-1,0,WEXFORD,WEXFORD,1.0,9.0,9.0,IE,6.1673,exact
5521,110.0,-6.2679779,53.349714,1.04471,PQ,,0,WOLFE TONE,WOLFE TONE,1.0,11.0,11.0,IE,-4.7934,exact
6201,110.0,-9.3145611,51.8735614,1.05342,PQ,67034-1,0,COOMATAGGART,COOMATAGGART,1.0,5.0,5.0,IE,14.4291,exact
6371,110.0,-6.1996317,53.3398123,1.05279,PQ,,0,WHITEBANK,WHITEBANK,1.0,11.0,11.0,IE,-7.7386,exact
6931,110.0,-7.7706666,52.0822332,1.03921,PQ,69335-1,0,WOODHOUSE,WOODHOUSE,1.0,12.0,12.0,IE,9.9202,exact
10210,110.0,-8.6163685,52.7049873,1.05,PQ,,0,ARDNACRUSHA,ARDNACRUSHA,1.0,4.0,4.0,IE,7.8654,exact
10261,110.0,-8.6163685,52.7049873,1.05,PQ,,0,ARDNA_CAP,ARDNA,1.0,4.0,4.0,IE,7.8654,coupled
10422,220.0,-8.2332664,51.8338841,1.0606,PQ,10470-1,0,LONGPOINT,LONGPOINT,1.0,10.0,10.0,IE,17.885,fuzzy
10619,110.0,,,1.05407,PQ,,0,ARIGNA_T,ARIGNA_T,1.0,1.0,1.0,IE,-0.5984,
11260,220.0,,,1.04393,PQ,,0,GLENART,GLENART,1.0,9.0,9.0,IE,2.7504,
11261,220.0,,,1.04617,PQ,11262-1,0,W_ARKLOW_OFF,ARKLOW_OFF,1.0,9.0,9.0,IE,2.7161,
11310,110.0,-9.3004089,52.43755,1.05,PQ,11372-1,0,TOBERTOREEN,TOBERTOREEN,1.0,5.0,5.0,IE,12.2227,coupled
11461,110.0,-7.9745082,53.4230436,1.07361,PQ,,0,ATH_CAP,ATH,1.0,3.0,3.0,IE,7.0873,coupled
12111,110.0,-9.0797175,52.0059847,1.05875,PQ,,0,BALLYVOUSKIL,BALLYVOUSKIL,1.0,5.0,5.0,IE,14.0864,truncated
13219,110.0,-6.8812414,53.2886399,1.02376,PQ,,0,BLAKE T,BLAKE,1.0,11.0,11.0,IE,-4.3713,exact
13810,110.0,-8.3442652,51.8284805,1.06436,PQ,,0,BARNAHELYB,BARNAHELYB,1.0,10.0,10.0,IE,12.837,fuzzy
14010,110.0,-9.5787377,54.1205007,1.05,PQ,68247-1,0,BELLACORICK,BELLACORICK,1.0,2.0,2.0,IE,9.7037,exact
14013,110.0,,,1.04886,PQ,67025-1,0,SRAHNAKILLY,SRAHNAKILLY,1.0,2.0,2.0,IE,9.7591,
14016,110.0,,,1.049,PQ,67071-5,0,CROAGHAUN,CROAGHAUN,1.0,2.0,2.0,IE,9.7433,
14461,110.0,-8.733195,51.7739278,1.05627,PQ,,0,BAN_CAP,BAN,1.0,6.0,6.0,IE,10.5669,coupled
14619,110.0,,,1.04403,PQ,,0,BARRYM T,BARRYM,1.0,8.0,8.0,IE,10.0581,
14720,220.0,,,1.0517,PQ,14771-1,0,NISA BELCAMP,NISA BELCAMP,1.0,11.0,11.0,IE,-0.9862,
15010,110.0,-8.7045456,51.7851436,1.05616,PQ,,0,BRINNY,BRINNY,1.0,6.0,6.0,IE,10.5591,exact
15220,220.0,-6.4457133,53.4222695,1.05483,PQ,,0,BRACETOWN,BRACETOWN,1.0,11.0,11.0,IE,-1.0269,exact
16011,110.0,-8.9141082,51.938191,1.05185,PQ,,0,CLASHAVOON,CLASHAVOON,1.0,5.0,5.0,IE,11.8446,exact
16110,110.0,-9.2997624,51.9841297,1.05988,PQ,,0,CLONKEEN,CLONKEEN,1.0,5.0,5.0,IE,14.1841,exact
16410,110.0,,,1.06958,PQ,16471-1,0,BALLYMONEEN,BALLYMONEEN,1.0,2.0,2.0,IE,5.1505,
16411,110.0,-8.8534296,53.3081124,1.07001,PQ,,0,CASHLA,CASHLA,1.0,2.0,2.0,IE,5.1066,exact
16461,110.0,-8.8534296,53.3081124,1.07001,PQ,,0,CASH_CAP,CASH,1.0,2.0,2.0,IE,5.1066,coupled
16661,110.0,-9.2692746,53.8665266,1.06738,PQ,,0,CBAR_CAP,CBAR,1.0,2.0,2.0,IE,4.1517,coupled
16662,110.0,-9.2692746,53.8665266,1.06844,PQ,,0,CBAR_SVC,CBAR,1.0,2.0,2.0,IE,4.1517,coupled
17010,110.0,-8.1769822,54.4987533,1.05,PQ,17074-4,0,CATH FALL,CATH FALL,1.0,1.0,1.0,IE,-5.5369,alias
17061,110.0,-8.1769822,54.4987533,1.05,PQ,,0,CATH_CAP,CATH,1.0,1.0,1.0,IE,-5.5369,coupled
17261,110.0,-7.8984212,52.3769959,1.06147,PQ,,0,CAHR_CAP,CAHR,1.0,8.0,8.0,IE,7.0801,coupled
17411,110.0,-6.1967385,53.2562454,1.04616,PQ,,0,CKM_COUNTRY,CKM_COUNTRY,1.0,11.0,11.0,IE,-3.1554,coupled
17420,220.0,,,1.05257,PQ,17471-1,0,DUBLIN ARRAY,DUBLIN ARRAY,1.0,11.0,11.0,IE,-1.6528,
17431,220.0,-6.1967385,53.2562454,1.056,PQ,,0,CKMN_PST,CKMN,1.0,11.0,11.0,IE,-3.0184,coupled
17462,220.0,-6.1967385,53.2562454,1.05242,PQ,,0,CKM_SR,CKM_SR,1.0,11.0,11.0,IE,-1.733,coupled
17810,110.0,-9.0544843,52.6298482,1.04948,PQ,,0,CASTLEFARM,CASTLEFARM,1.0,5.0,5.0,IE,11.6192,exact
18010,110.0,,,1.01431,PQ,,0,COOKSTOWN A,COOKSTOWN A,1.0,11.0,11.0,IE,-10.1323,
18810,110.0,,,1.05072,PQ,18871-1,0,BALLYNADRIDE,BALLYNADRIDE,1.0,5.0,5.0,IE,8.3507,
20411,110.0,-6.3649353,53.4193712,1.03238,PQ,,0,CORDUFF,CORDUFF,1.0,11.0,11.0,IE,-5.0322,exact
20416,110.0,-6.3649353,53.4193712,1.05036,PQ,,0,CORDUFF HOT,CORDUFF HOT,1.0,11.0,11.0,IE,-1.1827,coupled
20900,110.0,-9.2937884,53.3580797,1.08632,PQ,67062-1,0,BUFFY,BUFFY,1.0,2.0,2.0,IE,3.8877,exact
21210,110.0,,,1.05825,PQ,21274-1,0,COOLSHAMROGE,COOLSHAMROGE,1.0,4.0,4.0,IE,6.7866,
21261,110.0,-8.8613742,52.7239924,1.05591,PQ,,0,DRU_CAP,DRU,1.0,4.0,4.0,IE,6.7861,coupled
21661,110.0,-7.6676498,52.3836007,1.05183,PQ,,0,DOON_CAP,DOON,1.0,8.0,8.0,IE,6.7071,exact
22044,380.0,-6.6881005,53.1543743,1.0635,PQ,,0,DUNSERIESCAP,DUNSERIESCAP,1.0,11.0,11.0,IE,1.7959,coupled
22261,110.0,-9.0897487,51.7232312,1.05178,PQ,,0,DUNM_CAP,DUNM,1.0,6.0,6.0,IE,10.6244,coupled
22419,110.0,-7.928076,53.1259869,1.04044,PQ,,0,DALLOW T,DALLOW,1.0,8.0,8.0,IE,8.7751,exact
22610,110.0,-7.2138473,53.3581344,1.05,PQ,,0,DERRYIRON,DERRYIRON,1.0,11.0,11.0,IE,-3.248,exact
22612,110.0,-7.2138473,53.3581344,1.05,PQ,,0,DERRYIRON,DERRYIRON,1.0,11.0,11.0,IE,-3.248,exact
22613,110.0,-7.2138473,53.3581344,1.05,PQ,,0,DERRYIRON,DERRYIRON,1.0,11.0,11.0,IE,-3.248,exact
22614,110.0,-7.2138473,53.3581344,1.05,PQ,,0,DERRYIRON,DERRYIRON,1.0,11.0,11.0,IE,-3.248,exact
22811,110.0,,,1.07144,PQ,22871-1,0,DALTON_A2,DALTON_A2,1.0,2.0,2.0,IE,3.5152,
22861,110.0,,,1.07144,PQ,,0,DALT_CAP,DALT,1.0,2.0,2.0,IE,3.5152,
23019,110.0,,,1.02342,PQ,,0,DUNFIR_T,DUNFIR_T,1.0,11.0,11.0,IE,-4.1833,
23610,110.0,-9.2836999,52.8288117,1.05662,PQ,23682-1,0,SLIEVECALLAN,SLIEVECALLAN,1.0,4.0,4.0,IE,7.0134,exact
24819,110.0,,,1.04434,PQ,,0,FASSAROE_T,FASSAROE_T,1.0,11.0,11.0,IE,-3.3219,
25610,110.0,-6.3257744,53.4124627,1.04711,PQ,25675-1,0,NEWBARN,NEWBARN,1.0,11.0,11.0,IE,-4.477,coupled
25674,110.0,-6.3257744,53.4124627,1.04698,PQ,,0,TEG HUNTSTOW,HUNTSTOW,2.0,11.0,11.0,IE,-4.5257,fuzzy
27219,110.0,,,1.04456,PQ,,0,GRFRAT T,GRFRAT,1.0,11.0,11.0,IE,-3.679,
27281,110.0,-6.5644585,53.3435573,1.04438,PQ,,0,GRIFFINRATH,GRIFFINRATH,1.0,11.0,11.0,IE,-3.7036,exact
27460,220.0,,,1.08081,PQ,,0,GI_OFFSHORE,GI_OFFSHORE,1.0,9.0,9.0,IE,12.4711,
28019,110.0,-7.9351078,54.6871253,1.04993,PQ,,0,GOLAGH T,GOLAGH,1.0,1.0,1.0,IE,-7.7285,exact
28261,110.0,-7.5811846,54.1291946,1.04764,PQ,,0,GWE_CAP,GWE,1.0,1.0,1.0,IE,-6.5411,coupled
28411,110.0,-6.6442071,53.7009328,1.03709,PQ,,0,GORMAN ESS,GORMAN,1.0,7.0,7.0,IE,-4.6893,exact
28710,110.0,-7.9951038,54.6870462,1.05,PQ,,0,CLOGHER,CLOGHER,1.0,1.0,1.0,IE,-7.704,exact
28712,110.0,-7.9951038,54.6870462,1.05,PQ,,0,CLOGHER,CLOGHER,1.0,1.0,1.0,IE,-7.704,exact
28810,110.0,-9.023808,52.2053487,1.05389,PQ,28814-2,0,GLENLARA,GLENLARA,1.0,5.0,5.0,IE,13.7441,exact
30820,220.0,-6.3391212,53.3337774,1.05457,PQ,,0,INCHICORE,INCHICORE,1.0,11.0,11.0,IE,-3.0975,exact
31019,110.0,-7.7713595,52.91857,1.03387,PQ,,0,IKERIN T,IKERIN,1.0,8.0,8.0,IE,8.2278,fuzzy
31911,110.0,-9.3733302,52.4345623,1.05158,PQ,,0,KNOCKANURE B,KNOCKANURE B,1.0,5.0,5.0,IE,12.1091,coupled
31920,220.0,-9.3733302,52.4345623,1.05476,PQ,,0,KNOCKANURE,KNOCKANURE,1.0,5.0,5.0,IE,11.7228,exact
32060,220.0,,,1.05495,PQ,32071-1,0,KNOCKRAHA OF,KNOCKRAHA OF,1.0,10.0,10.0,IE,16.1055,
32210,110.0,-8.4775343,51.9222902,1.04498,PQ,,0,KILNAP,KILNAP,1.0,10.0,10.0,IE,11.3697,prefix
32461,110.0,-6.5400403,53.2465815,1.03884,PQ,,0,KILTEEL_CAP,KILTEEL,1.0,11.0,11.0,IE,-4.8985,exact
32661,110.0,-7.1718695,52.6405514,1.04703,PQ,,0,KKY_CAP,KKY,1.0,9.0,9.0,IE,2.7349,coupled
32810,110.0,-8.5454912,52.6401871,1.04942,PQ,,0,KILLONAN2,KILLONAN2,1.0,8.0,8.0,IE,8.3978,fuzzy
33410,110.0,,,1.05015,PQ,33471-1,0,BENDINSTOWN,BENDINSTOWN,1.0,9.0,9.0,IE,2.1482,
34620,220.0,-9.3963977,52.5801792,1.05208,PQ,,0,KILPADDOGE,KILPADDOGE,1.0,5.0,5.0,IE,11.4357,exact
35011,110.0,,,1.04158,PQ,,0,LANESBORO_A2,LANESBORO_A2,1.0,3.0,3.0,IE,1.2108,
35211,110.0,-6.5657571,53.9674714,1.05361,PQ,,0,LOUTHB,LOUTHB,1.0,7.0,7.0,IE,-3.6098,coupled
35231,275.0,-6.5657571,53.9674714,1.02942,PQ,,0,LOUTH,LOUTH,1.0,7.0,7.0,IE,-0.5189,exact
35232,275.0,-6.5657571,53.9674714,1.02958,PQ,,0,LOUTH,LOUTH,1.0,7.0,7.0,IE,-0.5197,exact
35261,110.0,-6.5657571,53.9674714,1.0639,PQ,,0,LOU_CAP,LOU,1.0,7.0,7.0,IE,-3.6696,coupled
35611,110.0,-6.9122464,54.2443142,1.0514,PQ,,0,LISDRUMDOAGH,LISDRUMDOAGH,1.0,7.0,7.0,IE,-6.0224,truncated
35661,110.0,-6.9102424,54.2447228,1.0514,PQ,,0,LISD_CAP,LISD,1.0,7.0,7.0,IE,-6.0224,coupled
35861,110.0,-7.6977545,54.9241287,1.03646,PQ,,0,LKY_CAP,LKY,1.0,1.0,1.0,IE,-11.8474,coupled
35862,110.0,-7.6977545,54.9241287,1.03802,PQ,,0,LKY_SVC,LKY,1.0,1.0,1.0,IE,-11.8474,coupled
36210,110.0,-7.6819128,52.7513555,1.05,PQ,36271-1,0,LISHEEN,LISHEEN,1.0,8.0,8.0,IE,7.64,exact
36411,110.0,-6.5358105,52.579165,1.04915,PQ,36471-1,0,CRORY,CRORY,1.0,9.0,9.0,IE,5.9234,exact
36671,150.0,-6.9856001,52.2816555,1.00162,PQ,36671-1,0,GREENLINK,GREENLINK,2.0,9.0,9.0,IE,13.5131,alias
39420,220.0,,,1.07169,PQ,39475-1,0,W_SKERD ROCK,SKERD ROCK,1.0,4.0,4.0,IE,11.3072,
39444,380.0,,,1.04124,PQ,,0,MPTSERIESCAP,MPTSERIESCAP,1.0,4.0,4.0,IE,15.3939,
39610,110.0,-8.4461681,51.8991554,1.04583,PQ,,0,MARINA,MARINA,1.0,10.0,10.0,IE,11.4044,exact
40061,110.0,-7.3716668,53.5383686,1.03403,PQ,,0,MUL_CAP,MUL,1.0,3.0,3.0,IE,-3.1364,coupled
40461,110.0,-9.1879038,54.1232614,1.06583,PQ,,0,MOY_CAP,MOY,1.0,2.0,2.0,IE,6.5729,exact
40462,110.0,-9.1879038,54.1232614,1.06583,PQ,,0,MOYCAP2,MOYCAP2,1.0,2.0,2.0,IE,6.5729,coupled
43619,110.0,,,1.04488,PQ,,0,OUTAGH T,OUTAGH,1.0,5.0,5.0,IE,7.6858,
43844,380.0,,,1.06965,PQ,,0,OLDSERIESCAP,OLDSERIESCAP,1.0,4.0,4.0,IE,9.3493,
44661,220.0,,,1.05,PQ,,0,PBEG REACTOR,PBEG REACTOR,1.0,11.0,11.0,IE,-1.0318,
44662,220.0,,,1.05526,PQ,,0,PBEG REACTOR,PBEG REACTOR,1.0,11.0,11.0,IE,-3.1072,
44731,220.0,,,1.05708,PQ,44736-1,0,CODLING 1,CODLING 1,1.0,11.0,11.0,IE,-0.7711,
44732,220.0,,,1.06235,PQ,44737-1,0,CODLING 2,CODLING 2,1.0,11.0,11.0,IE,-2.8494,
44733,220.0,,,1.06235,PQ,44738-1,0,CODLING 3,CODLING 3,1.0,11.0,11.0,IE,-2.8494,
47210,110.0,-8.3695668,51.8268181,1.06453,PQ,,0,RAFFEENB,RAFFEENB,1.0,10.0,10.0,IE,12.8524,fuzzy
47261,110.0,-8.3695668,51.8268181,1.06453,PQ,,0,RAFF_CAP,RAFF,1.0,10.0,10.0,IE,12.8524,coupled
49662,110.0,-7.2988808,53.9987866,1.04851,PQ,,0,MOB_CAP,MOB,1.0,7.0,7.0,IE,-5.474,coupled
49861,110.0,-8.4672217,54.2412252,1.05175,PQ,,0,SLIG_CAP,SLIG,1.0,2.0,2.0,IE,-1.1166,coupled
50019,110.0,,,1.05472,PQ,,0,SOMRST T,SOMRST,1.0,3.0,3.0,IE,8.8078,
50619,110.0,,,1.03405,PQ,,0,STRATF T,STRATF,1.0,9.0,9.0,IE,0.9252,
51319,110.0,-6.2060635,53.2702392,1.05158,PQ,,0,CENTRAL PARK,CENTRAL PARK,1.0,11.0,11.0,IE,-4.0522,exact
51410,110.0,-9.3662608,52.5885022,1.05,PQ,,0,TARBERT,TARBERT,1.0,5.0,5.0,IE,11.8223,exact
51911,110.0,,,1.0479,PQ,51971-1,0,CROAGHONAGH,CROAGHONAGH,1.0,1.0,1.0,IE,-7.6194,
52219,110.0,,,1.05465,PQ,,0,TULBRK T,TULBRK,1.0,4.0,4.0,IE,9.5684,
52610,110.0,-9.426115,52.4245772,1.05174,PQ,52675-1,0,TRIEN,TRIEN,1.0,5.0,5.0,IE,12.2107,exact
52661,110.0,-9.426115,52.4245772,1.05658,PQ,,0,TRIE_CAP,TRIE,1.0,5.0,5.0,IE,8.7779,coupled
52861,110.0,-9.6740021,52.2890467,1.05093,PQ,,0,TRAL_CAP,TRAL,1.0,5.0,5.0,IE,8.1339,coupled
53061,110.0,-7.7642805,52.6919962,1.04858,PQ,,0,THUR_CAP,THUR,1.0,8.0,8.0,IE,7.3986,coupled
54622,220.0,-6.5697981,53.4746308,1.06886,PQ,,0,WOODLAND,WOODLAND,1.0,11.0,11.0,IE,0.2027,exact
54630,260.0,-6.5675597,53.4712157,1.04392,PQ,54630-1,0,EASTWEST,EASTWEST,2.0,11.0,11.0,IE,3.8431,alias
54640,380.0,-6.5675597,53.4712157,1.05231,PQ,,0,PORTAN,PORTAN,1.0,11.0,11.0,IE,3.1978,exact
55061,110.0,-6.5394499,52.3403641,1.039,PQ,,0,WEXF_CAP,WEXF,1.0,9.0,9.0,IE,6.1673,coupled
66094,110.0,-8.0518963,53.7511805,1.05,PQ,66095-1,0,SLIABH BAWN,SLIABH BAWN,1.0,3.0,3.0,IE,0.8779,exact
66096,110.0,,,1.0508,PQ,68096-1,0,UPPERCHURCH,UPPERCHURCH,1.0,8.0,8.0,IE,7.9936,
66121,220.0,,,1.05,PQ,,0,ORIEL,ORIEL,1.0,11.0,11.0,IE,-0.5805,
66122,220.0,,,1.05557,PQ,,0,ORIEL LANDIN,ORIEL LANDIN,1.0,11.0,11.0,IE,-0.4554,
66123,220.0,,,1.05606,PQ,66171-2,0,ORIEL OFFSHO,ORIEL OFFSHO,1.0,11.0,11.0,IE,-0.4157,
68090,110.0,,,1.03948,PQ,68095-1,0,KNOCKNAMONA,KNOCKNAMONA,1.0,12.0,12.0,IE,9.9181,
70010,110.0,-7.5851248,54.1627134,1.01206,PQ,70091-SN,0,AGHYOULE,AGHYOULE,1.0,14.0,14.0,NI,-4.7526,exact
70111,110.0,,,1.04602,PQ,,0,AIRP,AIRP,1.0,13.0,13.0,NI,-4.0653,
70112,110.0,,,1.04601,PQ,,0,AIRP1B,AIRP1,1.0,13.0,13.0,NI,-4.0657,
70311,110.0,-6.2208116,54.7277414,1.02974,PQ,70390-CR,0,ANTR1A,ANTR1,1.0,13.0,13.0,NI,0.0288,ni-code
70312,110.0,-6.2208116,54.7277414,1.02582,PQ,,0,ANTR1B,ANTR1,1.0,13.0,13.0,NI,0.0848,ni-code
70510,110.0,-5.7822124,54.8423899,1.04112,PQ,70507-7,0,BAFD1-,BAFD1,1.0,13.0,13.0,NI,3.1521,ni-code
70520,275.0,-5.7840555,54.8451971,1.03743,PQ,70513-A,0,BAFD2-,BAFD2,1.0,13.0,13.0,NI,2.8456,ni-code
71011,110.0,-6.2853537,54.8512107,1.02703,PQ,71037-EL,0,BAME1A,BAME1,1.0,14.0,14.0,NI,-0.1425,ni-code
71012,110.0,-6.2853537,54.8512107,1.0265,PQ,,0,BAME1B,BAME1,1.0,14.0,14.0,NI,-0.2066,ni-code
71511,110.0,-6.2458547,54.3439696,1.05112,PQ,,0,BANB1A,BANB1,1.0,13.0,13.0,NI,-3.7583,ni-code
71512,110.0,-6.2458547,54.3439696,1.0524,PQ,,0,BANB1B,BANB1,1.0,13.0,13.0,NI,-3.6291,ni-code
72010,110.0,-5.8612268,54.7841741,1.03243,PQ,,0,BAVA1-,BAVA1,1.0,13.0,13.0,NI,1.5193,ni-code
72021,110.0,,,1.03243,PQ,,0,TBESS,TBESS,1.0,13.0,13.0,NI,1.5192,
72511,110.0,-5.8782828,54.3907852,1.03491,PQ,,0,BNCH1A,BNCH1,1.0,13.0,13.0,NI,-4.9355,ni-code
72512,110.0,-5.8782828,54.3907852,1.0349,PQ,,0,BNCH1B,BNCH1,1.0,13.0,13.0,NI,-4.9381,ni-code
73011,110.0,-5.9247406,54.6048411,1.0465,PQ,,0,BELN1A,BELN1,1.0,13.0,13.0,NI,-3.7028,coupled
73012,110.0,-5.9247406,54.6048411,1.0465,PQ,,0,BELN1B,BELN1,1.0,13.0,13.0,NI,-3.7028,coupled
73500,110.0,-6.7382085,54.9371278,1.03,PQ,73501-BR,0,BROCK1,BROCK1,1.0,14.0,14.0,NI,0.4161,ni-code
73510,110.0,,,1.02973,PQ,73530-CE,0,GARVAGH NI,GARVAGH NI,1.0,14.0,14.0,NI,0.3754,
74011,110.0,-5.9538319,54.6869153,1.03268,PQ,74091-CH,0,CARN1A,CARN1,1.0,13.0,13.0,NI,1.6063,ni-code
74012,110.0,-5.9538319,54.6869153,1.03267,PQ,,0,CARN1B,CARN1,1.0,13.0,13.0,NI,1.6171,ni-code
74511,110.0,-5.8784287,54.5629404,1.04915,PQ,,0,CAST1A,CAST1,1.0,13.0,13.0,NI,-3.7639,ni-site
74512,110.0,-5.8784287,54.5629404,1.04915,PQ,,0,CAST1B,CAST1,1.0,13.0,13.0,NI,-3.7639,ni-site
74520,275.0,-5.8784287,54.5629404,1.02988,PQ,,0,CAST2-,CAST2,1.0,13.0,13.0,NI,0.2215,ni-code
74711,110.0,-5.9247406,54.6048411,1.04668,PQ,,0,CENT1A,CENT1,1.0,13.0,13.0,NI,-3.718,ni-code
74712,110.0,-5.9247406,54.6048411,1.04668,PQ,,0,CENT1B,CENT1,1.0,13.0,13.0,NI,-3.718,ni-code
75010,110.0,-6.6873926,55.1094142,1.01917,PQ,75092-GR,0,COLE1-,COLE1,1.0,14.0,14.0,NI,-1.0804,ni-code
75012,110.0,-6.6873926,55.1094142,1.01917,PQ,,0,COL_HISC,COL_HISC,1.0,14.0,14.0,NI,-1.0804,coupled
75510,110.0,-7.2472407,55.0424072,1.05851,PQ,75515-ST,0,COOL1-,COOL1,1.0,14.0,14.0,NI,1.3925,ni-site
75511,110.0,-7.2472407,55.0424072,1.05851,PQ,,0,COOL1,COOL1,1.0,14.0,14.0,NI,1.3925,ni-site
75514,110.0,-7.2472407,55.0424072,1.05851,PQ,,0,COOL_CAP,COOL,1.0,14.0,14.0,NI,1.3925,coupled
75520,275.0,-7.2472407,55.0424072,1.03366,PQ,75516-GT,0,COOLKEER,COOLKEER,1.0,14.0,14.0,NI,2.9324,prefix
75521,275.0,-7.2472407,55.0424072,1.0337,PQ,,0,COOL2A,COOL2,1.0,14.0,14.0,NI,2.9193,ni-code
75522,275.0,-7.2472407,55.0424072,1.03369,PQ,,0,COOL2B,COOL2,1.0,14.0,14.0,NI,2.9193,ni-code
75523,275.0,-7.2472407,55.0424072,1.03366,PQ,,0,SKRAFT_SC,SKRAFT_SC,1.0,14.0,14.0,NI,2.9324,coupled
75610,110.0,,,1.05953,PQ,75630-AU,0,AUGHT,AUGHT,1.0,14.0,14.0,NI,1.4264,
75611,110.0,,,1.05881,PQ,,0,CULMORE_RD,CULMORE_RD,1.0,14.0,14.0,NI,1.3928,
75710,110.0,-5.9247406,54.6048411,1.04671,PQ,,0,CORP ST,CORP ST,1.0,13.0,13.0,NI,-3.7136,coupled
75810,110.0,-6.4927469,54.7612165,1.02136,PQ,75830-BQ,0,CREAGH,CREAGH,1.0,14.0,14.0,NI,-1.9488,exact
76011,110.0,-5.8958778,54.5825064,1.04785,PQ,,0,CREG1A,CREG1,1.0,13.0,13.0,NI,-3.7781,ni-code
76012,110.0,-5.8958778,54.5825064,1.04785,PQ,,0,CREG1B,CREG1,1.0,13.0,13.0,NI,-3.7779,ni-code
76511,110.0,-5.9247406,54.6048411,1.04579,PQ,,0,DONE1C,DONE1C,1.0,13.0,13.0,NI,-3.5283,coupled
76512,110.0,-5.9540897,54.5909011,1.04595,PQ,,0,DONE1B,DONE1,1.0,13.0,13.0,NI,-3.5289,ni-code
76513,110.0,,,1.04464,PQ,,0,DONE1D,DONE1D,1.0,13.0,13.0,NI,-3.5017,
76514,110.0,-5.9540897,54.5909011,1.04258,PQ,,0,DONE1A,DONE1,1.0,13.0,13.0,NI,-3.4755,ni-code
76810,110.0,-7.3879666,54.5291488,1.0307,PQ,,0,DROMORE,DROMORE,1.0,14.0,14.0,NI,-2.4626,exact
77010,110.0,,,1.05521,PQ,77090-MN,0,DRUM1-,DRUM1,1.0,14.0,14.0,NI,-3.125,
77210,110.0,-7.4862623,54.575301,1.03215,PQ,77291-CA,0,DRUMQUIN,DRUMQUIN,1.0,14.0,14.0,NI,-2.0754,exact
77211,110.0,,,1.03217,PQ,77231-CM,0,CURR_WF,CURR_WF,1.0,14.0,14.0,NI,-2.0703,
77212,110.0,,,1.03223,PQ,77232-PT,0,WIND_PT,WIND_PT,1.0,14.0,14.0,NI,-2.0678,
77511,110.0,-6.7496081,54.5330816,1.04236,PQ,77591-CR,0,DUNG1-,DUNG1,1.0,14.0,14.0,NI,-2.2035,ni-code
77512,110.0,-6.7496081,54.5330816,1.04236,PQ,,0,DUNG1B,DUNG1,1.0,14.0,14.0,NI,-2.2035,ni-code
78511,110.0,-5.7827614,54.7377509,1.03353,PQ,78590-LI,0,EDEN1A,EDEN1,1.0,13.0,13.0,NI,1.9524,ni-code
78512,110.0,-5.7827614,54.7377509,1.03353,PQ,,0,EDEN1B,EDEN1,1.0,13.0,13.0,NI,1.9645,ni-code
79010,110.0,-7.6326094,54.3671413,1.01691,PQ,79091-CA,0,ENNISKIL,ENNISKIL,1.0,14.0,14.0,NI,-3.9566,prefix
79015,110.0,-7.6326094,54.3671413,1.01726,PQ,,0,ENNK_PST,ENNK,1.0,14.0,14.0,NI,-6.8771,coupled
79016,110.0,-7.6326094,54.3671413,1.04498,PQ,,0,ENNK_PST,ENNK,1.0,14.0,14.0,NI,-6.804,coupled
79017,110.0,-7.6326094,54.3671413,1.01726,PQ,,0,ENNISKILLEN,ENNISKILLEN,1.0,14.0,14.0,NI,-6.8771,exact
79510,110.0,,,1.02424,PQ,79530-CB,0,CAM,CAM,1.0,14.0,14.0,NI,-0.6639,
80011,110.0,-5.9944128,54.5699203,1.04511,PQ,,0,FINY1A,FINY1,1.0,13.0,13.0,NI,-3.3504,ni-code
80012,110.0,-5.9944128,54.5699203,1.04555,PQ,,0,FINY1B,FINY1,1.0,13.0,13.0,NI,-3.3539,ni-code
80511,110.0,,,1.02938,PQ,,0,GLEN1A,GLEN1,1.0,14.0,14.0,NI,-0.0013,
80512,110.0,,,1.02938,PQ,,0,GLEN1B,GLEN1,1.0,14.0,14.0,NI,-0.0014,
80710,110.0,-7.1171035,54.4851717,1.04091,PQ,80700-SS,0,GORT,GORT,1.0,14.0,14.0,NI,-1.7869,exact
80711,110.0,-7.1171035,54.4851717,1.04091,PQ,,0,GORT SC,GORT SC,1.0,14.0,14.0,NI,-1.7869,coupled
81010,110.0,-6.0273784,54.5747551,1.0459,PQ,,0,HANA1A,HANA1,1.0,13.0,13.0,NI,-3.283,ni-site
81011,110.0,-6.0273784,54.5747551,1.0459,PQ,,0,HANA1B,HANA1,1.0,13.0,13.0,NI,-3.283,ni-site
81020,275.0,-6.0273784,54.5747551,1.03282,PQ,,0,HANA2A,HANA2,1.0,13.0,13.0,NI,0.508,ni-code
81031,110.0,,,1.04592,PQ,,0,COLINGLEN_BE,COLINGLEN_BE,1.0,13.0,13.0,NI,-3.2835,
81510,110.0,-6.1653631,54.8036875,1.0324,PQ,81530-CG,0,KELS1-,KELS1,1.0,14.0,14.0,NI,0.3796,ni-code
81511,110.0,-6.1653631,54.8036875,1.03241,PQ,,0,KELL_WIND1,KELL_WIND1,1.0,14.0,14.0,NI,0.3795,coupled
81512,110.0,,,1.03246,PQ,,0,KELL_WIND2,KELL_WIND2,1.0,14.0,14.0,NI,0.379,
81520,275.0,-6.167332,54.8014668,1.02838,PQ,,0,KELS2-,KELS2,1.0,14.0,14.0,NI,2.5364,ni-code
81810,110.0,,,1.05282,PQ,81831-EL,0,KILL1-CL,KILL1-CL,1.0,14.0,14.0,NI,1.147,
82020,275.0,-5.7679308,54.727135,1.02495,PQ,82003-3,0,KILR2-,KILR2,1.0,13.0,13.0,NI,3.1316,ni-code
82511,110.0,-5.8560999,54.5941754,1.04786,PQ,,0,KNCK1A,KNCK1,1.0,13.0,13.0,NI,-3.8144,ni-code
82512,110.0,-5.8560999,54.5941754,1.04787,PQ,,0,KNCK1B,KNCK1,1.0,13.0,13.0,NI,-3.8136,ni-code
83011,110.0,-5.8553653,54.847707,1.02928,PQ,83091-EH,0,LARN1A,LARN1,1.0,13.0,13.0,NI,1.2034,ni-code
83012,110.0,-5.8553653,54.847707,1.02974,PQ,,0,LARN1B,LARN1,1.0,13.0,13.0,NI,1.2568,ni-code
83510,110.0,-6.9158482,55.0242354,1.04137,PQ,83591-A1,0,LIMA1-,LIMA1,1.0,14.0,14.0,NI,-0.3896,ni-code
84011,110.0,-6.0904031,54.5211635,1.0444,PQ,84095-BA,0,LISB1A,LISB1,1.0,13.0,13.0,NI,-3.6054,ni-code
84012,110.0,-6.0904031,54.5211635,1.04484,PQ,,0,LISB1B,LISB1,1.0,13.0,13.0,NI,-3.5965,ni-code
84411,110.0,-7.3049906,54.9806374,1.05481,PQ,,0,LSMR1A,LSMR1,1.0,14.0,14.0,NI,1.1112,ni-code
84412,110.0,-7.3049906,54.9806374,1.0548,PQ,84491-CU,0,LSMR1B,LSMR1,1.0,14.0,14.0,NI,1.1104,ni-code
84511,110.0,-6.6561595,55.1478388,1.01941,PQ,84590-CL,0,LOGE1A,LOGE1,1.0,14.0,14.0,NI,-1.383,ni-code
84512,110.0,-6.6561595,55.1478388,1.01101,PQ,,0,LOGE1B,LOGE1,1.0,14.0,14.0,NI,-1.3869,ni-code
85020,275.0,-6.6158563,54.73025,1.03289,PQ,,0,MAGF2-,MAGF2,1.0,13.0,13.0,NI,1.8865,ni-code
85510,110.0,,,1.03688,PQ,85590-GR,0,MAKL1-CL,MAKL1-CL,1.0,14.0,14.0,NI,-1.1876,
86220,275.0,-5.7704674,54.8432016,1.03746,PQ,,0,BALLYCRO,BALLYCRO,1.0,13.0,13.0,NI,2.8353,alias
86221,275.0,,,1.0,Slack,86221 import,1,SCOTLAND,SCOTLAND,3.0,13.0,13.0,NI,0.0,
86280,110.0,-5.7704674,54.8432016,1.01837,PQ,,0,MOYL_DUM,MOYL,1.0,13.0,13.0,NI,2.8353,alias
86311,110.0,-5.6775437,54.602727,1.04526,PQ,,0,NARD1A,NARD1,1.0,13.0,13.0,NI,-4.2579,ni-code
86312,110.0,-5.6775437,54.602727,1.04475,PQ,86332-BY,0,NARD1B,NARD1,1.0,13.0,13.0,NI,-4.3209,ni-code
86511,110.0,-6.3198565,54.1790704,1.03881,PQ,,0,NEWY1A,NEWY1,1.0,13.0,13.0,NI,-4.6203,ni-code
86512,110.0,-6.3198565,54.1790704,1.03877,PQ,86590-CH,0,NEWY1B,NEWY1,1.0,13.0,13.0,NI,-4.6245,ni-code
87510,110.0,-7.2810517,54.5779193,1.03475,PQ,87591-T1,0,OMAH1-,OMAH1,1.0,14.0,14.0,NI,-2.0413,ni-code
87900,110.0,,,1.02856,PQ,87991-BR,0,RASHARK1,RASHARK1,1.0,14.0,14.0,NI,-0.2192,
87901,110.0,,,1.02836,PQ,,0,T_GOWANGIS,T_GOWANGIS,1.0,14.0,14.0,NI,-0.7538,
88011,110.0,-5.6724001,54.6465345,1.03819,PQ,,0,RATH1A,RATH1,1.0,13.0,13.0,NI,-4.6901,ni-code
88012,110.0,-5.6724001,54.6465345,1.0375,PQ,,0,RATH1B,RATH1,1.0,13.0,13.0,NI,-4.7306,ni-code
88511,110.0,-5.8678235,54.5759299,1.0488,PQ,,0,ROSE1A,ROSE1,1.0,13.0,13.0,NI,-3.809,ni-code
88512,110.0,-5.8678235,54.5759299,1.0488,PQ,,0,ROSE1B,ROSE1,1.0,13.0,13.0,NI,-3.8094,ni-code
89210,110.0,,,1.05216,PQ,89202-S2,0,SKRK1-,SKRK1,1.0,14.0,14.0,NI,1.2405,
89311,110.0,-7.3333798,55.0198941,1.05586,PQ,,0,SPRN1A,SPRN1,1.0,14.0,14.0,NI,1.134,ni-code
89312,110.0,-7.3333798,55.0198941,1.05586,PQ,,0,SPRN1B,SPRN1,1.0,14.0,14.0,NI,1.1326,ni-code
89510,110.0,-7.4307015,54.8524826,1.05053,PQ,89591-O1,0,STRABANE,STRABANE,1.0,14.0,14.0,NI,0.6123,exact
89515,110.0,-7.4307015,54.8524826,1.05218,PQ,,0,STRA_PST,STRA,1.0,14.0,14.0,NI,-15.4212,coupled
89516,110.0,-7.4307015,54.8524826,1.0117,PQ,,0,STRA_PST,STRA,1.0,14.0,14.0,NI,-14.5986,coupled
89517,110.0,-7.4307015,54.8524826,1.05218,PQ,,0,STRABANE ZER,STRABANE ZER,1.0,14.0,14.0,NI,-15.4212,coupled
90011,110.0,-6.425216,54.3700948,1.0589,PQ,,0,TAND1A,TAND1,1.0,13.0,13.0,NI,-3.068,coupled
90012,110.0,-6.425216,54.3700948,1.0589,PQ,,0,TAND1B,TAND1,1.0,13.0,13.0,NI,-3.068,coupled
90020,275.0,-6.425216,54.3700948,1.02821,PQ,,0,TANDRAGEE,TANDRAGEE,1.0,13.0,13.0,NI,0.2613,exact
90210,110.0,,,1.04258,PQ,90231-CC,0,TREM,TREM,1.0,14.0,14.0,NI,-1.8034,
90310,110.0,-6.6816791,54.5119455,1.04624,PQ,,0,TAMNAMOR,TAMNAMOR,1.0,13.0,13.0,NI,-1.8704,prefix
90320,275.0,-6.6816791,54.5119455,1.03176,PQ,,0,TAMNAMOR,TAMNAMOR,1.0,13.0,13.0,NI,0.9486,prefix
90331,110.0,-6.6816791,54.5119455,1.04624,PQ,,0,HERON_BES,HERON_BES,1.0,13.0,13.0,NI,-1.8704,coupled
90420,275.0,-6.425216,54.3700948,1.03177,PQ,,0,TURLEENA,TURLEENA,1.0,13.0,13.0,NI,0.8536,coupled
90440,380.0,-6.425216,54.3700948,1.03926,PQ,,0,TURLEENA,TURLEENA,1.0,13.0,13.0,NI,1.4765,coupled
90511,110.0,-6.3078693,54.450423,1.05093,PQ,90540-LH,0,WARN1A,WARN1,1.0,13.0,13.0,NI,-3.8102,ni-code
90512,110.0,-6.3078693,54.450423,1.05095,PQ,,0,WARN1B,WARN1,1.0,13.0,13.0,NI,-3.8084,ni-code
90710,110.0,-5.9247406,54.6048411,1.04655,PQ,,0,YORK ST,YORK ST,1.0,13.0,13.0,NI,-3.6935,coupled
star:1072-1041-10421-2,220.0,,,1.05275,PQ,,0,star of 1072-1041-10421-2,STAR,1.0,,,--,14.2997,
star:1122-1121-11221-1,220.0,,,1.04016,PQ,,0,star of 1122-1121-11221-1,STAR,1.0,,,--,2.0682,
star:1122-1121-11222-2,220.0,,,1.04016,PQ,,0,star of 1122-1121-11222-2,STAR,1.0,,,--,2.0682,
star:1212-1211-12121-1,220.0,,,1.05726,PQ,,0,star of 1212-1211-12121-1,STAR,1.0,,,--,13.9662,
star:1212-12111-12122-2,220.0,,,1.05726,PQ,,0,star of 1212-12111-12122-2,STAR,1.0,,,--,13.9662,
star:1244-1243-12402-1,380.0,,,1.01547,PQ,,0,star of 1244-1243-12402-1,STAR,1.0,,,--,15.8571,
star:1472-1471-14721-1,220.0,,,1.04193,PQ,,0,star of 1472-1471-14721-1,STAR,1.0,,,--,-4.0059,
star:1472-1471-14722-2,220.0,,,1.04193,PQ,,0,star of 1472-1471-14722-2,STAR,1.0,,,--,-4.0059,
star:1474-1472-14723-1,380.0,,,1.05152,PQ,,0,star of 1474-1472-14723-1,STAR,1.0,,,--,-0.4373,
star:1602-1601-16022-1,220.0,,,1.05264,PQ,,0,star of 1602-1601-16022-1,STAR,1.0,,,--,12.1761,
star:1602-16011-16021-1,220.0,,,1.05264,PQ,,0,star of 1602-16011-16021-1,STAR,1.0,,,--,12.1761,
star:1642-1641-16421-1,220.0,,,1.06962,PQ,,0,star of 1642-1641-16421-1,STAR,1.0,,,--,5.4421,
star:1642-1641-16422-2,220.0,,,1.06962,PQ,,0,star of 1642-1641-16422-2,STAR,1.0,,,--,5.4421,
star:1642-16411-16424-4,220.0,,,1.06979,PQ,,0,star of 1642-16411-16424-4,STAR,1.0,,,--,5.2654,
star:1742-1741-17421-1,220.0,,,1.0523,PQ,,0,star of 1742-1741-17421-1,STAR,1.0,,,--,-3.5989,
star:1742-1741-17422-2,220.0,,,1.0523,PQ,,0,star of 1742-1741-17422-2,STAR,1.0,,,--,-3.5989,
star:1742-17411-17423-3,220.0,,,1.04775,PQ,,0,star of 1742-17411-17423-3,STAR,1.0,,,--,-2.8839,
star:1742-17411-17424-4,220.0,,,1.04783,PQ,,0,star of 1742-17411-17424-4,STAR,1.0,,,--,-2.8783,
star:2002-2001-20021-1,220.0,,,1.05088,PQ,,0,star of 2002-2001-20021-1,STAR,1.0,,,--,9.9687,
star:2042-2041-20421-1,220.0,,,1.03687,PQ,,0,star of 2042-2041-20421-1,STAR,1.0,,,--,-4.2543,
star:2042-20416-20424-4,220.0,,,1.05036,PQ,,0,star of 2042-20416-20424-4,STAR,1.0,,,--,-1.1827,
star:2052-2041-20422-2,220.0,,,1.03697,PQ,,0,star of 2052-2041-20422-2,STAR,1.0,,,--,-4.2488,
star:2204-2202-22021-1,380.0,,,1.0537,PQ,,0,star of 2204-2202-22021-1,STAR,1.0,,,--,1.875,
star:2204-2202-22022-2,380.0,,,1.05385,PQ,,0,star of 2204-2202-22022-2,STAR,1.0,,,--,2.0654,
star:2204-2212-22023-3,380.0,,,1.05167,PQ,,0,star of 2204-2212-22023-3,STAR,1.0,,,--,3.5476,
star:2522-2521-25221-1,220.0,,,1.05595,PQ,,0,star of 2522-2521-25221-1,STAR,1.0,,,--,0.1643,
star:2522-2521-25222-2,220.0,,,1.05598,PQ,,0,star of 2522-2521-25222-2,STAR,1.0,,,--,0.1591,
star:2562-2561-25621-1,220.0,,,1.04822,PQ,,0,star of 2562-2561-25621-1,STAR,1.0,,,--,-3.8895,
star:2562-2571-25622-2,220.0,,,1.0498,PQ,,0,star of 2562-2571-25622-2,STAR,1.0,,,--,-4.3939,
star:2563-2561-25624-4,220.0,,,1.04829,PQ,,0,star of 2563-2561-25624-4,STAR,1.0,,,--,-3.8768,
star:2563-2571-25625-5,220.0,,,1.04988,PQ,,0,star of 2563-2571-25625-5,STAR,1.0,,,--,-4.3846,
star:2742-2741-27421-1,220.0,,,1.05503,PQ,,0,star of 2742-2741-27421-1,STAR,1.0,,,--,10.1394,
star:2742-2741-27422-2,220.0,,,1.05503,PQ,,0,star of 2742-2741-27422-2,STAR,1.0,,,--,10.1394,
star:2842-2841-28421-1,220.0,,,1.03918,PQ,,0,star of 2842-2841-28421-1,STAR,1.0,,,--,-4.1779,
star:3082-3081-30822-2,220.0,,,1.0579,PQ,,0,star of 3082-3081-30822-2,STAR,1.0,,,--,-5.4205,
star:3082-3091-30824-4,220.0,,,1.04538,PQ,,0,star of 3082-3091-30824-4,STAR,1.0,,,--,-7.2292,
star:3192-3191-31922-1,220.0,,,1.05208,PQ,,0,star of 3192-3191-31922-1,STAR,1.0,,,--,12.0306,
star:3192-31911-31927-2,220.0,,,1.05208,PQ,,0,star of 3192-31911-31927-2,STAR,1.0,,,--,12.0306,
star:3202-3201-32021-1,220.0,,,1.04644,PQ,,0,star of 3202-3201-32021-1,STAR,1.0,,,--,13.0415,
star:3203-3209-32022-2,220.0,,,1.04643,PQ,,0,star of 3203-3209-32022-2,STAR,1.0,,,--,13.0364,
star:3204-3202-32081-1,380.0,,,1.05024,PQ,,0,star of 3204-3202-32081-1,STAR,1.0,,,--,15.8564,
star:3282-3281-32823-3,220.0,,,1.04983,PQ,,0,star of 3282-3281-32823-3,STAR,1.0,,,--,8.8408,
star:3282-32810-32824-4,220.0,,,1.04983,PQ,,0,star of 3282-32810-32824-4,STAR,1.0,,,--,8.8408,
star:3332-3331-33321-1,220.0,,,1.05218,PQ,,0,star of 3332-3331-33321-1,STAR,1.0,,,--,13.4891,
star:3332-3331-33323-3,220.0,,,1.05218,PQ,,0,star of 3332-3331-33323-3,STAR,1.0,,,--,13.4891,
star:3342-3341-33421-1,220.0,,,1.0525,PQ,,0,star of 3342-3341-33421-1,STAR,1.0,,,--,2.4142,
star:3342-3341-33422-2,220.0,,,1.05252,PQ,,0,star of 3342-3341-33422-2,STAR,1.0,,,--,2.4136,
star:3462-3461-34621-1,220.0,,,1.05191,PQ,,0,star of 3462-3461-34621-1,STAR,1.0,,,--,10.3378,
star:3462-3461-34622-2,220.0,,,1.05191,PQ,,0,star of 3462-3461-34622-2,STAR,1.0,,,--,10.3378,
star:3464-3462-34641-1,380.0,,,1.05703,PQ,,0,star of 3464-3462-34641-1,STAR,1.0,,,--,9.6497,
star:3472-3471-34721-1,220.0,,,1.04063,PQ,,0,star of 3472-3471-34721-1,STAR,1.0,,,--,-6.0837,
star:3472-3471-34722-2,220.0,,,1.04063,PQ,,0,star of 3472-3471-34722-2,STAR,1.0,,,--,-6.0837,
star:3472-3471-34723-3,220.0,,,1.04063,PQ,,0,star of 3472-3471-34723-3,STAR,1.0,,,--,-6.0837,
star:3472-3471-34724-4,220.0,,,1.04063,PQ,,0,star of 3472-3471-34724-4,STAR,1.0,,,--,-6.0837,
star:3522-3521-35221-1,220.0,,,1.06578,PQ,,0,star of 3522-3521-35221-1,STAR,1.0,,,--,-3.4238,
star:3522-3521-35223-3,220.0,,,1.06578,PQ,,0,star of 3522-3521-35223-3,STAR,1.0,,,--,-3.4224,
star:3522-35211-35222-2,220.0,,,1.05648,PQ,,0,star of 3522-35211-35222-2,STAR,1.0,,,--,-3.3709,
star:3522-35211-35224-4,220.0,,,1.05249,PQ,,0,star of 3522-35211-35224-4,STAR,1.0,,,--,-3.107,
star:3522-35231-35236-1,220.0,,,1.02951,PQ,,0,star of 3522-35231-35236-1,STAR,1.0,,,--,-0.7485,
star:3522-35231-35238-3,220.0,,,1.02951,PQ,,0,star of 3522-35231-35238-3,STAR,1.0,,,--,-0.7462,
star:3522-35232-35237-2,220.0,,,1.02986,PQ,,0,star of 3522-35232-35237-2,STAR,1.0,,,--,-0.9768,
star:3554-3550-35542-2,380.0,,,1.04992,PQ,,0,star of 3554-3550-35542-2,STAR,1.0,,,--,4.3954,
star:3554-3551-35541-1,380.0,,,1.03639,PQ,,0,star of 3554-3551-35541-1,STAR,1.0,,,--,2.3161,
star:3642-3641-36421-1,220.0,,,1.04921,PQ,,0,star of 3642-3641-36421-1,STAR,1.0,,,--,6.1283,
star:3842-3851-38423-3,220.0,,,1.03247,PQ,,0,star of 3842-3851-38423-3,STAR,1.0,,,--,-3.6952,
star:3842-3851-38424-4,220.0,,,1.03489,PQ,,0,star of 3842-3851-38424-4,STAR,1.0,,,--,-3.3825,
star:3852-3841-38421-1,220.0,,,1.04594,PQ,,0,star of 3852-3841-38421-1,STAR,1.0,,,--,-3.4306,
star:3852-3841-38422-2,220.0,,,1.04676,PQ,,0,star of 3852-3841-38422-2,STAR,1.0,,,--,-3.2574,
star:3934-3942-39402-1,380.0,,,1.05669,PQ,,0,star of 3934-3942-39402-1,STAR,1.0,,,--,9.5257,
star:3940-3941-39423-1,220.0,,,1.05522,PQ,,0,star of 3940-3941-39423-1,STAR,1.0,,,--,10.2755,
star:3954-3942-39421-2,380.0,,,1.06541,PQ,,0,star of 3954-3942-39421-2,STAR,1.0,,,--,9.7549,
star:4384-4382-43821-1,380.0,,,1.06947,PQ,,0,star of 4384-4382-43821-1,STAR,1.0,,,--,6.8935,
star:4472-4461-44623-3,220.0,,,1.05431,PQ,,0,star of 4472-4461-44623-3,STAR,1.0,,,--,-6.6349,
star:4472-4471-44624-4,220.0,,,1.05428,PQ,,0,star of 4472-4471-44624-4,STAR,1.0,,,--,-6.6682,
star:4664-4662-46621-1,380.0,,,1.06509,PQ,,0,star of 4664-4662-46621-1,STAR,1.0,,,--,5.5547,
star:4664-4662-46622-2,380.0,,,1.06509,PQ,,0,star of 4664-4662-46622-2,STAR,1.0,,,--,5.5547,
star:4722-4721-47221-1,220.0,,,1.05413,PQ,,0,star of 4722-4721-47221-1,STAR,1.0,,,--,13.773,
star:4722-47210-47222-2,220.0,,,1.06435,PQ,,0,star of 4722-47210-47222-2,STAR,1.0,,,--,13.8184,
star:4942-4941-49422-2,220.0,,,1.05782,PQ,,0,star of 4942-4941-49422-2,STAR,1.0,,,--,10.2919,
star:4943-4941-49421-1,220.0,,,1.05789,PQ,,0,star of 4943-4941-49421-1,STAR,1.0,,,--,10.2899,
star:5042-5041-50421-1,220.0,,,1.05349,PQ,,0,star of 5042-5041-50421-1,STAR,1.0,,,--,-1.0452,
star:5142-51410-51422-2,220.0,,,1.05,PQ,,0,star of 5142-51410-51422-2,STAR,1.0,,,--,11.8223,
star:5464-5462-54621-1,380.0,,,1.09047,PQ,,0,star of 5464-5462-54621-1,STAR,1.0,,,--,1.3292,
star:5464-5462-54624-4,380.0,,,1.09047,PQ,,0,star of 5464-5462-54624-4,STAR,1.0,,,--,1.3292,
star:5464-54622-54623-2,380.0,,,1.07209,PQ,,0,star of 5464-54622-54623-2,STAR,1.0,,,--,1.5751,
star:30820-3081-30821-1,220.0,,,1.0579,PQ,,0,star of 30820-3081-30821-1,STAR,1.0,,,--,-5.4205,
star:30820-3091-30826-3,220.0,,,1.04538,PQ,,0,star of 30820-3091-30826-3,STAR,1.0,,,--,-7.2292,
star:70510-70520-70561-1,110.0,,,1.04147,PQ,,0,star of 70510-70520-70561-1,STAR,1.0,,,--,3.1827,
star:70510-70520-70562-1,110.0,,,1.0415,PQ,,0,star of 70510-70520-70562-1,STAR,1.0,,,--,3.1856,
star:74511-74520-74562-1,110.0,,,1.01289,PQ,,0,star of 74511-74520-74562-1,STAR,1.0,,,--,-4.163,
star:74511-74520-74564-1,110.0,,,1.04986,PQ,,0,star of 74511-74520-74564-1,STAR,1.0,,,--,-4.4906,
star:74512-74520-74563-1,110.0,,,1.0129,PQ,,0,star of 74512-74520-74563-1,STAR,1.0,,,--,-4.1538,
star:75510-75520-75561-1,110.0,,,1.02346,PQ,,0,star of 75510-75520-75561-1,STAR,1.0,,,--,1.1169,
star:75511-75520-75562-1,110.0,,,1.02378,PQ,,0,star of 75511-75520-75562-1,STAR,1.0,,,--,1.2113,
star:81010-81020-81061-1,110.0,,,1.04921,PQ,,0,star of 81010-81020-81061-1,STAR,1.0,,,--,-3.8945,
star:81010-81020-81062-1,110.0,,,1.04788,PQ,,0,star of 81010-81020-81062-1,STAR,1.0,,,--,-3.7131,
star:81011-81020-81063-1,110.0,,,1.04921,PQ,,0,star of 81011-81020-81063-1,STAR,1.0,,,--,-3.8945,
star:81510-81520-81561-1,110.0,,,1.01427,PQ,,0,star of 81510-81520-81561-1,STAR,1.0,,,--,0.2094,
star:81510-81520-81562-1,110.0,,,1.01384,PQ,,0,star of 81510-81520-81562-1,STAR,1.0,,,--,0.1252,
star:90011-90020-90061-1,110.0,,,1.00509,PQ,,0,star of 90011-90020-90061-1,STAR,1.0,,,--,-3.4048,
star:90011-90020-90062-1,110.0,,,1.00509,PQ,,0,star of 90011-90020-90062-1,STAR,1.0,,,--,-3.4048,
star:90012-90020-90063-1,110.0,,,1.00599,PQ,,0,star of 90012-90020-90063-1,STAR,1.0,,,--,-3.667,
star:90310-90320-90361-1,110.0,,,1.02786,PQ,,0,star of 90310-90320-90361-1,STAR,1.0,,,--,-2.2146,
star:90310-90320-90362-1,110.0,,,1.02778,PQ,,0,star of 90310-90320-90362-1,STAR,1.0,,,--,-2.2102,
star:90420-90440-90461-1,275.0,,,1.04114,PQ,,0,star of 90420-90440-90461-1,STAR,1.0,,,--,1.6398,
star:90420-90440-90462-1,275.0,,,1.04114,PQ,,0,star of 90420-90440-90462-1,STAR,1.0,,,--,1.6398,
star:90420-90440-90463-1,275.0,,,1.04114,PQ,,0,star of 90420-90440-90463-1,STAR,1.0,,,--,1.6398,
GB_EWIC,260.0,,,1.0,Slack,GB_EWIC import,2,EWIC far terminal,EWIC,3.0,,,XX,,
GB_GREENLINK,150.0,,,1.0,Slack,GB_GREENLINK import,3,Greenlink far terminal,GREENLINK,3.0,,,XX,,
