name,bus,control,p_nom,p_min_pu,p_set,q_set,sign,carrier,marginal_cost,psse_bus,psse_bus_name,aggregated
10271-1,1021,PV,21.0,0.23809523809523808,21.0,-1.981,1.0,hydro,1.0,10271.0,HY_ARDNG1,True
10272-2,1021,PV,22.0,0.22727272727272727,22.0,-1.981,1.0,hydro,1.0,10272.0,HY_ARDNG2,True
10273-3,1021,PV,19.0,0.2631578947368421,19.0,-1.981,1.0,hydro,1.0,10273.0,HY_ARDNG3,True
10274-4,1021,PV,24.0,0.20833333333333334,24.0,-1.981,1.0,hydro,1.0,10274.0,HY_ARDNG4,True
10275-3,1021,PV,7.5,0.0,0.75,-0.152,1.0,wind,0.0,10275.0,W_KNOCKAST,True
10276-2,1021,PV,0.66,0.0,0.066,-0.013,1.0,wind,0.0,10276.0,W_MIENVEE,True
10277-1,1021,PV,4.0,0.0,0.4,-0.081,1.0,solar,0.0,10277.0,PV_DROMSALLA,True
10371-1,1031,PV,115.0,0.0,11.5,5.975,1.0,unknown,60.0,10371.0,BALRUNTAGH,True
10470-1,10422,PV,456.69,0.4861065493004007,449.0,119.116,1.0,gas,90.0,10470.0,AGH_CCGT,True
10671-2,1061,PV,4.8,0.0,0.48,-0.097,1.0,wind,0.0,10671.0,W_CORRIEM,True
10672-3,1061,PV,5.0,0.0,0.5,-0.102,1.0,wind,0.0,10672.0,W_KILRONAN,True
10673-1,1061,PV,1.2,0.0,0.12,-0.024,1.0,wind,0.0,10673.0,W_SPIONKO,True
10674-5,1061,PV,4.6,0.0,0.46,-0.093,1.0,wind,0.0,10674.0,W_SELTANAV,True
10811-1,1081,PV,4.0,0.0,0.4,-0.081,1.0,solar,0.0,10811.0,PV_LAGHTANE,True
10872-1,1081,PV,4.0,0.0,0.4,-0.081,1.0,solar,0.0,10872.0,PV_MULKEAR(W,True
11262-1,11261,PV,800.0,0.0,80.0,0.0,1.0,wind,0.0,11262.0,W_ARKLOW OFF,True
11271-1,1121,PV,25.2,0.0,2.52,-0.512,1.0,wind,0.0,11271.0,W_ARKLOWB,True
11272-1,1121,PV,4.0,0.0,0.4,-0.081,1.0,solar,0.0,11272.0,PV_TEMPLERAI,True
11273-1,1121,PV,39.99,0.0,3.999,-0.812,1.0,wind,0.0,11273.0,W_BALLYMANUS,True
11274-1,1121,PV,10.0,0.0,1.0,-0.203,1.0,solar,0.0,11274.0,PV_COOLBOY S,True
11275-1,1121,PV,22.0,0.0,2.2,1.484,1.0,solar,0.0,11275.0,PV_JOHNSTOWN,True
11371-1,1131,PV,34.35,0.0,3.435,-7.955,1.0,wind,0.0,11371.0,W_ATHEA,True
11372-1,11310,PV,23.15,0.0,2.315,-4.339,1.0,wind,0.0,11372.0,W_TOBERTOREE,True
11412-1,1141,PV,4.0,0.0,0.4,-0.081,1.0,solar,0.0,11412.0,PV_SHANNAGH,True
11424-1,1141,PV,4.0,0.0,0.4,-0.081,1.0,solar,0.0,11424.0,PV_ROOAUN,True
11471-1,1141,PV,0.9,0.0,0.09,-0.018,1.0,wind,0.0,11471.0,W_CLOONCON E,True
11474-1,1141,PV,5.0,0.0,0.5,-0.102,1.0,unknown,60.0,11474.0,DERRYMANY,True
11571-1,1151,PV,50.0,0.0,5.0,0.0,1.0,solar,0.0,11571.0,PV_BALLINKNO,True
12271-1,1221,PV,4.99,0.0,0.499,-0.101,1.0,solar,0.0,12271.0,PV_WOODSTOCK,True
12371-1,1231,PV,31.5,0.0,3.15,7.0,1.0,wind,0.0,12371.0,W_BALLYWATER,True
12372-2,1231,PV,10.5,0.0,1.05,3.0,1.0,wind,0.0,12372.0,W_BALLYWATER,True
12571-1,1251,PV,19.45,0.0,1.945,0.0,1.0,wind,0.0,12571.0,W_BOOLTIAGH,True
12572-1,1251,PV,12.0,0.0,1.2,-0.244,1.0,wind,0.0,12572.0,W_BOOLTIAGH_,True
12574-1,1251,PV,13.399,0.0,1.34,-0.272,1.0,wind,0.0,12574.0,W_LISSYCASEY,True
12575-1,1251,PV,15.0,0.0,1.5,-0.305,1.0,wind,0.0,12575.0,W_CROSSMORE,True
12576-1,1251,PV,10.2,0.0,1.02,-0.207,1.0,wind,0.0,12576.0,W_CROSSMORE,True
12577-1,1251,PV,4.2,0.0,0.42,-0.085,1.0,wind,0.0,12577.0,W_GORTAHEERA,True
12771-1,1271,PV,10.0,0.0,1.0,-0.203,1.0,solar,0.0,12771.0,PV_BALTRASNA,True
12772-1,1271,PV,7.14,0.0,0.714,-0.145,1.0,solar,0.0,12772.0,PV_PAINESTOW,True
12872-DW,1281,PV,8.4,0.0,0.84,-0.171,1.0,wind,0.0,12872.0,W_BALLYBANE,True
12873-1,1281,PV,19.55,0.0,1.955,-0.397,1.0,wind,0.0,12873.0,W_BALLYBANE,True
12874-1,1281,PV,8.5,0.0,0.85,-0.173,1.0,wind,0.0,12874.0,W_KEALKIL,True
13011-1,1301,PV,8.0,0.0,0.8,-0.162,1.0,solar,0.0,13011.0,PV_BALLYNAGR,True
13072-1,1301,PV,9.9,0.0,0.99,-0.201,1.0,solar,0.0,13072.0,PV_BALLINACL,True
13170-1,1311,PV,35.45,0.0,3.545,-1.034,1.0,wind,0.0,13170.0,W_SCARTAGLEN,True
13171-1,1311,PV,18.5,0.0,1.85,-0.376,1.0,wind,0.0,13171.0,W_COOLEGREAN,True
13172-1,1311,PV,3.8,0.0,0.38,-0.077,1.0,wind,0.0,13172.0,W_SCARTAGLEN,True
13371-1,1331,PV,60.0,0.0,6.0,20.0,1.0,solar,0.0,13371.0,PV_BLUNDELST,True
13471-1,1341,PV,0.66,0.0,0.066,-0.013,1.0,wind,0.0,13471.0,W_BURTONPORT,True
13472-DW,1341,PV,2.55,0.0,0.255,-0.052,1.0,wind,0.0,13472.0,W_SHANAGH_KI,True
13473-4,1341,PV,9.99,0.0,1.0,-0.203,1.0,wind,0.0,13473.0,W_CORKERMO,True
13474-1,1341,PV,6.0,0.0,0.6,-0.122,1.0,wind,0.0,13474.0,W_KILLIN_HIL,True
13475-6,1341,PV,7.65,0.0,0.765,-0.155,1.0,wind,0.0,13475.0,W_LOUGHDER,True
13476-3,1341,PV,11.9,0.0,1.19,-0.242,1.0,wind,0.0,13476.0,W_MEENACHU,True
13477-2,1341,PV,2.55,0.0,0.255,-0.052,1.0,wind,0.0,13477.0,W_KILLYBEG,True
13478-1,1341,PV,3.0,0.0,0.3,-0.061,1.0,wind,0.0,13478.0,W_KILCAR,True
13479-9,1341,PV,3.4,0.0,0.34,-0.069,1.0,wind,0.0,13479.0,W_MEENADREEN,True
13671-1,1361,PV,5.8,0.0,0.58,-0.118,1.0,solar,0.0,13671.0,PV_CARRICK,True
13871-1,1381,PV,4.95,0.0,0.495,-0.101,1.0,solar,0.0,13871.0,PV_LEACHT CR,True
13872-1,1381,PV,2.0,0.0,0.2,-0.041,1.0,wind,0.0,13872.0,W_BARNAHELY,True
13873-1,1381,PV,2.5,0.0,0.25,-0.051,1.0,solar,0.0,13873.0,PV_LEACHT CR,True
13904-1,1392,PV,55.0,0.0,55.0,-10.0,1.0,unknown,60.0,13904.0,CASTLELOST,True
13904-2,1392,PV,55.0,0.0,55.0,-10.0,1.0,unknown,60.0,13904.0,CASTLELOST,True
13914-1,1392,PV,55.0,0.0,55.0,-10.0,1.0,unknown,60.0,13914.0,CASTLELOST,True
13914-2,1392,PV,55.0,0.0,55.0,-10.0,1.0,unknown,60.0,13914.0,CASTLELOST,True
13914-3,1392,PV,55.0,0.0,55.0,-10.0,1.0,unknown,60.0,13914.0,CASTLELOST,True
14073-3,1401,PV,6.45,0.0,0.645,-0.131,1.0,wind,0.0,14073.0,W_BELLACORIC,True
14078-1,1401,PV,2.5,0.0,0.25,-0.051,1.0,wind,0.0,14078.0,W_DOOLEEG MO,True
14078-2,1401,PV,1.3,0.0,0.13,-0.026,1.0,wind,0.0,14078.0,W_DOOLEEG MO,True
14078-3,1401,PV,1.19,0.0,0.119,-0.024,1.0,wind,0.0,14078.0,W_DOOLEEG MO,True
14371-1,1431,PV,4.99,0.0,0.499,0.0,1.0,solar,0.0,14371.0,PV_LOAN PV,True
14372-1,1431,PV,35.0,0.0,3.5,-0.711,1.0,solar,0.0,14372.0,PV_PARKGROVE,True
14373-1,1431,PV,45.0,0.0,4.5,-0.914,1.0,wind,0.0,14373.0,W_FARRANORY,True
14424-1,1441,PV,4.95,0.0,0.495,-0.101,1.0,solar,0.0,14424.0,PV_KNOCKBROG,True
14424-2,1441,PV,4.95,0.0,0.495,-0.101,1.0,solar,0.0,14424.0,PV_KNOCKBROG,True
14471-1,1441,PV,4.0,0.0,0.4,-0.081,1.0,wind,0.0,14471.0,W_KILVINAN,True
14472-1,1441,PV,0.85,0.0,0.05,-0.01,1.0,wind,0.0,14472.0,W_KILVINAN_G,True
14473-1,1441,PV,5.95,0.0,0.595,-0.121,1.0,solar,0.0,14473.0,PV_CALLATRIM,True
14474-1,1441,PV,8.75,0.0,0.875,-0.178,1.0,wind,0.0,14474.0,W_GARRANEREA,True
14475-1,1441,PV,4.95,0.0,0.495,-0.101,1.0,solar,0.0,14475.0,PV_FARRANGAL,True
14476-1,1441,PV,12.0,0.0,1.2,-0.244,1.0,solar,0.0,14476.0,PV_FINNIS,True
14606-1,1461,PV,15.0,0.0,1.5,-0.305,1.0,solar,0.0,14606.0,PV_FARRAN SO,True
14771-1,14720,PV,500.0,0.0,50.0,-10.867,1.0,wind,0.0,14771.0,W_NISA BELCA,True
14871-1,1481,PV,1.7,0.0,0.17,-0.035,1.0,wind,0.0,14871.0,W_BEALLOUG,True
14872-1,1481,PV,3.95,0.0,0.395,-0.08,1.0,solar,0.0,14872.0,PV_KEILOGE S,True
14873-1,1481,PV,32.7,0.0,3.27,-0.664,1.0,solar,0.0,14873.0,PV_CARRIGLON,True
14971-1,1491,PV,85.0,0.0,8.5,-18.204,1.0,solar,0.0,14971.0,PV_DEENES,True
15112-1,1511,PV,12.0,0.0,1.2,-0.244,1.0,wind,0.0,15112.0,W_GLANRUDDER,True
15171-TW,1511,PV,46.0,0.0,4.6,-15.119,1.0,wind,0.0,15171.0,W_CLOGHBOOLA,True
15172-DW,1511,PV,12.55,0.0,1.255,-0.255,1.0,wind,0.0,15172.0,W_CLOGHANALE,True
15174-DW,1511,PV,20.0,0.0,2.0,-0.406,1.0,wind,0.0,15174.0,W_GLANRUDDER,True
15175-1,1511,PV,9.999,0.0,1.0,0.0,1.0,wind,0.0,15175.0,W_GLANTAUNYA,True
15271-1,1521,PV,56.4,0.0,5.64,2.374,1.0,wind,0.0,15271.0,W_MOANVANE,True
15471-1,1541,PV,4.0,0.0,0.4,-0.081,1.0,solar,0.0,15471.0,PV_COURTOWN,True
15473-1,1541,PV,4.0,0.0,0.4,-0.081,1.0,solar,0.0,15473.0,PV_GOREY PV,True
15571-1,1551,PV,5.4,0.0,0.54,-0.11,1.0,wind,0.0,15571.0,W_ESK,True
15571-2,1551,PV,12.0,0.0,1.2,-0.244,1.0,wind,0.0,15571.0,W_ESK,True
15571-DW,1551,PV,5.95,0.0,0.595,-0.121,1.0,wind,0.0,15571.0,W_ESK,True
15572-1,1551,PV,65.7,0.0,6.57,-3.248,1.0,wind,0.0,15572.0,W_BOGGERAGH_,True
15573-1,1551,PV,20.0,0.0,2.0,-2.02,1.0,wind,0.0,15573.0,W_CARRIGCA,True
15573-2,1551,PV,3.0,0.0,0.3,-0.061,1.0,wind,0.0,15573.0,W_CARRIGCA,True
15574-1,1551,PV,57.0,0.0,5.7,-3.897,1.0,wind,0.0,15574.0,W_BOGGERAG,True
15771-1,1571,PV,1.98,0.0,0.198,-0.04,1.0,wind,0.0,15771.0,W_CRONALAGHT,True
15772-1,1571,PV,3.0,0.0,0.3,-0.061,1.0,wind,0.0,15772.0,W_CRONALAGHT,True
15971-1,1591,PV,100.0,0.0,10.0,-20.689,1.0,solar,0.0,15971.0,PV_CLONFAD,True
16271-1,1621,PV,10.0,0.0,1.0,-0.203,1.0,solar,0.0,16271.0,PV_GARRAVAGH,True
16371-1,1631,PV,3.4,0.0,0.34,-0.069,1.0,wind,0.0,16371.0,W_CARANNE_HI,True
16372-2,1631,PV,3.4,0.0,0.34,-0.069,1.0,wind,0.0,16372.0,W_BLACK_BANK,True
16373-3,1631,PV,6.8,0.0,0.68,-0.138,1.0,wind,0.0,16373.0,W_BLACK_BANK,True
16374-4,1631,PV,7.65,0.0,0.765,0.0,1.0,wind,0.0,16374.0,W_ALTAGOWLAN,True
16375-1,1631,PV,3.96,0.0,0.396,-0.08,1.0,wind,0.0,16375.0,W_MONEENATIE,True
16376-6,1631,PV,4.95,0.0,0.495,-0.101,1.0,wind,0.0,16376.0,W_GEEVAGH,True
16377-1,1631,PV,9.0,0.0,0.9,-0.183,1.0,wind,0.0,16377.0,W_TULLYNAMOY,True
16378-1,1631,PV,1.598,0.0,0.16,-0.032,1.0,wind,0.0,16378.0,W_CARANNE_HI,True
16379-2,1631,PV,0.29,0.0,0.029,-0.006,1.0,wind,0.0,16379.0,W_MONEENATIE,True
16382-1,1631,PV,10.225,0.0,1.023,-0.208,1.0,wind,0.0,16382.0,W_TULLYNAMOY,True
16385-1,1631,PV,16.35,0.0,1.635,-0.332,1.0,wind,0.0,16385.0,W_TULLYNAMOY,True
16392-1,1631,PV,11.98,0.0,1.198,-0.243,1.0,wind,0.0,16392.0,W_TULLYNAMOY,True
16471-1,16410,PV,100.0,0.0,10.0,-33.0,1.0,solar,0.0,16471.0,PV_BALLYMONE,True
16571-1,1651,PV,37.8,0.0,3.78,-13.0,1.0,wind,0.0,16571.0,W_CLAHANE,True
16572-1,1651,PV,34.0,0.0,3.4,-0.992,1.0,solar,0.0,16572.0,PV_BANEMORE,True
16670-1,1661,PV,4.65,0.0,0.465,-0.094,1.0,wind,0.0,16670.0,W_LENENEVEA_,True
16671-1,1661,PV,3.4,0.0,0.34,-0.069,1.0,wind,0.0,16671.0,W_CUILLALEA1,True
16672-2,1661,PV,1.59,0.0,0.159,-0.032,1.0,wind,0.0,16672.0,W_CUILLALEA2,True
16674-1,1661,PV,18.7,0.0,1.87,-0.38,1.0,wind,0.0,16674.0,W_RAHEEN_BAR,True
16675-2,1661,PV,8.5,0.0,0.85,-0.173,1.0,wind,0.0,16675.0,W_RAHEEN_BAR,True
16676-1,1661,PV,6.8,0.0,0.68,-0.138,1.0,wind,0.0,16676.0,W_LENANAVEA_,True
16679-3,1661,PV,6.8,0.0,0.68,-0.138,1.0,wind,0.0,16679.0,W_LENENEVA_3,True
16771-1,1671,PV,75.0,0.0,7.5,-17.099,1.0,wind,0.0,16771.0,W_BS_CLONCRE,True
17073-3,1701,PV,22.5,0.2222222222222222,22.0,-0.616,1.0,hydro,1.0,17073.0,HY_CATHG3,True
17074-4,17010,PV,23.0,0.21739130434782608,23.0,-0.616,1.0,hydro,1.0,17074.0,HY_CATHG4,True
17075-7,1341,PV,1.98,0.0,0.198,-0.04,1.0,wind,0.0,17075.0,W_ANARGET,True
17077-8,1341,PV,0.02,0.0,0.002,-0.0,1.0,wind,0.0,17077.0,W_ANARGET,True
17078-1,17010,PV,37.5,0.0,3.75,-13.0,1.0,wind,0.0,17078.0,W_DERRYKILLE,True
17205-1,1721,PV,8.0,0.0,0.8,-0.162,1.0,solar,0.0,17205.0,PV_MONROE EA,True
17272-1,1721,PV,4.0,0.0,0.4,-0.081,1.0,solar,0.0,17272.0,PV_FARRANLAH,True
17273-1,1721,PV,19.0,0.0,1.9,-0.386,1.0,solar,0.0,17273.0,PV_BALLYMACA,True
17274-1,1721,PV,3.3,0.0,0.33,-0.067,1.0,solar,0.0,17274.0,PV_MAGHERARE,True
17471-1,17420,PV,824.0,0.0,82.4,-100.0,1.0,wind,0.0,17471.0,W_DUBLIN ARR,True
17571-1,1751,PV,42.0,0.0,4.2,-11.0,1.0,wind,0.0,17571.0,W_PV_KNOCKNA,True
17571-2,1751,PV,12.0,0.0,1.2,-4.0,1.0,wind,0.0,17571.0,W_PV_KNOCKNA,True
17671-1,1761,PV,10.0,0.3,10.0,-0.187,1.0,hydro,1.0,17671.0,HY_CLIFG1,True
17672-2,1761,PV,10.0,0.3,10.0,-0.187,1.0,hydro,1.0,17672.0,HY_CLIFG2,True
18212-1,1821,PV,20.0,0.0,2.0,-0.406,1.0,solar,0.0,18212.0,PV_CLOONASCR,True
18271-DW,1821,PV,4.25,0.0,0.425,-0.086,1.0,wind,0.0,18271.0,W_CLOONLUSK,True
18272-1,1821,PV,4.0,0.0,0.4,-0.081,1.0,solar,0.0,18272.0,PV_BARNDERG,True
18274-1,1821,PV,50.0,0.0,5.0,-17.0,1.0,solar,0.0,18274.0,PV_BARNACURR,True
18275-1,1821,PV,4.99,0.0,0.499,-0.101,1.0,solar,0.0,18275.0,PV_MILLTOWN,True
18276-1,1821,PV,4.99,0.0,0.499,-0.101,1.0,wind,0.0,18276.0,W_BALLYNAKIL,True
18277-1,1821,PV,4.99,0.0,0.499,-0.101,1.0,unknown,60.0,18277.0,CLOONBAR,True
18372-1,1831,PV,3.0,0.0,0.3,-0.061,1.0,wind,0.0,18372.0,W_ROSSAVEEL,True
18373-1,1831,PV,4.99,0.0,0.499,-0.101,1.0,wind,0.0,18373.0,W_INVERINCT,True
18471-1,1841,PV,4.99,0.0,0.499,-0.101,1.0,wind,0.0,18471.0,W_GREENOGE,True
18472-DW,1841,PV,2.5,0.0,0.25,-0.051,1.0,wind,0.0,18472.0,W_KILBRANISH,True
18476-1,1841,PV,5.0,0.0,0.5,-0.102,1.0,solar,0.0,18476.0,PV_MACALLIAN,True
18611-1,1861,PV,1.6,0.0,0.16,-0.032,1.0,unknown,60.0,18611.0,CASTLEREA,True
18611-2,1861,PV,5.0,0.0,0.5,-0.102,1.0,unknown,60.0,18611.0,CASTLEREA,True
18672-1,1861,PV,4.0,0.0,0.4,-0.081,1.0,solar,0.0,18672.0,PV_RATHLEG,True
18871-1,18810,PV,120.0,0.0,12.0,17.539,1.0,solar,0.0,18871.0,PV_BALLYROE,True
19074-1,1901,PV,4.0,0.0,0.4,-0.081,1.0,solar,0.0,19074.0,PV_KILCARRIG,True
19076-1,1901,PV,15.0,0.0,1.5,-0.305,1.0,wind,0.0,19076.0,W_BILBAO,True
19076-2,1901,PV,6.0,0.0,0.6,-0.122,1.0,wind,0.0,19076.0,W_BILBAO,True
19077-1,1901,PV,4.6,0.0,0.46,-0.093,1.0,solar,0.0,19077.0,PV_COPPENAGH,True
19077-2,1901,PV,4.7,0.0,0.47,-0.095,1.0,solar,0.0,19077.0,PV_COPPENAGH,True
19081-1,1901,PV,2.55,0.0,0.255,-0.052,1.0,wind,0.0,19081.0,W_CRONELEA,True
19082-2,1901,PV,1.7,0.0,0.17,-0.035,1.0,wind,0.0,19082.0,W_CRONELEA,True
19083-1,1901,PV,4.99,0.0,0.499,-0.101,1.0,wind,0.0,19083.0,W_CRONELEA,True
19084-2,1901,PV,4.5,0.0,0.45,-0.091,1.0,wind,0.0,19084.0,W_CRONELEA,True
19085-1,1901,PV,21.0,0.0,2.1,-0.426,1.0,wind,0.0,19085.0,W_GORTAHIL,True
19102-1,1911,PV,100.0,0.34,100.0,4.38,1.0,unknown,60.0,19102.0,CUILEEN_POWE,True
19201-1,1921,PV,4.95,0.0,0.495,-0.101,1.0,solar,0.0,19201.0,PV_COW CROSS,True
19371-1,1931,PV,23.75,0.0,2.375,0.0,1.0,wind,0.0,19371.0,W_KINGSMOUNT,True
19372-2,1931,PV,11.05,0.0,1.105,-3.0,1.0,wind,0.0,19372.0,W_KINGSMOUNT,True
19771-1,1971,PV,42.5,0.0,4.25,0.0,1.0,wind,0.0,19771.0,W_COOMAGEARL,True
19772-TW,1971,PV,8.5,0.0,0.85,-2.794,1.0,wind,0.0,19772.0,W_COOMAGEARL,True
19773-TW,1971,PV,30.0,0.0,3.0,-9.861,1.0,wind,0.0,19773.0,W_COOMAGE_PH,True
19971-1,1991,PV,20.0,0.0,2.0,3.71,1.0,wind,0.0,19971.0,W_CASTLEDOCK,True
19972-2,1991,PV,2.0,0.0,0.2,-0.041,1.0,wind,0.0,19972.0,W_CASTLEDOCK,True
19973-3,1991,PV,3.3,0.0,0.33,-0.067,1.0,wind,0.0,19973.0,W_CASTLEDOCK,True
19974-4,1991,PV,16.1,0.0,1.61,2.473,1.0,wind,0.0,19974.0,W_CASTLEDOCK,True
20171-1,2011,PV,85.0,0.0,8.5,5.621,1.0,unknown,60.0,20171.0,S_GARR,True
20671-1,2061,PV,55.0,0.0,5.5,-10.0,1.0,solar,0.0,20671.0,PV_CASTLETRE,True
20771-1,2072,PV,284.0,0.2112676056338028,141.0,-92.686,1.0,unknown,60.0,20771.0,KILSHANE,True
21071-2,2101,PV,0.5,0.0,0.05,-0.01,1.0,wind,0.0,21071.0,W_DUNDALK,True
21072-1,2101,PV,3.99,0.0,0.399,-0.081,1.0,solar,0.0,21072.0,PV_WILLVILLE,True
21272-1,2121,PV,4.0,0.0,0.4,-0.081,1.0,solar,0.0,21272.0,PV_FIRGROVE,True
21273-1,2121,PV,8.0,0.0,0.8,-0.162,1.0,solar,0.0,21273.0,PV_CLONLOGHA,True
21274-1,21210,PV,60.0,0.0,6.0,20.0,1.0,solar,0.0,21274.0,PV_COOLSHAMR,True
21371-TW,2131,PV,28.5,0.0,2.85,-3.82,1.0,wind,0.0,21371.0,W_DROMADA,True
21404-1,2141,PV,4.99,0.0,0.499,-0.101,1.0,unknown,60.0,21404.0,DUNGARVAN,True
21471-1,2141,PV,15.0,0.0,1.5,-0.305,1.0,solar,0.0,21471.0,PV_DRUMROE E,True
21472-1,2141,PV,19.0,0.0,1.9,-0.386,1.0,solar,0.0,21472.0,PV_POULBAUTI,True
21473-1,2141,PV,4.95,0.0,0.495,-0.101,1.0,solar,0.0,21473.0,PV_KILCANNON,True
21474-1,2141,PV,4.0,0.0,0.4,-0.081,1.0,solar,0.0,21474.0,PV_COOLTUBBR,True
21571-1,2151,PV,50.0,0.0,5.0,-17.0,1.0,solar,0.0,21571.0,PV_DROMBEG S,True
21572-1,2151,PV,25.2,0.0,2.52,-0.392,1.0,wind,0.0,21572.0,W_BALLYLONGF,True
21672-1,2161,PV,4.99,0.0,0.499,-0.101,1.0,solar,0.0,21672.0,S_CLONMELPV,True
21791-1,2171,PV,33.6,0.0,3.36,-0.98,1.0,wind,0.0,21791.0,W_KNOCKALOUG,True
21871-1,2181,PV,1.7,0.0,0.17,-0.035,1.0,wind,0.0,21871.0,W_DUNMORE,True
21872-2,2181,PV,1.8,0.0,0.18,-0.037,1.0,wind,0.0,21872.0,W_DUNMORE,True
21874-1,2181,PV,0.15,0.0,0.015,-0.003,1.0,wind,0.0,21874.0,W_BURTONSTOW,True
21875-1,2181,PV,3.99,0.0,0.399,-0.081,1.0,solar,0.0,21875.0,PV_STAMULLEN,True
21876-1,2181,PV,3.99,0.0,0.399,-0.081,1.0,solar,0.0,21876.0,PV_BEAULIEU,True
21877-1,2181,PV,4.0,0.0,0.4,-0.081,1.0,solar,0.0,21877.0,PV_GRANGEGEE,True
21878-1,2181,PV,4.0,0.0,0.4,-0.081,1.0,solar,0.0,21878.0,PV_CLUIDE PV,True
22171-1,2211,PV,101.1,0.0,10.11,-29.94,1.0,solar,0.0,22171.0,PV_DENNISTOW,True
22204-1,2221,PV,1.0,0.0,0.1,-0.02,1.0,unknown,60.0,22204.0,DUNMANWAY,True
22272-DW,2225,PV,17.0,0.0,1.7,-0.345,1.0,wind,0.0,22272.0,W_KILVEENOGE,True
22273-DW,2221,PV,4.5,0.0,0.45,-0.091,1.0,wind,0.0,22273.0,W_REENASCREE,True
22274-2,1281,PV,5.94,0.0,0.594,-0.121,1.0,wind,0.0,22274.0,W_MILANEH,True
22275-4,2221,PV,4.25,0.0,0.425,-0.086,1.0,wind,0.0,22275.0,W_LAHANAGH,True
22276-3,2225,PV,5.95,0.0,0.595,-0.121,1.0,wind,0.0,22276.0,W_COOMATAL,True
22278-1,2221,PV,4.62,0.0,0.462,-0.094,1.0,wind,0.0,22278.0,W_CURRABWEE,True
22279-1,2221,PV,13.8,0.0,1.38,-0.28,1.0,wind,0.0,22279.0,W_KNOCKEENBU,True
22371-1,2231,PV,59.5,0.0,5.95,-10.087,1.0,wind,0.0,22371.0,W_DERRYBRIEN,True
22471-1,2241,PV,2.55,0.0,0.255,-0.052,1.0,wind,0.0,22471.0,W_CARRIG,True
22472-2,2241,PV,4.25,0.0,0.425,-0.086,1.0,wind,0.0,22472.0,W_SKEHANAG,True
22473-1,2241,PV,4.25,0.0,0.425,-0.086,1.0,wind,0.0,22473.0,W_LEABEG,True
22474-1,2241,PV,9.99,0.0,0.999,-0.203,1.0,wind,0.0,22474.0,W_MEENWAUN,True
22475-1,2241,PV,4.99,0.0,0.499,-0.101,1.0,wind,0.0,22475.0,W_LEAMORCT,True
22771-1,2271,PV,65.0,0.0,6.5,-20.0,1.0,solar,0.0,22771.0,PV_DERRYLAHA,True
22871-1,22811,PV,2.55,0.0,0.255,-0.052,1.0,wind,0.0,22871.0,W_MACEUPP,True
22872-1,2281,PV,40.8,0.0,4.08,-0.828,1.0,wind,0.0,22872.0,W_MAGHERAMOR,True
22874-1,2281,PV,4.0,0.0,0.4,-0.081,1.0,solar,0.0,22874.0,PV_LISDUFF,True
23071-1,2301,PV,14.0,0.0,1.4,-0.284,1.0,solar,0.0,23071.0,PV_HORTLAND,True
23073-1,2301,PV,17.5,0.0,1.75,-0.355,1.0,solar,0.0,23073.0,PV_DYSART,True
23371-1,2331,PV,47.3,0.0,4.73,-17.0,1.0,wind,0.0,23371.0,W_FERRY VIEW,True
23471-1,2341,PV,91.2,0.0,9.12,-25.0,1.0,unknown,60.0,23471.0,CAHERHURLY,True
23571-1,2351,PV,50.0,0.0,5.0,17.0,1.0,unknown,60.0,23571.0,EFFERNOGE,True
23675-1,2361,PV,19.0,0.0,1.9,-0.386,1.0,solar,0.0,23675.0,PV_LISSANE W,True
23682-1,23610,PV,45.515,0.0,4.551,-1.328,1.0,wind,0.0,23682.0,W_BOOLONARUD,True
23692-TW,23610,PV,26.875,0.0,2.688,-8.869,1.0,wind,0.0,23692.0,W_KNOCKALASS,True
24471-1,2441,PV,54.0,0.5,54.0,25.0,1.0,unknown,60.0,24471.0,BELLEWSTOWN,True
24472-1,2441,PV,54.0,0.5,54.0,25.0,1.0,unknown,60.0,24472.0,BELLEWSTOWN,True
24473-1,2441,PV,54.0,0.5,54.0,25.0,1.0,unknown,60.0,24473.0,BELLEWSTOWN,True
25672-1,2571,PV,8.42,0.0,0.842,-0.171,1.0,solar,0.0,25672.0,PV_BULLSTOWN,True
25675-1,25610,PV,75.0,0.0,7.5,1.217,1.0,solar,0.0,25675.0,PV_FIELDSTOW,True
25675-2,25610,PV,18.27,0.0,1.827,0.297,1.0,solar,0.0,25675.0,PV_FIELDSTOW,True
26071-1,2601,PV,48.3,0.0,4.83,-17.0,1.0,wind,0.0,26071.0,W_FIRLOUGH,True
26071-2,2601,PV,27.3,0.0,2.73,-7.0,1.0,wind,0.0,26071.0,W_FIRLOUGH,True
26471-1,2641,PV,54.8,0.0,5.48,-17.0,1.0,solar,0.0,26471.0,PV_GRAHOMICK,True
26571-1,2651,PV,49.5,0.0,4.95,-16.635,1.0,wind,0.0,26571.0,W_GARRINTAGG,True
26671-1,2661,PV,40.0,0.0,4.0,-0.812,1.0,solar,0.0,26671.0,PV_GLEN SOLA,True
26732-1,2671,PV,34.0,0.0,3.4,-0.992,1.0,wind,0.0,26732.0,W_DERRYSALLA,True
26771-1,2671,PV,26.0,0.0,2.6,-10.0,1.0,wind,0.0,26771.0,W_GAR_GLEBE_,True
26773-1,2671,PV,22.0,0.0,2.2,-10.0,1.0,wind,0.0,26773.0,W_GAR_TULLIN,True
26971-1,2691,PV,95.0,0.0,9.5,-20.977,1.0,solar,0.0,26971.0,PV_GILLINSTO,True
26972-1,2691,PV,48.0,0.0,4.8,17.0,1.0,solar,0.0,26972.0,PV_GARBALLAG,True
27014-1,2701,PV,4.0,0.0,0.4,-0.081,1.0,solar,0.0,27014.0,PV_FEATHERBE,True
27071-1,2701,PV,0.5,0.0,0.05,-0.01,1.0,wind,0.0,27071.0,W_COUNTRY_CR,True
27072-1,2701,PV,39.99,0.0,3.999,-0.812,1.0,solar,0.0,27072.0,PV_MAINSCOUR,True
27101-1,2712,PV,567.0,0.10582010582010581,467.0,-180.0,1.0,unknown,60.0,27101.0,KNOCKFINGLAS,True
27271-2,2721,PV,9.5,0.0,0.95,-0.193,1.0,solar,0.0,27271.0,PV_CONFEY,True
27273-1,2721,PV,25.0,0.0,2.5,-0.508,1.0,solar,0.0,27273.0,PV_TAGHADOE,True
27274-1,2721,PV,25.3,0.0,2.53,-0.514,1.0,solar,0.0,27274.0,PV_SMITHSTOW,True
27371-1,2731,PV,12.8,0.0,1.28,-0.26,1.0,wind,0.0,27371.0,W_GLANLEE,True
27372-2,2731,PV,17.0,0.0,1.7,-5.6,1.0,wind,0.0,27372.0,W_GLANLEE,True
27373-1,2731,PV,7.0,0.0,0.7,0.0,1.0,solar,0.0,27373.0,PV_GLANLEE,True
27474-1,2742,PV,465.5,0.5048335123523093,396.0,58.265,1.0,gas,90.0,27474.0,GI CCGT,True
27475-1,2741,PV,4.99,0.0,0.499,-0.101,1.0,solar,0.0,27475.0,PV_BALLYCULL,True
27476-1,2741,PV,12.0,0.0,1.2,-0.244,1.0,solar,0.0,27476.0,PV_BALLYGOWN,True
27479-1,2742,PV,450.0,0.0,45.0,20.444,1.0,wind,0.0,27479.0,W_GI_OFFSHOR,True
27771-1,2771,PV,41.225,0.0,4.122,13.0,1.0,wind,0.0,27771.0,W_COOMACHEO,True
27772-2,2771,PV,10.0,0.0,1.0,-0.203,1.0,wind,0.0,27772.0,W_CAHERDOWNE,True
27773-3,2771,PV,4.99,0.0,0.499,-0.101,1.0,wind,0.0,27773.0,W_CLYDAGHROE,True
27774-4,2771,PV,18.0,0.0,1.8,5.9,1.0,wind,0.0,27774.0,W_COOMACHEO_,True
27971-1,2791,PV,119.0,0.0,11.9,-20.12,1.0,solar,0.0,27971.0,PV_GALLANSTO,True
27972-1,2791,PV,31.6,0.0,3.16,0.0,1.0,solar,0.0,27972.0,PV_HARLOCKST,True
27973-1,2791,PV,18.9,0.0,1.89,-3.0,1.0,solar,0.0,27973.0,PV_RATHLOCKS,True
28002-3,2801,PV,60.0,-1.0,6.0,7.407,1.0,unknown,60.0,28002.0,GOLAGH,True
28271-1,2821,PV,3.0,0.0,0.3,-0.061,1.0,wind,0.0,28271.0,W_CORNEEN,True
28272-1,2821,PV,5.0,0.0,0.5,-0.102,1.0,wind,0.0,28272.0,W_TULLYHAW,True
28571-1,2852,PV,445.0,0.24741573033707864,396.0,14.083,1.0,unknown,60.0,28571.0,WHITEGATE,True
28814-2,28810,PV,13.8,0.0,1.38,-0.28,1.0,wind,0.0,28814.0,W_HEMSBROOK,True
28844-1,28810,PV,4.95,0.0,0.495,-0.101,1.0,solar,0.0,28844.0,PV_DROMALOUR,True
28872-1,28810,PV,10.5,0.0,1.05,-0.213,1.0,wind,0.0,28872.0,W_DROMDEEVEE,True
28873-DW,28810,PV,16.5,0.0,1.65,-0.335,1.0,wind,0.0,28873.0,W_DROMDEVEEN,True
28874-1,2881,PV,26.0,0.0,2.6,-0.528,1.0,wind,0.0,28874.0,W_TAURBEG,True
29271-1,2921,PV,42.3,0.0,4.23,15.0,1.0,solar,0.0,29271.0,PV_HARRISTOW,True
29671-ST,2962,PV,123.0,0.3252032520325203,120.0,7.364,1.0,unknown,60.0,29671.0,HUNT_ST,True
29672-CT,2962,PV,230.2,0.5994787141615986,194.0,12.456,1.0,unknown,60.0,29672.0,HUNT_CT,True
31171-1,3111,PV,25.7,0.0,2.57,-0.75,1.0,solar,0.0,31171.0,PV_MONATOORE,True
31172-1,3111,PV,16.3,0.0,1.63,0.0,1.0,solar,0.0,31172.0,PV_BALLYVATT,True
31271-1,3122,PV,403.9,0.4035652389205249,394.0,295.0,1.0,unknown,60.0,31271.0,DUBLIN_BAY_P,True
31871-1,3181,PV,47.11,0.0,4.711,-14.0,1.0,biomass,40.0,31871.0,BS_PV_NORTH,True
32071-1,32060,PV,450.0,0.0,45.0,-130.864,1.0,wind,0.0,32071.0,W_KRA_OFFSHO,True
32271-1,3221,PV,0.85,0.0,0.085,-0.017,1.0,wind,0.0,32271.0,W_PLUCKANE,True
32272-1,3221,PV,4.95,0.0,0.495,-0.101,1.0,solar,0.0,32272.0,PV_COOLYDUFF,True
32273-1,3221,PV,4.95,0.0,0.495,-0.101,1.0,solar,0.0,32273.0,PV_DRUMGARRI,True
32471-1,3241,PV,15.0,0.0,1.5,-0.305,1.0,solar,0.0,32471.0,PV_THREECAST,True
32508-1,3251,PV,42.55,0.0,4.255,-0.864,1.0,wind,0.0,32508.0,W_KNOCKNAGOU,True
32576-8,3251,PV,11.2,0.0,1.12,-0.227,1.0,wind,0.0,32576.0,W_MUINGNAMIN,True
32577-1,3251,PV,4.1,0.0,0.41,-0.083,1.0,wind,0.0,32577.0,W_MUINGNAMIN,True
32605-2,3261,PV,4.0,0.0,0.4,-0.081,1.0,unknown,60.0,32605.0,KILKENNY,True
32671-1,3261,PV,4.0,0.0,0.4,-0.081,1.0,solar,0.0,32671.0,PV_CASTLEKEL,True
32672-1,3261,PV,4.0,0.0,0.4,-0.081,1.0,solar,0.0,32672.0,PV_THOMASTOW,True
32674-1,3261,PV,6.0,0.0,0.6,0.0,1.0,solar,0.0,32674.0,PV_KEATINGST,True
32675-1,3261,PV,44.0,0.0,4.4,-0.893,1.0,solar,0.0,32675.0,PV_CLASHWILL,True
33071-DW,3301,PV,4.5,0.0,0.45,-0.091,1.0,wind,0.0,33071.0,W_WEDCROSS,True
33072-1,3301,PV,9.35,0.0,0.935,-0.19,1.0,wind,0.0,33072.0,W_GNEEVES,True
33074-1,3301,PV,8.99,0.0,0.899,-0.183,1.0,solar,0.0,33074.0,PV_MADAMS HI,True
33174-1,3311,PV,110.2,0.0,11.02,22.483,1.0,wind,0.0,33174.0,W_KNOCKADRIN,True
33471-1,33410,PV,81.0,0.0,8.1,-0.926,1.0,solar,0.0,33471.0,PV_GARREENLE,True
33671-1,3361,PV,47.0,0.0,4.7,15.0,1.0,solar,0.0,33671.0,PV_LAURENCET,True
33971-TW,3391,PV,105.0,0.0,10.5,-28.6,1.0,wind,0.0,33971.0,W_KNOCKACU,True
34471-1,3441,PV,135.8,0.0,12.68,-3.813,1.0,unknown,60.0,34471.0,KILVINOGE,True
34872-1,3481,PV,37.0,0.0,3.7,-18.0,1.0,wind,0.0,34872.0,W_KELWIN P3,True
34971-1,3491,PV,48.9,0.0,4.89,-17.0,1.0,wind,0.0,34971.0,W_LISLEA,True
35071-1,3501,PV,4.6,0.0,0.46,-0.093,1.0,wind,0.0,35071.0,W_SKRINE,True
35075-1,3501,PV,4.0,0.0,0.4,-0.081,1.0,solar,0.0,35075.0,PV_CREEVY SO,True
35076-1,3501,PV,4.95,0.0,0.495,-0.101,1.0,wind,0.0,35076.0,W_ROXBOROUGH,True
35171-1,3511,PV,88.0,0.0,8.8,-17.129,1.0,wind,0.0,35171.0,W_LICKNY,True
35171-2,3511,PV,9.5,0.0,0.95,-1.849,1.0,wind,0.0,35171.0,W_LICKNY,True
35271-1,3521,PV,50.0,0.0,5.0,-17.0,1.0,solar,0.0,35271.0,PV_MONVALLET,True
35371-1,3531,PV,87.0,0.0,8.7,-19.301,1.0,solar,0.0,35371.0,PV_LYSAGHTST,True
35372-1,3531,PV,60.0,0.0,6.0,-20.0,1.0,solar,0.0,35372.0,PV_LYSAGHTST,True
35471-1,3541,PV,4.0,0.0,0.4,-0.081,1.0,solar,0.0,35471.0,PV_KILCOLMAN,True
35472-1,3541,PV,4.95,0.0,0.495,-0.101,1.0,solar,0.0,35472.0,PV_ISLANDUAN,True
35571-1,3551,PV,55.0,0.0,5.5,-13.815,1.0,solar,0.0,35571.0,PV_LOUGHTEAG,True
35571-2,3551,PV,25.0,0.0,2.5,-6.28,1.0,solar,0.0,35571.0,PV_LOUGHTEAG,True
35772-1,3571,PV,34.0,0.0,3.4,0.0,1.0,wind,0.0,35772.0,W_CLOGHAN,True
35871-1,3581,PV,2.55,0.0,0.255,-0.052,1.0,wind,0.0,35871.0,W_MEENANIL,True
35872-2,3581,PV,2.45,0.0,0.245,-0.05,1.0,wind,0.0,35872.0,W_MEENANIL,True
35873-3,3581,PV,3.4,0.0,0.34,-0.069,1.0,wind,0.0,35873.0,W_MEENANIL,True
35875-1,3581,PV,15.0,0.0,1.5,-0.305,1.0,wind,0.0,35875.0,W_CARK(1),True
35876-3,3581,PV,11.88,0.0,1.188,-0.241,1.0,wind,0.0,35876.0,W_CULLIAGH,True
35877-6,3581,PV,4.99,0.0,0.499,-0.101,1.0,wind,0.0,35877.0,W_LURGANBO,True
35971-1,3591,PV,30.5,0.0,3.05,0.0,1.0,wind,0.0,35971.0,W_LENALEA,True
36271-1,36210,PV,36.0,0.0,3.6,-0.136,1.0,wind,0.0,36271.0,W_LISH-1,True
36272-2,36210,PV,23.0,0.0,1.9,-0.079,1.0,wind,0.0,36272.0,W_LISH-1A,True
36273-1,3621,PV,28.8,0.0,2.88,0.0,1.0,wind,0.0,36273.0,W_LISHEEN,True
36471-1,36411,PV,14.45,0.0,1.445,0.293,1.0,wind,0.0,36471.0,W_BALLYCA_20,True
36472-1,36411,PV,4.0,0.0,0.4,-0.081,1.0,wind,0.0,36472.0,W_BALLYNANCO,True
36473-1,36411,PV,5.0,0.0,0.5,-0.102,1.0,wind,0.0,36473.0,W_KNOCKNALOU,True
36474-1,36411,PV,3.6,0.0,0.36,-0.073,1.0,wind,0.0,36474.0,W_BALLAMAN,True
36475-1,36411,PV,4.0,0.0,0.4,-0.081,1.0,wind,0.0,36475.0,W_BALLYDUFF,True
36476-1,36411,PV,14.8,0.0,1.48,-0.301,1.0,wind,0.0,36476.0,W_GILBBET_HI,True
36477-1,3641,PV,20.0,0.0,2.0,-0.406,1.0,solar,0.0,36477.0,PV_THE DELL,True
36671-1,36671,PV,504.0,-1.0,300.0,33.324,1.0,unknown,60.0,36671.0,GREENLINK,False
36971-1,3691,PV,54.0,0.5,54.0,-10.0,1.0,unknown,60.0,36971.0,LAGHTANVACK,True
36971-2,3691,PV,54.0,0.5,54.0,-10.0,1.0,unknown,60.0,36971.0,LAGHTANVACK,True
38071-1,3801,PV,1.7,0.0,0.17,-0.035,1.0,wind,0.0,38071.0,W_CROCANE,True
38072-1,3801,PV,3.95,0.0,0.395,-0.08,1.0,solar,0.0,38072.0,PV_TEAD MORE,True
38073-1,3801,PV,7.0,0.0,0.7,-0.142,1.0,solar,0.0,38073.0,PV_BALLYDUFF,True
38074-1,3801,PV,3.6,0.0,0.36,-0.073,1.0,solar,0.0,38074.0,PV_LURRIG SO,True
38074-2,3801,PV,0.34,0.0,0.034,-0.007,1.0,solar,0.0,38074.0,PV_LURRIG SO,True
38271-1,3821,PV,10.5,0.0,1.05,-0.213,1.0,wind,0.0,38271.0,W_GARTNANE,True
38272-2,3821,PV,4.5,0.0,0.45,-0.091,1.0,wind,0.0,38272.0,W_GARTNANE,True
38273-1,3821,PV,7.5,0.0,0.75,-0.152,1.0,wind,0.0,38273.0,W_MULLANAN,True
38870-1,3881,PV,24.0,0.0,2.4,-0.487,1.0,wind,0.0,38870.0,W_BAWNMORE,True
38872-1,3881,PV,4.0,0.0,0.4,-0.081,1.0,solar,0.0,38872.0,PV_KNOCKGLAS,True
38873-1,3881,PV,13.8,0.0,1.38,-0.28,1.0,solar,0.0,38873.0,PV_BERRINGS,True
39474-4,3941,PV,17.25,0.0,1.725,0.0,1.0,wind,0.0,39474.0,W_MONEYPOINT,True
39475-1,39420,PV,450.0,0.0,45.0,-60.0,1.0,wind,0.0,39475.0,W_SKERD ROCK,True
40014-1,4001,PV,4.0,0.0,0.4,-0.081,1.0,solar,0.0,40014.0,PV_TULLYNALL,True
40071-1,4001,PV,4.0,0.0,0.4,-0.081,1.0,solar,0.0,40071.0,PV_LISS,True
40072-1,4001,PV,4.0,0.0,0.4,-0.081,1.0,solar,0.0,40072.0,PV_MARLINSTO,True
40073-1,4001,PV,16.85,0.0,1.685,-0.342,1.0,solar,0.0,40073.0,PV_SLANMORE,True
40075-1,4001,PV,4.99,0.0,0.499,-0.101,1.0,solar,0.0,40075.0,PV_CURRAGHMO,True
40202-1,4021,PV,4.95,0.0,0.495,-0.101,1.0,solar,0.0,40202.0,PV_CROSSFIEL,True
40204-1,4021,PV,4.99,0.0,0.499,-0.101,1.0,unknown,60.0,40204.0,MALLOW,True
40471-1,4041,PV,6.0,0.0,0.6,-0.122,1.0,wind,0.0,40471.0,W_LACKAN,True
40771-1,4071,PV,52.9,0.0,5.29,12.5,1.0,wind,0.0,40771.0,W_MEENTYCAT,True
40772-2,4071,PV,18.06,0.0,1.806,4.2,1.0,wind,0.0,40772.0,W_MEENTYCAT,True
40773-3,4071,PV,14.0,0.0,1.4,3.3,1.0,wind,0.0,40773.0,W_MEENTYCAT,True
40871-1,4081,PV,4.0,0.0,0.4,-0.081,1.0,solar,0.0,40871.0,PV_KERDIFFST,True
40872-1,4081,PV,4.0,0.0,0.4,-0.081,1.0,solar,0.0,40872.0,PV_BODENSTOW,True
40971-1,4091,PV,82.0,0.0,8.2,-0.723,1.0,wind,0.0,40971.0,W_MULREAVY,True
40972-2,4091,PV,4.25,0.0,0.425,-0.086,1.0,wind,0.0,40972.0,W_CROAGHNAME,True
40973-1,4091,PV,3.6,0.0,0.36,-0.073,1.0,wind,0.0,40973.0,W_MEENADREEN,True
41271-1,4121,PV,60.0,0.0,6.0,-15.602,1.0,wind,0.0,41271.0,W_MULGEETH,True
42073-1,4201,PV,12.0,0.0,1.2,-0.244,1.0,solar,0.0,42073.0,PV_BROWNTOWN,True
42271-1,4221,PV,4.999,0.0,0.5,-0.102,1.0,solar,0.0,42271.0,PV_MARTINSTO,True
42272-1,4221,PV,4.0,0.0,0.4,-0.081,1.0,solar,0.0,42272.0,PV_FRIARSPAR,True
42272-2,4221,PV,2.1,0.0,0.21,-0.043,1.0,solar,0.0,42272.0,PV_FRIARSPAR,True
42273-1,4221,PV,4.0,0.0,0.4,-0.081,1.0,solar,0.0,42273.0,PV_KILKEELAN,True
42273-2,4221,PV,1.35,0.0,0.135,-0.027,1.0,solar,0.0,42273.0,PV_KILKEELAN,True
42672-2,4261,PV,2.44,0.0,0.244,-0.05,1.0,wind,0.0,42672.0,W_CURRAGHG,True
42673-4,4261,PV,3.9,0.0,0.39,-0.079,1.0,wind,0.0,42673.0,W_TEMPLEDE,True
42673-5,4261,PV,0.7,0.0,0.07,-0.014,1.0,wind,0.0,42673.0,W_TEMPLEDE,True
42674-5,4261,PV,2.55,0.0,0.255,-0.052,1.0,wind,0.0,42674.0,W_CURRAGHGRA,True
42675-1,4261,PV,2.55,0.0,0.255,-0.052,1.0,wind,0.0,42675.0,W_NENAGH,True
42676-1,4261,PV,2.55,0.0,0.255,-0.052,1.0,wind,0.0,42676.0,W_NENAGH,True
42677-1,4261,PV,4.0,0.0,0.4,-0.081,1.0,solar,0.0,42677.0,PV_LISBRIEN,True
43671-DW,4361,PV,9.0,0.0,0.9,-0.183,1.0,wind,0.0,43671.0,W_KNOCKANEDE,True
43673-1,4361,PV,4.0,0.0,0.4,-0.081,1.0,solar,0.0,43673.0,PV_MAINE,True
43771-1,4371,PV,28.0,0.0,2.8,-4.64,1.0,wind,0.0,43771.0,W_BUNNYCONNE,True
43774-2,4371,PV,34.15,0.0,3.415,0.0,1.0,wind,0.0,43774.0,W_CARROWLEAG,True
43971-1,4391,PV,50.0,0.0,5.0,-12.467,1.0,wind,0.0,43971.0,W_BS_PHILIPS,True
44736-1,44731,PV,483.0,0.0,48.3,14.913,1.0,wind,0.0,44736.0,W_CODLING 1,True
44737-1,44732,PV,483.0,0.0,48.3,14.913,1.0,wind,0.0,44737.0,W_CODLING 2,True
44738-1,44733,PV,483.0,0.0,48.3,14.913,1.0,wind,0.0,44738.0,W_CODLING 3,True
44806-1,4481,PV,4.0,0.0,0.4,-0.081,1.0,solar,0.0,44806.0,PV_PORTLAOIS,True
44871-1,4481,PV,45.001,0.0,4.5,4.765,1.0,wind,0.0,44871.0,W_DOORAY,True
46771-1,4671,PV,90.0,0.0,9.0,-23.867,1.0,wind,0.0,46771.0,W_RAPPAREEHI,True
46870-1,4681,PV,4.99,0.0,0.499,-0.101,1.0,wind,0.0,46870.0,W_CARRONS_1,True
46873-1,4681,PV,12.5,0.0,1.25,-0.254,1.0,wind,0.0,46873.0,W_RATHCAHI,True
46874-1,4681,PV,15.0,0.0,1.5,-0.305,1.0,wind,0.0,46874.0,W_GROUSEL,True
47071-1,4701,PV,4.0,0.0,0.4,-0.081,1.0,solar,0.0,47071.0,PV_LISNAGEER,True
47072-1,4701,PV,8.0,0.0,0.8,-0.162,1.0,solar,0.0,47072.0,PV_CLEGGILL,True
47073-1,4701,PV,4.99,0.0,0.499,-0.101,1.0,wind,0.0,47073.0,W_LISANORE,True
47871-1,4781,PV,48.0,0.0,4.8,-16.0,1.0,wind,0.0,47871.0,W_RATRUSSAN,True
47872-2,4781,PV,24.8,0.0,2.48,0.0,1.0,wind,0.0,47872.0,W_MOUNTAIN_L,True
47873-3,4781,PV,5.82,0.0,0.582,0.0,1.0,wind,0.0,47873.0,W_MOUNTAIN_L,True
47971-1,4791,PV,95.0,0.0,9.5,-20.332,1.0,solar,0.0,47971.0,PV_RATHNASKI,True
49271-1,4922,PV,296.0,0.20270270270270271,281.0,-112.0,1.0,unknown,60.0,49271.0,SOUTHBANK,True
49451-1,4941,PV,38.75,0.12903225806451613,38.0,3.199,1.0,unknown,60.0,49451.0,TEG SHANNONB,True
49451-2,4941,PV,38.75,0.12903225806451613,38.0,3.199,1.0,unknown,60.0,49451.0,TEG SHANNONB,True
49452-5,4941,PV,38.75,0.12903225806451613,38.0,3.199,1.0,unknown,60.0,49452.0,TEG SHANNONB,True
49452-6,4941,PV,38.75,0.12903225806451613,38.0,3.199,1.0,unknown,60.0,49452.0,TEG SHANNONB,True
49453-3,4941,PV,38.75,0.12903225806451613,38.0,3.199,1.0,unknown,60.0,49453.0,TEG SHANNONB,True
49453-4,4941,PV,38.75,0.12903225806451613,38.0,3.199,1.0,unknown,60.0,49453.0,TEG SHANNONB,True
49454-7,4941,PV,38.75,0.12903225806451613,38.0,3.199,1.0,unknown,60.0,49454.0,TEG SHANNONB,True
49454-8,4941,PV,38.75,0.12903225806451613,38.0,3.199,1.0,unknown,60.0,49454.0,TEG SHANNONB,True
49571-1,4951,PV,21.0,0.0,2.1,-0.426,1.0,wind,0.0,49571.0,W_LEITIR_G,True
49572-1,4951,PV,3.3,0.0,0.33,-0.067,1.0,wind,0.0,49572.0,W_INVERIN,True
49605-2,4961,PV,3.017,0.0,0.302,-0.061,1.0,wind,0.0,49605.0,W_HY_SHANKIL,True
49608-1,4961,PV,22.0,0.0,2.2,-0.447,1.0,wind,0.0,49608.0,W_CARRICKALL,True
49671-1,4961,PV,4.0,0.0,0.4,-0.081,1.0,solar,0.0,49671.0,PV_CARRICKAB,True
49672-2,4961,PV,3.0,0.0,0.3,-0.061,1.0,wind,0.0,49672.0,W_MOUNTAIN,True
49673-1,4961,PV,7.0,0.0,0.7,-0.142,1.0,solar,0.0,49673.0,PV_DRUMMAN,True
49771-1,4971,PV,58.6,0.0,5.86,-20.0,1.0,solar,0.0,49771.0,PV_SHANONAGH,True
49871-1,4981,PV,4.08,0.0,0.408,-0.083,1.0,wind,0.0,49871.0,W_TEMPLEHOUS,True
49971-1,4991,PV,31.5,0.0,3.15,10.395,1.0,wind,0.0,49971.0,W_SORNE_HILL,True
49972-7,4991,PV,2.3,0.0,0.23,-0.047,1.0,wind,0.0,49972.0,W_SINGLE_TUR,True
49973-2,4991,PV,7.4,0.0,0.74,-0.15,1.0,wind,0.0,49973.0,W_SORNE_HILL,True
49974-6,4991,PV,4.25,0.0,0.425,-0.086,1.0,wind,0.0,49974.0,W_THREETR,True
49975-4,4991,PV,4.2,0.0,0.42,-0.085,1.0,wind,0.0,49975.0,W_MEENKEER,True
49976-3,4991,PV,9.2,0.0,0.92,-0.187,1.0,wind,0.0,49976.0,W_FLUGHLAND,True
49977-1,4991,PV,0.6,0.0,0.06,-0.012,1.0,wind,0.0,49977.0,W_GLACKMORE_,True
49978-2,4991,PV,1.4,0.0,0.14,-0.028,1.0,wind,0.0,49978.0,W_GLACKMORE_,True
49979-3,4991,PV,0.3,0.0,0.03,-0.006,1.0,wind,0.0,49979.0,W_GLACKMORE_,True
49992-1,4991,PV,2.1,0.0,0.21,-0.043,1.0,wind,0.0,49992.0,W_CORVIN,True
50024-1,5001,PV,4.0,0.0,0.4,-0.081,1.0,solar,0.0,50024.0,PV_BALLYCRIS,True
50071-1,5001,PV,7.65,0.0,0.765,-0.155,1.0,wind,0.0,50071.0,W_SONNAGH,True
50073-1,5001,PV,4.0,0.0,0.4,-0.081,1.0,solar,0.0,50073.0,PV_ARDNADOMA,True
50573-3,5071,PV,81.0,0.48148148148148145,70.0,16.286,1.0,unknown,60.0,50573.0,SEAL_ROCK,True
50574-4,5051,PV,81.0,0.48148148148148145,70.0,16.286,1.0,unknown,60.0,50574.0,SEAL_ROCK,True
50871-1,5081,PV,105.0,0.0,10.5,-35.0,1.0,wind,0.0,50871.0,W_STONESTOWN,True
51475-1,5140,PV,48.0,0.5625,38.0,-10.0,1.0,unknown,60.0,51475.0,TEG TARB 5,True
51476-1,5140,PV,48.0,0.5625,38.0,-10.0,1.0,unknown,60.0,51476.0,TEG TARB 6,True
51477-1,5140,PV,48.0,0.5625,38.0,-10.0,1.0,unknown,60.0,51477.0,TEG TARB 7,True
51478-1,5142,PV,296.0,0.20270270270270271,281.0,-95.928,1.0,unknown,60.0,51478.0,TARBG5,True
51771-CT,5172,PV,262.0,0.5916030534351145,262.0,29.677,1.0,unknown,60.0,51771.0,TYNAGH,True
51772-ST,5172,PV,142.0,0.7816901408450704,142.0,19.716,1.0,unknown,60.0,51772.0,TYNAGH,True
51871-1,5181,PV,4.95,0.0,0.495,-0.101,1.0,solar,0.0,51871.0,PV_SHANAGRAI,True
51971-1,51911,PV,91.2,0.0,9.12,-22.171,1.0,wind,0.0,51971.0,W_CROAGHONAG,True
51972-1,51911,PV,48.0,0.0,4.8,-13.386,1.0,wind,0.0,51972.0,W_CROAGHONAG,True
52071-1,5202,Slack,73.0,-1.0,0.784,-1.696,1.0,unknown,60.0,52071.0,TURLG1,True
52072-2,5202,PV,73.0,-1.0,0.824,-1.682,1.0,unknown,60.0,52072.0,TURLG2,True
52073-3,5202,PV,73.0,-1.0,0.784,-1.696,1.0,unknown,60.0,52073.0,TURLG3,True
52074-4,5202,PV,73.0,-1.0,0.824,-1.682,1.0,unknown,60.0,52074.0,TURLG4,True
52171-1,5211,PV,70.0,0.0,7.0,-23.0,1.0,solar,0.0,52171.0,PV_TIMAHOE N,True
52271-1,5221,PV,12.6,0.0,1.26,-0.256,1.0,wind,0.0,52271.0,W_MOANMORE,True
52476-1,5241,PV,52.3,0.022944550669216062,50.0,-5.159,1.0,unknown,60.0,52476.0,TAW_PEAK,True
52477-1,5251,PV,52.3,0.022944550669216062,50.0,-5.159,1.0,unknown,60.0,52477.0,TAW_PEAK,True
52671-1,5261,PV,1.65,0.0,0.165,-0.034,1.0,wind,0.0,52671.0,W_BEALEHI,True
52672-2,5261,PV,1.3,0.0,0.13,-0.026,1.0,wind,0.0,52672.0,W_BEALEHI,True
52673-2,5261,PV,7.5,0.0,0.75,-0.152,1.0,wind,0.0,52673.0,W_TOURNAFU,True
52675-1,52610,PV,6.6,0.0,0.66,-0.134,1.0,wind,0.0,52675.0,W_KNOCKAWA,True
52675-4,52610,PV,22.5,0.0,2.25,-0.457,1.0,wind,0.0,52675.0,W_KNOCKAWA,True
52676-3,52610,PV,17.2,0.0,1.72,-0.349,1.0,wind,0.0,52676.0,W_TOURNAFU,True
52677-2,5261,PV,2.55,0.0,0.255,-0.052,1.0,wind,0.0,52677.0,W_BEALE_HILL,True
52678-1,5261,PV,4.0,0.0,0.4,-0.081,1.0,solar,0.0,52678.0,PV_SHANACOOL,True
52700-1,5271,PV,36.9,0.0,3.69,0.328,1.0,wind,0.0,52700.0,W_GARRACUMME,True
52771-1,5274,PV,49.08,0.0,4.908,-1.432,1.0,wind,0.0,52771.0,W_CAPPAGH_WH,True
52773-1,5274,PV,33.0,0.0,3.3,0.0,1.0,wind,0.0,52773.0,W_GLENOUGH,True
52778-5,5271,PV,9.0,0.0,0.9,-0.183,1.0,wind,0.0,52778.0,W_HOLYFORD,True
52871-1,5281,PV,15.0,0.0,1.5,-0.305,1.0,wind,0.0,52871.0,W_TURSILLA,True
52872-2,5281,PV,6.8,0.0,0.68,-0.138,1.0,wind,0.0,52872.0,W_TURSILLA,True
52873-3,5281,PV,3.96,0.0,0.396,-0.08,1.0,wind,0.0,52873.0,W_BEENAGEE,True
52874-1,5281,PV,9.9,0.0,0.99,-0.201,1.0,solar,0.0,52874.0,PV_BALLYENAG,True
52875-5,5281,PV,5.1,0.0,0.51,-0.104,1.0,wind,0.0,52875.0,W_MOUNTEA,True
52876-6,5281,PV,1.7,0.0,0.17,-0.035,1.0,wind,0.0,52876.0,W_MOUNTEA,True
52878-1,5281,PV,15.0,0.0,1.5,-0.305,1.0,wind,0.0,52878.0,W_BALLINCOLL,True
52879-1,5281,PV,4.0,0.0,0.4,-0.081,1.0,solar,0.0,52879.0,PV_DROMROE,True
52971-1,5291,PV,50.0,0.0,5.0,-17.0,1.0,solar,0.0,52971.0,PV_TULLABEG,True
52972-1,5291,PV,105.0,0.0,10.5,-35.0,1.0,solar,0.0,52972.0,PV TULLABEG,True
53205-1,5321,PV,4.0,0.0,0.4,-0.081,1.0,solar,0.0,53205.0,PV_MUINAGH S,True
53205-2,5321,PV,1.8,0.0,0.18,-0.037,1.0,solar,0.0,53205.0,PV_MUINAGH S,True
53271-1,5321,PV,4.0,0.0,0.4,-0.081,1.0,solar,0.0,53271.0,PV_LEHINCH,True
53272-1,5321,PV,14.0,0.0,1.4,-0.284,1.0,solar,0.0,53272.0,PV_BALLYBOUG,True
53404-1,5341,PV,4.99,0.0,0.499,-0.101,1.0,unknown,60.0,53404.0,TONROE,True
53471-1,5341,PV,5.94,0.0,0.594,-0.121,1.0,wind,0.0,53471.0,W_LARGANH,True
53472-1,5341,PV,3.6,0.0,0.36,-0.073,1.0,wind,0.0,53472.0,W_ROOSKY,True
53473-1,5341,PV,2.5,0.0,0.25,-0.051,1.0,wind,0.0,53473.0,W_GRADYJOINE,True
53571-1,5351,PV,66.56,0.0,6.656,-11.297,1.0,solar,0.0,53571.0,PV_TIMONEY,True
53571-2,5351,PV,90.0,0.0,9.0,-15.276,1.0,solar,0.0,53571.0,PV_TIMONEY,True
53671-1,5361,PV,5.0,0.0,0.5,-0.102,1.0,wind,0.0,53671.0,W_CROCKAHE,True
53672-2,5361,PV,4.8,0.0,0.48,-0.097,1.0,wind,0.0,53672.0,W_DRUMLOUG,True
53673-3,5361,PV,14.0,0.0,1.4,-0.284,1.0,wind,0.0,53673.0,W_BEAMHIL,True
53674-4,5361,PV,9.99,0.0,0.999,-0.203,1.0,wind,0.0,53674.0,W_DRUMLOUG,True
53871-1,5381,PV,3.0,0.0,0.3,-0.061,1.0,wind,0.0,53871.0,W_SLIEVERA,True
53871-2,5381,PV,1.6,0.0,0.16,-0.032,1.0,wind,0.0,53871.0,W_SLIEVERA,True
53872-1,5381,PV,4.0,0.0,0.4,-0.081,1.0,solar,0.0,53872.0,PV_BALLINALA,True
54471-1,5441,PV,4.25,0.0,0.425,-0.086,1.0,wind,0.0,54471.0,W_RAHORA,True
54472-1,5441,PV,6.0,0.0,0.6,-0.122,1.0,wind,0.0,54472.0,W_BALLYMAR,True
54473-1,5441,PV,3.99,0.0,0.399,-0.081,1.0,solar,0.0,54473.0,PV_CURRAGHMA,True
54474-1,5441,PV,6.0,0.0,0.6,-0.122,1.0,solar,0.0,54474.0,PV_FARRANMAC,True
54571-1,5451,PV,95.0,0.0,9.5,-8.071,1.0,solar,0.0,54571.0,PV_ROSSPILE,True
54630-1,54630,PV,500.0,-1.0,300.0,-325.0,1.0,unknown,60.0,54630.0,EASTWEST,False
55071-1,5501,PV,11.9,0.0,1.19,-0.242,1.0,wind,0.0,55071.0,W_CARNSORE,True
55072-2,5501,PV,20.25,0.0,2.025,-0.411,1.0,wind,0.0,55072.0,W_RICHFIEL,True
55073-3,5501,PV,6.75,0.0,0.675,-0.137,1.0,wind,0.0,55073.0,W_RICHFIEL,True
55074-1,5501,PV,7.98,0.0,0.798,-0.162,1.0,solar,0.0,55074.0,PV_BLUSHEENS,True
55076-1,5501,PV,4.95,0.0,0.495,-0.101,1.0,solar,0.0,55076.0,PV_DAVIDSTOW,True
66095-1,66094,PV,58.0,0.0,5.8,5.229,1.0,wind,0.0,66095.0,W_SLIABH_BAW,True
66171-2,66123,PV,160.0,0.0,16.0,-7.48,1.0,wind,0.0,66171.0,W_ORIEL,True
66171-OS,66123,PV,210.0,0.0,21.0,-9.817,1.0,wind,0.0,66171.0,W_ORIEL,True
67025-1,14013,PV,89.0,0.0,8.9,-16.12,1.0,wind,0.0,67025.0,W_OWENINEY_P,True
67026-2,14013,PV,83.0,0.0,8.3,-16.12,1.0,wind,0.0,67026.0,W_OWENINEY_P,True
67030-1,1251,PV,36.98,0.0,3.698,1.079,1.0,wind,0.0,67030.0,W_BOOLYNAG_P,True
67031-1,1881,PV,10.0,0.0,1.0,-0.203,1.0,wind,0.0,67031.0,W_CASTLEPO_P,True
67031-2,1881,PV,24.0,0.0,2.4,-0.487,1.0,wind,0.0,67031.0,W_CASTLEPO_P,True
67033-1,1401,PV,32.9,0.0,3.29,-0.668,1.0,wind,0.0,67033.0,W_SHESKIN,True
67034-1,6201,PV,114.2,0.0,11.42,-38.0,1.0,wind,0.0,67034.0,W_GROUSEMOUN,True
67044-1,3891,PV,54.3,0.0,5.43,-5.871,1.0,wind,0.0,67044.0,W_CARRIGDANG,True
67044-2,3891,PV,13.6,0.0,1.36,-1.471,1.0,wind,0.0,67044.0,W_CARRIGDANG,True
67045-1,1121,PV,35.2,0.0,3.52,-0.715,1.0,wind,0.0,67045.0,W_RAHEENLE_P,True
67058-1,2111,PV,108.0,0.0,10.8,-33.0,1.0,wind,0.0,67058.0,W_SEECON_PH1,True
67059-1,5241,PV,19.2,0.0,1.92,-0.39,1.0,wind,0.0,67059.0,W_BS_KILLALA,True
67062-1,20900,PV,91.2,0.0,9.12,30.0,1.0,wind,0.0,67062.0,W_BUFFY,True
67062-2,20900,PV,18.0,0.0,1.8,0.0,1.0,wind,0.0,67062.0,W_BUFFY,True
67066-1,2401,PV,79.2,0.0,7.92,26.0,1.0,wind,0.0,67066.0,W_MOUNTLUC_P,True
67069-1,2391,PV,36.0,0.0,3.6,-12.0,1.0,wind,0.0,67069.0,W_KILLHILL_P,True
67071-5,14016,PV,50.0,0.0,5.0,-10.478,1.0,wind,0.0,67071.0,W_OWENINEY_3,True
67073-1,1251,PV,24.0,0.0,2.4,-0.487,1.0,wind,0.0,67073.0,W_SORRELL IS,True
67073-2,1251,PV,8.0,0.0,0.8,-0.162,1.0,wind,0.0,67073.0,W_SORRELL IS,True
67083-1,1651,PV,13.8,0.0,1.38,-5.0,1.0,wind,0.0,67083.0,W_CLAHANE_PH,True
67084-1,3621,PV,39.6,0.0,3.96,-1.133,1.0,wind,0.0,67084.0,W_BRUCKANA,True
67144-1,3561,PV,33.1,0.0,3.31,-0.672,1.0,wind,0.0,67144.0,W_COOLBERRIN,True
67213-1,5301,PV,11.5,0.0,1.15,-0.234,1.0,wind,0.0,67213.0,W_AN_CNOC,True
68087-1,4981,PV,7.65,0.0,0.765,-0.155,1.0,wind,0.0,68087.0,W_CARRICKEEN,True
68092-1,2111,PV,66.0,0.0,6.6,-21.03,1.0,wind,0.0,68092.0,W_UGGOOL_PH1,True
68093-1,1881,PV,4.7,0.0,0.47,-0.095,1.0,wind,0.0,68093.0,W_KILMEEDY_P,True
68094-1,4951,PV,13.8,0.0,1.38,-0.28,1.0,wind,0.0,68094.0,W_LEITIR_PH1,True
68095-1,68090,PV,34.0,0.0,3.4,10.0,1.0,wind,0.0,68095.0,W_KNOCKNAMON,True
68096-1,66096,PV,84.0,0.0,8.4,-7.658,1.0,wind,0.0,68096.0,W_UPPERCHURC,True
68101-1,4981,PV,6.0,0.0,0.6,-0.122,1.0,wind,0.0,68101.0,W_FAUGHA_PH1,True
68104-1,1121,PV,6.0,0.0,0.6,-0.122,1.0,solar,0.0,68104.0,PV_KNOCKADOS,True
68108-1,4951,PV,8.0,0.0,0.8,-0.162,1.0,wind,0.0,68108.0,W_LEALET_PH1,True
68115-1,1881,PV,4.45,0.0,0.445,-0.09,1.0,wind,0.0,68115.0,W_RATHNACALL,True
68123-1,1881,PV,4.45,0.0,0.445,-0.09,1.0,wind,0.0,68123.0,W_BOOLARD,True
68128-1,5221,PV,4.6,0.0,0.46,-0.093,1.0,wind,0.0,68128.0,W_CARROWNA_P,True
68131-1,5301,PV,13.8,0.0,1.38,-0.28,1.0,wind,0.0,68131.0,W_BALLYBEAGH,True
68134-1,1461,PV,32.4,0.0,3.24,-0.658,1.0,wind,0.0,68134.0,W_BARRANAF_P,True
68136-1,3101,PV,35.95,0.0,3.595,-0.73,1.0,wind,0.0,68136.0,W_MONAINCH_P,True
68143-1,1401,PV,2.55,0.0,0.255,-0.052,1.0,wind,0.0,68143.0,W_BUNNAHOW_P,True
68145-2,2161,PV,8.0,0.0,0.8,-0.162,1.0,solar,0.0,68145.0,PV_BOOLABRI_,True
68148-1,1251,PV,6.0,0.0,0.6,-0.122,1.0,wind,0.0,68148.0,W_CAHERMUR_P,True
68154-1,5301,PV,4.6,0.0,0.46,-0.093,1.0,wind,0.0,68154.0,W_GLENGOOL_P,True
68157-1,5301,PV,9.6,0.0,0.96,-0.195,1.0,wind,0.0,68157.0,W_HOLMES_H_P,True
68158-1,5301,PV,2.3,0.0,0.23,-0.047,1.0,wind,0.0,68158.0,W_GURTEEN_PH,True
68165-1,3461,PV,18.0,0.0,1.8,-0.366,1.0,wind,0.0,68165.0,W_KILPADDOGE,True
68175-1,3821,PV,23.06,0.0,2.306,-0.468,1.0,wind,0.0,68175.0,W_CREGG,True
68181-1,5274,PV,33.0,0.0,3.3,-0.963,1.0,wind,0.0,68181.0,W_GLENCARB_P,True
68190-1,2141,PV,4.99,0.0,0.499,-0.101,1.0,wind,0.0,68190.0,W_PV_BALLYCU,True
68190-2,2141,PV,3.99,0.0,0.399,-0.081,1.0,wind,0.0,68190.0,W_PV_BALLYCU,True
68195-1,5361,PV,4.0,0.0,0.4,-0.081,1.0,wind,0.0,68195.0,W_COOLY_PH1,True
68204-1,3581,PV,20.0,0.0,2.0,-0.406,1.0,wind,0.0,68204.0,W_LETTERGU_P,True
68209-1,1121,PV,18.0,0.0,1.8,-0.366,1.0,wind,0.0,68209.0,W_BALLYCUM_P,True
68219-1,5261,PV,4.5,0.0,0.45,-0.091,1.0,wind,0.0,68219.0,W_CURRAGHD_P,True
68222-1,1281,PV,17.5,0.0,1.75,-0.355,1.0,wind,0.0,68222.0,W_BALLYBANE,True
68223-1,1341,PV,0.5,0.0,0.05,-0.01,1.0,wind,0.0,68223.0,W_ANARGET_PH,True
68224-1,1881,PV,18.3,0.0,1.83,-0.372,1.0,wind,0.0,68224.0,W_KNOCKNATAL,True
68233-1,5261,PV,4.6,0.0,0.46,-0.093,1.0,wind,0.0,68233.0,W_GORTNACLOG,True
68233-2,5261,PV,4.4,0.0,0.44,-0.089,1.0,wind,0.0,68233.0,W_GORTNACLOG,True
68240-1,3821,PV,2.638,0.0,0.264,-0.054,1.0,wind,0.0,68240.0,W_TULLYNAM_P,True
68241-1,2181,PV,2.3,0.0,0.23,-0.047,1.0,wind,0.0,68241.0,W_DUNMORE_PH,True
68244-1,1341,PV,1.9,0.0,0.19,-0.039,1.0,wind,0.0,68244.0,W_MEENACHU_P,True
68247-1,14010,PV,33.9,0.0,3.39,-0.688,1.0,wind,0.0,68247.0,W_CORVODERRY,True
68254-1,4371,PV,2.65,0.0,0.265,-0.054,1.0,wind,0.0,68254.0,W_CARROWLE_P,True
68260-1,1571,PV,17.96,0.0,1.796,-0.365,1.0,wind,0.0,68260.0,W_CRONALAG_P,True
68262-1,3251,PV,25.3,0.0,2.53,-0.514,1.0,wind,0.0,68262.0,W_STACK_MOUN,True
68265-1,3821,PV,9.0,0.0,0.9,-0.183,1.0,wind,0.0,68265.0,W_TEEVURCH_P,True
68267-1,1251,PV,4.99,0.0,0.499,-0.101,1.0,wind,0.0,68267.0,W_KILTUMPER,True
68268-1,1341,PV,4.2,0.0,0.42,-0.085,1.0,wind,0.0,68268.0,W_KILLYBEGS,True
68269-1,1341,PV,20.0,0.0,2.0,-0.406,1.0,wind,0.0,68269.0,W_CLOGHERA_P,True
68269-2,1341,PV,3.6,0.0,0.36,-0.073,1.0,wind,0.0,68269.0,W_CLOGHERA_P,True
68272-1,1311,PV,89.85,0.0,8.985,-33.281,1.0,wind,0.0,68272.0,W_CORDAL_PH2,True
68282-1,1281,PV,5.82,0.0,0.582,-0.118,1.0,wind,0.0,68282.0,W_KILVINAN_P,True
68284-1,5361,PV,6.9,0.0,0.69,-0.14,1.0,wind,0.0,68284.0,W_BEAMHILL_P,True
68285-1,4481,PV,9.2,0.0,0.92,-0.187,1.0,wind,0.0,68285.0,W_LISDOWNE_P,True
68294-1,3821,PV,11.5,0.0,1.15,-0.234,1.0,wind,0.0,68294.0,W_RARAGH_PH2,True
68297-1,6201,PV,42.64,0.0,4.264,1.244,1.0,wind,0.0,68297.0,W_CLEANRATH,True
68303-1,1881,PV,4.799,0.0,0.48,-0.097,1.0,wind,0.0,68303.0,W_KILBEREH_P,True
68306-1,36411,PV,9.762,0.0,0.976,-0.198,1.0,wind,0.0,68306.0,W_BALLYCADDA,True
68307-1,36411,PV,3.95,0.0,0.395,-0.08,1.0,wind,0.0,68307.0,W_KNOCKNALOU,True
68308-1,4091,PV,5.4,0.0,0.54,-0.158,1.0,wind,0.0,68308.0,W_MEENAD_S_P,True
68311-1,5221,PV,13.8,0.0,1.38,-0.28,1.0,wind,0.0,68311.0,W_TULLABRA_P,True
68312-1,4371,PV,12.5,0.0,1.25,-0.254,1.0,wind,0.0,68312.0,W_BLACKLOU_P,True
68323-1,36411,PV,0.6,0.0,0.06,-0.012,1.0,wind,0.0,68323.0,W_BALLYDUF_P,True
68402-1,5191,PV,29.9,0.0,2.99,0.872,1.0,wind,0.0,68402.0,W_MULLY GRAF,True
68404-1,2101,PV,16.1,0.0,1.61,-0.327,1.0,wind,0.0,68404.0,W_GROVE HILL,True
68407-1,1341,PV,9.4,0.0,0.94,-0.191,1.0,wind,0.0,68407.0,W_CORKEMOR_P,True
68408-1,5441,PV,8.28,0.0,0.828,-0.168,1.0,wind,0.0,68408.0,W_BALLYMAR_P,True
68410-1,5271,PV,13.18,0.0,1.318,-0.268,1.0,wind,0.0,68410.0,W_CAPPAGHW_P,True
69197-1,17010,PV,17.5,0.0,1.75,-0.355,1.0,wind,0.0,69197.0,W_ACRES,True
69335-1,6931,PV,20.0,0.0,2.0,0.0,1.0,wind,0.0,69335.0,W_WOODHOUS_P,True
70091-SN,70010,PV,13.5,0.0,1.35,-0.274,1.0,wind,0.0,70091.0,WIND_SNU,True
70093-S1,70010,PV,27.0,0.0,2.7,-0.548,1.0,wind,0.0,70093.0,WIND_RUS,True
70094-S2,70010,PV,27.0,0.0,2.7,-0.548,1.0,wind,0.0,70094.0,WIND_RUS,True
70095-MM,70010,PV,15.0,0.0,1.5,-0.305,1.0,wind,0.0,70095.0,WIND_MM,True
70390-CR,70311,PV,1.7,0.0,0.17,-0.035,1.0,solar,0.0,70390.0,PV_RENEW_AN,True
70390-DP,70311,PV,7.052,0.0,0.705,-0.143,1.0,solar,0.0,70390.0,PV_RENEW_AN,True
70390-DR,70311,PV,25.0,0.0,2.5,-0.508,1.0,solar,0.0,70390.0,PV_RENEW_AN,True
70390-SR,70311,PV,20.0,0.0,2.0,-0.406,1.0,solar,0.0,70390.0,PV_RENEW_AN,True
70394-MF,70311,PV,7.62,0.0,0.762,-0.155,1.0,solar,0.0,70394.0,PV_MILLAR FA,True
70507-7,70510,PV,55.0,0.14545454545454545,55.0,3.02,1.0,unknown,60.0,70507.0,BAFDG7,True
70508-8,70510,PV,55.0,0.14545454545454545,55.0,3.02,1.0,unknown,60.0,70508.0,BAFDG8,True
70513-A,70520,PV,157.0,0.43312101910828027,157.0,19.958,1.0,unknown,60.0,70513.0,BAFD_GA,True
70514-B,70520,PV,157.0,0.43312101910828027,157.0,19.958,1.0,unknown,60.0,70514.0,BAFD_GB,True
70515-C,70520,PV,173.0,0.27167630057803466,173.0,23.44,1.0,unknown,60.0,70515.0,BAFD_GC,True
70516-D,70510,PV,97.0,0.6701030927835051,97.0,17.767,1.0,unknown,60.0,70516.0,BAFD_GD,True
71037-EL,71011,PV,23.0,0.0,2.3,-0.467,1.0,wind,0.0,71037.0,WIND_ELG,True
71038-RS,71011,PV,21.15,0.0,2.115,-0.429,1.0,wind,0.0,71038.0,WIND_RSHERRY,True
71080-MN,71011,PV,4.6,0.0,0.46,-0.093,1.0,unknown,60.0,71080.0,BAME3_DU,True
71090-WR,71011,PV,4.6,0.0,0.46,-0.093,1.0,unknown,60.0,71090.0,BIO_BAME,True
71091-CG,71011,PV,6.0,0.0,0.6,-0.122,1.0,wind,0.0,71091.0,WIND_COR,True
71093-BR,71011,PV,6.0,0.0,0.6,-0.122,1.0,solar,0.0,71093.0,PV_BALLYGARV,True
73501-BR,73500,PV,47.5,0.0,4.75,0.7,1.0,wind,0.0,73501.0,WIND_BRO,True
73530-CE,73510,PV,34.0,0.0,3.4,-0.69,1.0,unknown,60.0,73530.0,GARVAGH NI,True
73530-CH,73510,PV,47.3,0.0,4.73,-0.96,1.0,unknown,60.0,73530.0,GARVAGH NI,True
73530-EN,73510,PV,39.9,0.0,3.99,-0.81,1.0,unknown,60.0,73530.0,GARVAGH NI,True
73530-SN,73510,PV,16.1,0.0,1.61,-0.327,1.0,unknown,60.0,73530.0,GARVAGH NI,True
74091-CH,74011,PV,13.8,0.0,1.38,-0.28,1.0,wind,0.0,74091.0,WIND_CNH,True
75092-GR,75010,PV,25.0,0.0,2.5,-0.508,1.0,wind,0.0,75092.0,WIND_GRU,True
75093-GA,75010,PV,15.0,0.0,1.5,-0.305,1.0,wind,0.0,75093.0,WIND_GAR,True
75094-DM,75010,PV,21.0,0.0,2.1,-0.426,1.0,wind,0.0,75094.0,WIND_DNM,True
75095-DB,75010,PV,42.0,0.0,4.2,-0.853,1.0,wind,0.0,75095.0,WIND_DUN,True
75515-ST,75510,PV,165.0,0.6060606060606061,165.0,0.655,1.0,unknown,60.0,75515.0,GEN_COOL,True
75516-GT,75520,PV,253.0,0.6324110671936759,253.0,29.702,1.0,unknown,60.0,75516.0,GEN_COOL,True
75590-MB,75510,PV,12.0,0.0,1.2,-0.244,1.0,unknown,60.0,75590.0,RENEW_CO,True
75630-AU,75610,PV,37.2,0.0,3.72,-0.755,1.0,gas,90.0,75630.0,AUGT,True
75830-BQ,75810,PV,4.98,0.0,0.498,-0.101,1.0,unknown,60.0,75830.0,CREA3,True
77090-MN,77010,PV,2.6,0.0,0.26,-0.053,1.0,unknown,60.0,77090.0,RENEW_DR,True
77231-CM,77211,PV,42.0,0.0,4.2,-0.853,1.0,unknown,60.0,77231.0,CURR_WF,True
77232-PT,77212,PV,51.6,0.0,5.16,-1.048,1.0,wind,0.0,77232.0,WIND_PT,True
77291-CA,77210,PV,25.0,0.0,2.5,-0.508,1.0,wind,0.0,77291.0,WIND_CAST,True
77292-CO,77210,PV,36.0,0.0,3.6,-0.731,1.0,wind,0.0,77292.0,WIND_CORN,True
77294-SG,77210,PV,6.9,0.0,0.69,-0.14,1.0,wind,0.0,77294.0,WIND_SLIEVEG,True
77591-CR,77511,PV,17.5,0.0,1.75,-0.355,1.0,wind,0.0,77591.0,WIND_CRO,True
78590-LI,78511,PV,2.3,0.0,0.23,-0.047,1.0,unknown,60.0,78590.0,RENEW_ED,True
79091-CA,79010,PV,16.9,0.0,1.69,-0.343,1.0,wind,0.0,79091.0,WIND_CAL,True
79094-OM,79010,PV,15.0,0.0,1.5,-0.305,1.0,unknown,60.0,79094.0,ORA MORE,True
79530-CB,79510,PV,13.8,0.0,1.38,0.0,1.0,unknown,60.0,79530.0,CAM,True
79530-DS,79510,PV,37.2,0.0,3.72,0.0,1.0,unknown,60.0,79530.0,CAM,True
79530-RH,79510,PV,30.1,0.0,3.01,0.0,1.0,unknown,60.0,79530.0,CAM,True
80700-SS,80710,PV,16.1,0.0,1.61,-0.327,1.0,wind,0.0,80700.0,WIND_SHA,True
80701-CV,80710,PV,7.5,0.0,0.75,-0.152,1.0,wind,0.0,80701.0,WIND_CRO,True
80702-TG,80710,PV,11.0,0.0,1.1,-0.223,1.0,wind,0.0,80702.0,WIND_TEI,True
80790-MM,80710,PV,21.6,0.0,2.16,-0.439,1.0,unknown,60.0,80790.0,RENEW_GO,True
80797-S2,80710,PV,18.8,0.0,1.88,-0.268,1.0,wind,0.0,80797.0,WIND_DIV2,True
80798-AL,80710,PV,14.1,0.0,1.41,-0.201,1.0,wind,0.0,80798.0,WIND_ALM,True
81530-CG,81510,PV,23.1,0.0,2.31,-0.469,1.0,solar,0.0,81530.0,PV_KELL_WIND,True
81831-EL,81810,PV,15.0,0.0,1.5,-0.305,1.0,unknown,60.0,81831.0,EGLISH,True
81832-CA,81810,PV,20.7,0.0,2.07,-0.42,1.0,wind,0.0,81832.0,WIND_CAR,True
81833-BH,81810,PV,24.0,0.0,2.4,-1.261,1.0,wind,0.0,81833.0,WIND_KILL,True
81834-BC,81810,PV,29.0,0.0,2.9,-1.261,1.0,wind,0.0,81834.0,WIND_KILL,True
82003-3,82020,PV,42.0,0.3333333333333333,20.0,-2.0,1.0,unknown,60.0,82003.0,GEN_KILR,True
82004-4,82020,PV,42.0,0.3333333333333333,20.0,-2.0,1.0,unknown,60.0,82004.0,GEN_KILR,True
82006-6,82020,PV,350.0,0.34285714285714286,250.0,-54.787,1.0,gas,90.0,82006.0,KIL_OCGT6,True
82007-7,82020,PV,350.0,0.34285714285714286,250.0,-54.787,1.0,gas,90.0,82007.0,KIL_OCGT7,True
83091-EH,83011,PV,5.0,0.0,0.5,-0.102,1.0,wind,0.0,83091.0,WIND_EH&,True
83091-WB,83011,PV,10.0,0.0,1.0,-0.203,1.0,wind,0.0,83091.0,WIND_EH&,True
83092-BK,83011,PV,16.1,0.0,1.61,-0.327,1.0,unknown,60.0,83092.0,BALYKEEL,True
83591-A1,83510,PV,26.0,0.0,2.6,-0.528,1.0,wind,0.0,83591.0,WIND_ALT,True
83592-A2,83510,PV,11.7,0.0,1.17,-0.238,1.0,wind,0.0,83592.0,WIND_ALT,True
84095-BA,84011,PV,16.95,0.0,1.695,-0.344,1.0,solar,0.0,84095.0,PV_BALIN ROA,True
84096-LR,84011,PV,21.2,0.0,2.12,-0.43,1.0,solar,0.0,84096.0,PV_LOUGH ROA,True
84097-MR,84011,PV,20.7,0.0,2.07,-0.42,1.0,solar,0.0,84097.0,PV_MAG ROAD,True
84491-CU,84412,PV,15.0,0.0,1.5,-0.305,1.0,wind,0.0,84491.0,WIND_CUR,True
84590-CL,84511,PV,9.2,0.0,0.92,-0.187,1.0,unknown,60.0,84590.0,RENEW_LO,True
85590-GR,85510,PV,11.75,0.0,1.175,-0.239,1.0,unknown,60.0,85590.0,RENEW_MA,True
85590-SE,85510,PV,14.1,0.0,1.41,-0.286,1.0,unknown,60.0,85590.0,RENEW_MA,True
85590-SX,85510,PV,7.05,0.0,0.705,-0.143,1.0,unknown,60.0,85590.0,RENEW_MA,True
85590-TI,85510,PV,34.5,0.0,3.45,-0.701,1.0,unknown,60.0,85590.0,RENEW_MA,True
85591-CH,85510,PV,18.4,0.0,1.84,-0.374,1.0,wind,0.0,85591.0,WIND_CHU,True
85592-CR,85510,PV,32.2,0.0,3.22,-0.654,1.0,wind,0.0,85592.0,WIND_CRI,True
85593-TH,85510,PV,20.0,0.0,2.0,-0.406,1.0,wind,0.0,85593.0,WIND_THO,True
86332-BY,86312,PV,4.99,0.0,0.499,-0.101,1.0,solar,0.0,86332.0,PV_RENEW_NAR,True
86590-CH,86512,PV,16.0,0.0,1.6,-0.325,1.0,unknown,60.0,86590.0,RENEW_NE,True
87591-T1,87510,PV,19.5,0.0,1.95,-0.396,1.0,wind,0.0,87591.0,WIND_TAP,True
87591-T2,87510,PV,9.0,0.0,0.9,-0.183,1.0,wind,0.0,87591.0,WIND_TAP,True
87592-HH,87510,PV,20.0,0.0,2.0,-0.406,1.0,wind,0.0,87592.0,WIND_HUN,True
87593-B1,87510,PV,5.0,0.0,0.5,-0.102,1.0,wind,0.0,87593.0,WIND_BES,True
87593-B2,87510,PV,9.0,0.0,0.9,-0.183,1.0,wind,0.0,87593.0,WIND_BES,True
87594-LE,87510,PV,13.2,0.0,1.32,-0.268,1.0,wind,0.0,87594.0,WIND_LEN,True
87596-SC,87510,PV,20.0,0.0,2.0,-0.406,1.0,wind,0.0,87596.0,WIND_SCR,True
87991-BR,87900,PV,29.81,0.0,2.981,-0.605,1.0,solar,0.0,87991.0,PV_BANN ROAD,True
87992-AV,87900,PV,18.0,0.0,1.8,-0.366,1.0,wind,0.0,87992.0,WIND_ALVN,True
87993-G1,87900,PV,9.2,0.0,0.92,-0.187,1.0,wind,0.0,87993.0,WIND_GLEN,True
87994-LM,87900,PV,27.6,0.0,2.76,-0.56,1.0,wind,0.0,87994.0,WIND_LM,True
87995-FR,87900,PV,5.209,0.0,0.521,-0.106,1.0,solar,0.0,87995.0,PV_FIN ROAD,True
87996-CE,87900,PV,21.5,0.0,2.15,-0.6,1.0,wind,0.0,87996.0,WIND_CORKEY,True
89202-S2,89210,PV,27.6,0.0,2.76,-9.07,1.0,wind,0.0,89202.0,WIND_SKR,True
89231-S1,89210,PV,27.6,0.0,2.76,-9.07,1.0,unknown,60.0,89231.0,GLEN_ALT,True
89231-SM,89210,PV,18.4,0.0,1.84,-6.05,1.0,unknown,60.0,89231.0,GLEN_ALT,True
89591-O1,89510,PV,5.5,0.0,0.55,-0.112,1.0,wind,0.0,89591.0,WIND_OWE,True
89591-O2,89510,PV,5.1,0.0,0.51,-0.104,1.0,wind,0.0,89591.0,WIND_OWE,True
89592-BM,89510,PV,9.0,0.0,0.9,-0.183,1.0,wind,0.0,89592.0,WIND_BIN,True
89593-LH,89510,PV,8.5,0.0,0.85,-0.173,1.0,wind,0.0,89593.0,WIND_LHI,True
90231-CC,90210,PV,13.8,0.0,1.38,-0.28,1.0,wind,0.0,90231.0,WIND_CRE,True
90232-CD,90210,PV,12.5,0.0,1.25,-0.254,1.0,wind,0.0,90232.0,WIND_CDU,True
90233-GO,90210,PV,15.0,0.0,1.5,-0.305,1.0,wind,0.0,90233.0,WIND_GOR,True
90234-IN,90210,PV,13.8,0.0,1.38,-0.28,1.0,wind,0.0,90234.0,WIND_INI,True
90235-EM,90210,PV,7.05,0.0,0.705,-0.143,1.0,wind,0.0,90235.0,WIND_ESH,True
90236-CL,90210,PV,12.85,0.0,1.285,-0.261,1.0,wind,0.0,90236.0,WIND_CULL,True
90237-CR,90210,PV,15.0,0.0,1.5,-0.305,1.0,wind,0.0,90237.0,WIND_CRD,True
90540-LH,90511,PV,9.0,0.0,0.9,-0.183,1.0,solar,0.0,90540.0,PV_LHIL,True
86221 import,86221,Slack,500.0,0.0,,0.0,1.0,import,150.0,,,
86221 export,86221,PV,500.0,0.0,,0.0,-1.0,export,-0.0,,,
GB_EWIC import,GB_EWIC,Slack,530.0,0.0,,0.0,1.0,import,150.0,,,
GB_EWIC export,GB_EWIC,PV,530.0,0.0,,0.0,-1.0,export,-0.0,,,
GB_GREENLINK import,GB_GREENLINK,Slack,530.0,0.0,,0.0,1.0,import,150.0,,,
GB_GREENLINK export,GB_GREENLINK,PV,530.0,0.0,,0.0,-1.0,export,-0.0,,,
