,Moy wind,Corderry wind,Clogher wind,Drumkeen wind,Cathaleen's Fall wind,Glenree wind,Binbane wind,Letterkenny wind,Sorne Hill wind,Sligo wind,Trillick wind,Ardnagappary wind,Croaghonagh wind
0,0.5327783843795241,0.3115332565405172,0.8162037086897893,0.7650178942726047,0.4786476740660032,0.2582935285283694,0.40553194842441387,0.7710791230359155,0.8999143321173226,0.43872168082120655,0.8999143321173225,0.7583001748352524,0.8162037086897893
1,0.4140426219393285,0.19653582657580979,0.603699067558297,0.5010152047186386,0.3027001269634932,0.1379396191207217,0.17798790003003834,0.5820624929577829,0.8925010083632041,0.29047701890440647,0.8925010083632041,0.39482882902032174,0.603699067558297
2,0.33746698016980137,0.1860383832441701,0.6833748420331273,0.4758259052453486,0.3169403634072016,0.09876090956584732,0.20109221962284515,0.5671778744079028,0.8841231628984593,0.23922458346673847,0.8841231628984593,0.44994948549481717,0.6833748420331273
3,0.38940722407954376,0.23121355356023263,0.7057729866015998,0.4908826811133653,0.3238149514370729,0.10817606629657303,0.2422530664850925,0.5922204925114822,0.8963746102190192,0.2810643678031883,0.8963746102190193,0.5548031704419243,0.7057729866015998
4,0.2757657675905623,0.1518223870010057,0.4514504310498928,0.3522979709940506,0.19012532761332648,0.0733520777586406,0.142499200060756,0.5510210802475757,0.8987039805864618,0.1514156309192079,0.8987039805864618,0.4602213704924133,0.4514504310498928
5,0.15662246909695438,0.06580610862242812,0.18251918683902996,0.17032581209908412,0.07155618022179941,0.03937992124874464,0.0582805832024237,0.29494075440171313,0.8515635179440928,0.06936539900697787,0.8515635179440928,0.22439745707944284,0.18251918683902996
6,0.09111311856835022,0.04251578459041844,0.21731545408566305,0.2035201231826257,0.09235234001179846,0.02416365723512623,0.06645805307782036,0.2961978518575362,0.8648768269435051,0.049230246852978485,0.864876826943505,0.23117730203738363,0.21731545408566305
7,0.10438398332137735,0.033507407892551,0.2187443566772748,0.2492403014758539,0.08475996048588842,0.03465498339677446,0.07898931648494543,0.3239796733051629,0.8656609222859672,0.044721230339033274,0.8656609222859672,0.23286933868209952,0.2187443566772748
8,0.09024991795357509,0.01307861836177598,0.11684738080053385,0.14989069752828033,0.0389714519587809,0.03153923106490125,0.03786090619485719,0.23313361448957987,0.8133936207270361,0.031932932184129535,0.813393620727036,0.17934781296602884,0.11684738080053385
9,0.07518937057822125,0.008946684679177874,0.09524533205975184,0.09886117843364906,0.03390520136212155,0.0321644392710639,0.03426649962410184,0.1428386226547435,0.620215973684587,0.023166349364978956,0.6202159736845868,0.1462177222990417,0.09524533205975184
10,0.038772115641095124,0.004749779800902075,0.06079204544499248,0.07975592658526476,0.020907876901475185,0.01914925299865077,0.01995933934714802,0.09535202790061223,0.4973814257676489,0.01588386285500497,0.4973814257676488,0.11062053421185852,0.06079204544499248
11,0.03171695982939146,0.008207073987349494,0.10288588993434777,0.19498724311470478,0.03650547816116343,0.011373074526098304,0.04032993705862621,0.2426758732313687,0.8212066555752415,0.01977602047778654,0.8212066555752415,0.2780711084554751,0.10288588993434777
12,0.009375731212493021,0.002187496459088443,0.03604866370008608,0.06975410479897212,0.009526327054185662,0.003577465054896784,0.01147339184215627,0.1129367545828292,0.48875299165364405,0.005586954461537453,0.48875299165364405,0.08789367256014821,0.03604866370008608
13,0.0064225314622230615,0.0016183514381410398,0.028692778214594476,0.04813616146199762,0.006751285976302103,0.00395840245589794,0.00993272443906854,0.09575824435372825,0.3435089689418747,0.004787662376826093,0.34350896894187477,0.06272529338974138,0.028692778214594476
14,0.008483518971308352,0.0020221866506540264,0.043996196104836086,0.05463698497433719,0.008780238918946675,0.005490451612531699,0.013923076492364888,0.10689504223049977,0.3696587368583592,0.007658114884766006,0.3696587368583592,0.08911423461230557,0.043996196104836086
15,0.01625582822435561,0.0025735649600161286,0.08302272726036496,0.11051840884233337,0.014269871438655903,0.008047910133397998,0.02781694788820858,0.16320204084178522,0.5133697970998337,0.015567734271539235,0.5133697970998337,0.18060251748709716,0.08302272726036496
16,0.02984962059832092,0.003543301759506161,0.10218200039424409,0.20969873418244478,0.013594582338730617,0.014211763197720578,0.041317436780113834,0.24144291410749433,0.6701244045674547,0.025393150055099754,0.6701244045674548,0.259034127485379,0.10218200039424409
17,0.047033649790106616,0.006006947252223629,0.15676152042630317,0.25593720436979067,0.03426117992318583,0.023768138683088923,0.0713534140204424,0.23899851460657437,0.6959936981761988,0.04372679703759855,0.6959936981761988,0.30209191785912076,0.15676152042630317
18,0.020619871735569357,0.00355663643320044,0.1032949261793527,0.1913924371561339,0.022283440763558367,0.008635958711242692,0.04601390268916186,0.16916957321421278,0.43198426954849706,0.020904767615241487,0.4319842695484971,0.2624738635827121,0.1032949261793527
19,0.006115563021687715,0.001527146367859797,0.05355565967236599,0.1045040641906118,0.009464199947716615,0.002581497984505178,0.022313388556616694,0.09487875527337315,0.369840775558254,0.007023717973974165,0.3698407755582539,0.2142527306148277,0.05355565967236599
20,0.005181207137992904,0.0010017515807929096,0.04105262427432275,0.08330951926849141,0.004853201908827561,0.0024291878925384986,0.017366329124729463,0.0750715541120176,0.3372789464971818,0.005761078815013311,0.33727894649718176,0.18892831498494012,0.04105262427432275
21,0.009782892025901544,0.001470790105868152,0.06288050988355505,0.11189659274200389,0.006960750897526169,0.003674406251730286,0.024226107730105962,0.10599685913553557,0.39577054077051793,0.010438565522112182,0.3957705407705179,0.2681685348948521,0.06288050988355505
22,0.0020437677961675756,0.0004882914125846664,0.010199869210334191,0.02517440446931949,0.0008386150363971876,0.0008791071886264469,0.003240950398221164,0.028145390377038816,0.16287207393593295,0.0018728640417747585,0.16287207393593295,0.08210422483884303,0.010199869210334191
23,0.002110396838175758,0.0005275908173734324,0.022434771586343404,0.04599052022340301,0.0011884534073661362,0.0007591303497212502,0.005831594679457542,0.04260558167449755,0.2839735869524661,0.001829379285240875,0.2839735869524661,0.1198461897614557,0.022434771586343404
24,0.0024265793642499287,0.0005016811480667727,0.016139989736494553,0.03201251036960075,0.0010089352162639881,0.0008655153999414006,0.0047359789755541375,0.025513014223258326,0.22548713475586118,0.0016887005590941735,0.22548713475586118,0.0871499353097867,0.016139989736494553
25,0.004576834408943959,0.0006881782846353976,0.02909898681109037,0.05220759822668493,0.0015421207234819205,0.0014452085185049316,0.008489192331301833,0.04319149538271217,0.257210305308218,0.0025322290372534646,0.2572103053082179,0.10908991231280643,0.02909898681109037
26,0.004362406009532688,0.0006634665471320227,0.023521421523263277,0.039589987705489556,0.0014494769274310429,0.0012722403454189508,0.008919517086235564,0.03327093913336399,0.1920007671965109,0.002010480476452781,0.19200076719651094,0.08258585072017938,0.023521421523263277
27,0.002119079532885351,0.0004568602600878713,0.007968050129464136,0.01280038262118426,0.0006600796159920818,0.000757993082198336,0.0031304833482619114,0.008981536892778757,0.059782027596750956,0.0010602705677069054,0.059782027596750956,0.023410655275915012,0.007968050129464136
28,0.0021625961838399807,0.0006100476982367066,0.0068598840589274976,0.009090133520327422,0.0008187746079539578,0.0008636694884293802,0.004189393762635927,0.006164191207074617,0.03987695578932075,0.0016341218612010019,0.03987695578932075,0.02551416428157631,0.0068598840589274976
29,0.002081052013210001,0.0004604984271624299,0.006283498009548084,0.00805897965274392,0.0006091743297185532,0.0007215445202121826,0.0034677492274633893,0.006866387814421693,0.04413213394246818,0.0010667993901241556,0.04413213394246818,0.022947764077128473,0.006283498009548084
30,0.001128761487494057,0.0004125427821559225,0.004022085446320759,0.0057785675446254394,0.0004868037109457954,0.0005760277679613663,0.0024001592469907523,0.005938227460356921,0.05540333047169217,0.0007289272298007601,0.05540333047169217,0.016965966240087473,0.004022085446320759
31,0.0015825265567417522,0.00045259758975411404,0.005434605864994468,0.009468447221230275,0.0004905284731806444,0.0007468386053939431,0.0035061844187395234,0.009587983778528522,0.08246771934508501,0.0009686638731207366,0.08246771934508501,0.02261458117435579,0.005434605864994468
32,0.0013866628543984596,0.0004451358062301029,0.0051414871731418725,0.008726382614219272,0.0004573225789281816,0.0006961405450105513,0.0039223976798115415,0.00879614654150293,0.05097489639045739,0.0008166491745974069,0.05097489639045738,0.011769933567246402,0.0051414871731418725
33,0.0011884338318073004,0.0004003155105943567,0.0055142822100512495,0.008940568173702309,0.00048430066975514377,0.0006543280465455914,0.003190891039378576,0.011598301850247504,0.043675068259972125,0.0007116314609054728,0.043675068259972125,0.01724569959957378,0.0055142822100512495
34,0.0009390743465543124,0.0004142261365426636,0.00545962322656971,0.00575278636505416,0.0005128146310418564,0.0006283880375305496,0.0031386861564150197,0.00800558271746644,0.03709237266899712,0.0006865077646603406,0.03709237266899713,0.008518358913362835,0.00545962322656971
35,0.0015801803640748027,0.000742120325807651,0.006199490360868819,0.006317101141845743,0.0006834428507189618,0.000939820293656029,0.002483733738435126,0.009174110117467394,0.028714401697996245,0.0010897748522079769,0.028714401697996248,0.006827327293778114,0.006199490360868819
36,0.0015639823108607102,0.0012041842176194013,0.010260520185727696,0.008869218395104394,0.0009125641675694101,0.0010537527764549067,0.0037711081420960762,0.015877802377478364,0.04498376915069822,0.0014604906833184724,0.04498376915069821,0.009501007246809457,0.010260520185727696
37,0.0007885721109190674,0.0006559641149677095,0.002790535480916576,0.0031425899424468023,0.0004707308995695967,0.00059803913999158,0.0015364238868894198,0.00677258379113316,0.03076962558057826,0.0006092880644669603,0.030769625580578268,0.004212899689309626,0.002790535480916576
38,0.0006699599612517541,0.0005311338106277234,0.001414808497944845,0.0016155989178411414,0.0003867334256151532,0.0004674176763870895,0.0008773666926109729,0.0033182316319409267,0.015130151203140632,0.0005094997561271264,0.015130151203140634,0.0019255654493822187,0.001414808497944845
39,0.0007450400211618951,0.0005502765008002825,0.0011194641072034093,0.0017301610888587205,0.0003810991206559399,0.00045644088862284123,0.0008226404002282861,0.0027366668842009343,0.013866440013565623,0.0004868155045231065,0.013866440013565622,0.00239110471927601,0.0011194641072034093
40,0.0009763303124431315,0.0006212306889039229,0.0012097053860943715,0.0017007774720577131,0.0003889505805770958,0.0005068822464902736,0.0008317783944762236,0.002511111834095493,0.01455688038897311,0.0005321175556415253,0.014556880388973112,0.0015296608832773035,0.0012097053860943715
41,0.0010979864535274166,0.0005503744355451266,0.0012429807722058271,0.0026571603200529832,0.00037761282034362516,0.0005231270149344059,0.0010233953587937936,0.0039008704070166993,0.019700569318023404,0.0004723411152437921,0.019700569318023404,0.0030587028533722777,0.0012429807722058271
42,0.0015753980499664784,0.0006894266260892738,0.0021413185654571057,0.005636583688804183,0.0004716469244789242,0.0006780399493012406,0.0011688083231787547,0.006925480982101728,0.044986765932078,0.0005811075588241727,0.044986765932078,0.003854181982495105,0.0021413185654571057
43,0.002862497177101237,0.0011811361292230341,0.005389854723313176,0.01758100062400745,0.0007429905225460324,0.0010407138650644996,0.0029057709277407195,0.022829328940218403,0.13210679043511722,0.0010536462520009916,0.13210679043511722,0.013770913960681141,0.005389854723313176
44,0.0069544219574765205,0.0017587772701059532,0.006343210463532115,0.019575759804879096,0.0008539592381198946,0.001699668047911387,0.0034980271831208842,0.026764001017588683,0.13632359388750453,0.0015763176592347534,0.13632359388750456,0.020044896921767228,0.006343210463532115
45,0.005685225508373016,0.0010798424466967726,0.004317421731264539,0.016245393440561147,0.0007849837463699853,0.0016848545149609163,0.0039299021428112,0.02350923473575324,0.10058679844922486,0.0010649469645987208,0.10058679844922486,0.014899626537500675,0.004317421731264539
46,0.008844500391929341,0.0011991400756433497,0.003776610133673163,0.013952036662914306,0.0007406255778060922,0.0024410061786973762,0.004774606439346895,0.02183896555298686,0.09143194073644058,0.0010236706052437277,0.09143194073644058,0.012839858296463126,0.003776610133673163
47,0.0062460033660006456,0.000985434938798761,0.003436187209048509,0.011050375000288657,0.000655011110127809,0.0015298852280343017,0.003099897712846951,0.014230238144694842,0.04593835603038091,0.0007786463744218292,0.045938356030380906,0.007925528510781966,0.003436187209048509
48,0.0026916099892831617,0.0007041805001643885,0.0035854224391901565,0.009139830807454676,0.000504386333529964,0.001171386401329728,0.0029680782974497153,0.012047703045040145,0.06618700580615938,0.0005642066956270105,0.06618700580615937,0.009679433879080858,0.0035854224391901565
49,0.006370219194009831,0.0020440140551731215,0.013072066543085974,0.03524367220331583,0.0011370043173277251,0.0032396665584929494,0.012750422316159912,0.04236498804748219,0.1578206807369652,0.0015149340303065057,0.1578206807369652,0.035533013394206905,0.013072066543085974
50,0.008217552398136107,0.002872508397653268,0.013441902946442378,0.03806742751774675,0.0011234693966633163,0.0048615032717318415,0.013191987704980842,0.034614889645027264,0.10521705439368703,0.001691904983136828,0.105217054393687,0.03824842631659571,0.013441902946442378
51,0.014103996096360184,0.004340492097953426,0.01853179232387146,0.06893065199736755,0.0015610996786407142,0.008395508050726924,0.02353595742622206,0.050316180390570384,0.13872433346268837,0.0037980266425989046,0.13872433346268837,0.05535983910382499,0.01853179232387146
52,0.03399052035324434,0.005555180268849044,0.02645209448334421,0.08346838759587127,0.001913360136153391,0.01501470021923712,0.02276749605040052,0.06435474497405622,0.1252187537643776,0.004955307228166943,0.1252187537643776,0.055872457441617875,0.02645209448334421
53,0.11645344418957004,0.01085732309581098,0.05213374035583449,0.12160193553011435,0.005225097419645536,0.06039635462307115,0.04941178323546521,0.10003047665019243,0.2384281913865836,0.015278888011503285,0.2384281913865836,0.12519042541455588,0.05213374035583449
54,0.12956780241751378,0.012973166144652316,0.049560255685699404,0.10800805949657916,0.004360580206168522,0.07085055737221285,0.03822257969129079,0.08231703589690265,0.1455554411590777,0.017286475523863143,0.14555544115907768,0.1209640225102135,0.049560255685699404
55,0.07198307627007537,0.010026038428606927,0.03582104701125795,0.07872849845568802,0.003889195551027106,0.055424998094075334,0.028703570222747405,0.04858676717296596,0.07769366439716116,0.012506934943574532,0.07769366439716116,0.06063246754346839,0.03582104701125795
56,0.10386707497704528,0.017172952160551532,0.07042187139441008,0.14172951903067244,0.00877762453976516,0.06704873495748803,0.04700080378830918,0.09864214364518331,0.1524399280688955,0.017526487595995777,0.15243992806889553,0.13819732035092155,0.07042187139441008
57,0.12855538122281845,0.013779611093671302,0.0818098814502261,0.16760794228155573,0.009368963800679926,0.12362538878636542,0.05061805020736538,0.1130936444760676,0.0956140026173846,0.024012263186936087,0.09561400261738462,0.14527585028710932,0.0818098814502261
58,0.11332026647196879,0.017499324472036424,0.0483478950823679,0.09794177745746455,0.007308265698874041,0.1091408420360198,0.03755192132132535,0.057587642479795434,0.054355304938750126,0.023743411402643813,0.054355304938750126,0.06889884223919766,0.0483478950823679
59,0.1794957783685462,0.03634256049330462,0.13410831134783502,0.21310137166647253,0.019563494506648654,0.1820947508708618,0.1223859556580924,0.1333107606251453,0.1099201494111569,0.059388256202654435,0.10992014941115688,0.1521562893905758,0.13410831134783502
60,0.20344547871768542,0.03592118949588813,0.1302486158973753,0.20826185043515646,0.022131994449575955,0.2604619535652485,0.15276932071084495,0.152676516831073,0.13166840687094428,0.07284798157156652,0.1316684068709443,0.25241964018998364,0.1302486158973753
61,0.2335998423282254,0.039678276141844486,0.0768626719158955,0.13886745575856535,0.01571963968466947,0.26419401846303886,0.09111026291479496,0.08695465656459474,0.10099880436218978,0.07842951564672654,0.10099880436218979,0.135538004941504,0.0768626719158955
62,0.3062996561834164,0.0787177689430955,0.16433146725191797,0.2742773848658363,0.03279169198196544,0.4494247536891915,0.20141559466575829,0.14555540861134628,0.12998882067225256,0.13434331411950515,0.1299888206722526,0.21388964379371592,0.16433146725191797
63,0.5778753317365879,0.1790580475573192,0.3362574251906614,0.42731771995776874,0.10312960472775691,0.6928009328664839,0.39890129941363217,0.26929857847565325,0.2257530377646859,0.26437277635062484,0.22575303776468586,0.29170983115820587,0.3362574251906614
64,0.7541112980712336,0.25171004607869524,0.4586510623601962,0.4358630533403818,0.12273847947578063,0.8103148149817196,0.5658157510972919,0.30920241066906573,0.34927550077818986,0.36790424546467726,0.34927550077818975,0.40378369988710383,0.4586510623601962
65,0.8224645560642474,0.3354261701266808,0.5281915730163232,0.5640749178799581,0.14349432821161093,0.8471050508805119,0.6539928802778459,0.4635941516960698,0.4530999657021906,0.4410234829190751,0.4530999657021905,0.56585531618726,0.5281915730163232
66,0.6915035967525529,0.1743339087802169,0.325678299064267,0.34432183053422105,0.07653696631310333,0.7143557417164335,0.4786351716184246,0.279539243490493,0.35771231518112545,0.29229732083639787,0.35771231518112545,0.485020177155142,0.325678299064267
67,0.8896627909639832,0.5065678829348946,0.629294229898249,0.6033511013013338,0.1867732900720959,0.8921892288693858,0.7928993443816307,0.4532295963422021,0.4756571291766522,0.7314349963684612,0.47565712917665226,0.7270780029714802,0.629294229898249
68,0.8705274502070957,0.6178485897550002,0.7572184999799697,0.7678562387430166,0.27631914086431925,0.871841780391384,0.8503846457554125,0.6960677124118274,0.759458810863003,0.7608809396390532,0.7594588108630032,0.8513571447932573,0.7572184999799697
69,0.8357068341118886,0.4785001080852501,0.6864652554445683,0.6739208496962132,0.2310803355566609,0.8381275781829396,0.827732874362368,0.6284488436303364,0.6741290319541557,0.6658247950349815,0.6741290319541559,0.7763281700248768,0.6864652554445683
70,0.7912065635515785,0.4067685313608692,0.6226666885718534,0.6031850598217113,0.18545983806960137,0.7912274284496134,0.7850063775386055,0.5982141814662577,0.6245788162957596,0.6098401340042938,0.6245788162957595,0.723243784584204,0.6226666885718534
71,0.7391742396685499,0.6392866034091619,0.7058385253261076,0.687669938231548,0.32893537288802416,0.7392491653184526,0.739142884285356,0.68426635181952,0.7135257248209446,0.7242519734017061,0.7135257248209446,0.7314959143278867,0.7058385253261076
72,0.6749896601883165,0.6386329447371215,0.656165853563221,0.6652850619021585,0.3959691000782588,0.6749589596033503,0.6749821961800804,0.6636627456846156,0.6718832121224687,0.6732696289840883,0.6718832121224686,0.6717585687566587,0.656165853563221
73,0.6039089226328523,0.5496538237099976,0.5841185340522996,0.5934580428307897,0.360681442540845,0.603792235851604,0.6039027948576162,0.5780665729333617,0.5949592862839702,0.6029784484720526,0.5949592862839702,0.6028139029075947,0.5841185340522996
74,0.528090364827482,0.5261387215344472,0.5270116572289046,0.5274427951524353,0.43847833480242565,0.5265770765220288,0.5281416799501187,0.5230525475700453,0.5262920775778889,0.5281362787344777,0.5262920775778889,0.5281038386286477,0.5270116572289046
75,0.4499998497203572,0.43287800017227135,0.43527156443923637,0.442462907771961,0.27974926159299396,0.4499941589738566,0.449926409002567,0.43220560635635713,0.431683427778177,0.44948413928784203,0.4316834277781769,0.44976806565051364,0.43527156443923637
76,0.3718036711115365,0.36231507289141385,0.35453634317675686,0.3588193155115992,0.2581477210163523,0.37168464226681586,0.3715379013905039,0.34651487324319435,0.3287704618832979,0.37169798639615004,0.32877046188329784,0.3706711183400592,0.35453634317675686
77,0.2960887901184909,0.23902226085157036,0.24154329543128047,0.2394402878318789,0.12962039326417507,0.2960908569421363,0.29134896071631355,0.21085962749156875,0.17473813378009515,0.29065456162739567,0.17473813378009512,0.27114077488363497,0.24154329543128047
78,0.22499903833000084,0.17862380325597457,0.2091516619407159,0.18957792280153016,0.12034651313100778,0.22499996052973784,0.22359980936497675,0.1623696231847134,0.15396784525457743,0.22187758819934184,0.15396784525457743,0.2089963392792999,0.2091516619407159
79,0.16073593238000353,0.11210247808227364,0.1410953833882389,0.12395833359917777,0.07269273796128385,0.16074142484994683,0.15967925170193073,0.10656006728661893,0.12610870235143162,0.15444916243148749,0.12610870235143162,0.1484093704581282,0.1410953833882389
80,0.1051476089595749,0.05591544727856205,0.06970473445805452,0.05286685525360491,0.03454792657871312,0.10521531441886706,0.09526417434280136,0.04296505590683586,0.047961252690670406,0.08504900479635272,0.047961252690670406,0.07006793278389284,0.06970473445805452
81,0.06004200469057708,0.028087642748660536,0.03659393296540292,0.03002880812611142,0.01440563864389848,0.0600747449668617,0.05521586804414121,0.02863489948246082,0.032051487313018615,0.039841862032136514,0.032051487313018615,0.0389223293884678,0.03659393296540292
82,0.02518733112825975,0.0052582997711123295,0.0075544373998223426,0.006776517688620076,0.002114038599651532,0.025069826568873854,0.016253325864015723,0.00796058393969733,0.009429819268768248,0.008659698231548513,0.009429819268768248,0.01061642767637791,0.0075544373998223426
83,0.006556016833078264,0.0015150929345926027,0.002201147308377362,0.0018113272415915692,0.0005745861789971233,0.006399475682192539,0.0038751422990936616,0.002521629667782271,0.003320050351952405,0.0021929454559864885,0.003320050351952405,0.002476947031496634,0.002201147308377362
84,0.0,0.0,0.0,0.0,0.0,0.0,0.0,0.0,0.0,0.0,0.0,0.0,0.0
85,0.0064652385497994775,0.0011954728683181946,0.0016957899195976628,0.0013739535107148175,0.0004809131350306004,0.005933344053506995,0.003615879312836586,0.0018117588740015566,0.003562520598807606,0.002009275015508771,0.0035625205988076055,0.00240610327814413,0.0016957899195976628
86,0.02532482217696051,0.0046969402943599844,0.007004745773419339,0.006304334319939145,0.0025205099931513877,0.022767159549537282,0.015495441519953376,0.0075066238911221245,0.011220464118032446,0.009046770480389314,0.011220464118032448,0.012642766916110442,0.007004745773419339
87,0.05622432868390878,0.01155860527169127,0.017032183442155586,0.012309396822681434,0.008702905834482143,0.04565393940054248,0.03402844339685001,0.017349535458123837,0.023301195227906753,0.01776443721931555,0.023301195227906746,0.019712565272634507,0.017032183442155586
88,0.10023021187347596,0.01995333424119927,0.029052083542987033,0.018246087833271248,0.014372858278585216,0.0769084358209485,0.060292760402176716,0.024052229285892825,0.041579315355389244,0.0384844122098736,0.04157931535538925,0.03349162640516409,0.029052083542987033
89,0.15725617459693936,0.0579429603480949,0.07149360305536948,0.04082478618830034,0.04907614251172591,0.1467213853991578,0.12748336221015438,0.05517724509593239,0.08037740396947363,0.10866301231648208,0.08037740396947364,0.07670122466572668,0.07149360305536948
90,0.22482304927314625,0.14446914457893073,0.1739939997592045,0.10452668569281666,0.1373304334794878,0.22472673759585787,0.2132889628774449,0.14057718420713028,0.18781178620068048,0.2180544271644991,0.18781178620068048,0.16068276481500798,0.1739939997592045
91,0.29586615854496645,0.2277000959803183,0.24196974582152142,0.12803884233597468,0.18335938387825748,0.2957518642669289,0.28039574391626776,0.1803325522448616,0.2644905708082023,0.2920425845113663,0.2644905708082023,0.22369504985146257,0.24196974582152142
92,0.37185580590776446,0.336328441306688,0.3056229612802464,0.19859619576778256,0.2771761036822167,0.37185713778761276,0.3604263078294848,0.2605413759812224,0.34052870059050255,0.3709610721663456,0.3405287005905026,0.33858897418461964,0.3056229612802464
93,0.4499349900118059,0.43525555427047663,0.38859460504319293,0.2648347690701159,0.33859074647172177,0.45000000000000007,0.43854535421025564,0.35239295922749797,0.4363576776246949,0.4499087784306712,0.4363576776246949,0.42599913819163326,0.38859460504319293
94,0.5280532253170924,0.5145861613579479,0.4608059627096246,0.34389924208945516,0.37974392400230095,0.5281416799501186,0.512015549971157,0.4422086179014263,0.5259035638933008,0.5280688818462872,0.5259035638933007,0.5103899494519779,0.4608059627096246
95,0.6039079297032633,0.5025086431731562,0.493567338447316,0.40626376092081334,0.43982888907599543,0.6039062681401542,0.5888409183313362,0.5110545608169274,0.5869854436149926,0.6024974031728867,0.5869854436149925,0.5857854819307944,0.493567338447316
96,0.6749995000050839,0.5632845746638144,0.6136214526823022,0.5331236988768018,0.5580272795240194,0.674993648797249,0.6707854575459564,0.6420072684922815,0.6710389585664777,0.6745041464200695,0.6710389585664778,0.6664929124403464,0.6136214526823022
97,0.7222824847200191,0.1895638053971383,0.28343258797965265,0.26370315273737344,0.18879563621492335,0.718056657267685,0.47644660619142615,0.3891374353226503,0.5872970860349961,0.5992018230281664,0.5872970860349962,0.45373952960947705,0.28343258797965265
98,0.514757267753894,0.07431178243325345,0.10484090429212732,0.09443801200500666,0.0691725649144027,0.46628653626417266,0.18254328310253218,0.1659185912206898,0.3444770147913096,0.29344375464369177,0.34447701479130954,0.20732173377532054,0.10484090429212732
99,0.17622910438288347,0.039289991957797595,0.04560793563306742,0.06101835110099814,0.0279649215464644,0.22697079014177324,0.09452642508844526,0.11630758043610226,0.27414787512389405,0.16613245591840317,0.27414787512389405,0.16582878518256525,0.04560793563306742
100,0.45595044841443916,0.07552557535305929,0.07156326583425511,0.12241742146446452,0.0603417489582355,0.6156316512252157,0.20939051036904596,0.16728810353884327,0.3320144577135136,0.3754627450355782,0.3320144577135136,0.2994299626134702,0.07156326583425511
101,0.7128711529563896,0.1468060901202884,0.15545517094853858,0.24831764989517605,0.14588596511232726,0.8092392970515485,0.44030661802846255,0.3257412808212597,0.5757095835496389,0.5176583985144125,0.5757095835496389,0.5062550493138063,0.15545517094853858
102,0.6171954121837632,0.11373564523554722,0.13971202333074076,0.25014438367559394,0.16183468728799025,0.6926609092515345,0.3623159307345022,0.2923589082952003,0.605816643381166,0.41507605549955917,0.6058166433811661,0.4787996262818289,0.13971202333074076
103,0.5638398484250831,0.1627835317235752,0.12854630819049945,0.1687240873786734,0.15668937541751496,0.6476522717115668,0.3015216168199421,0.183178551907702,0.43844328016656403,0.4247533804489118,0.43844328016656403,0.40086638871992036,0.12854630819049945
104,0.44100285370757025,0.09904180246133622,0.10991988051604272,0.1496146420609131,0.11083247041821423,0.5353179798183753,0.3019125576781898,0.14831893802636503,0.4278784006235308,0.29495220818923007,0.4278784006235308,0.385799999809862,0.10991988051604272
105,0.3296879573834463,0.051347873742886053,0.040827978875754616,0.07102138562014673,0.045633936041233704,0.4096438425483466,0.1641502126966483,0.06653712715441606,0.23450377135637845,0.17587806857083346,0.23450377135637845,0.24652366306132883,0.040827978875754616
106,0.35877515846904007,0.09691445675576991,0.07298312758205715,0.10663600649215454,0.0758063304688926,0.5330693489437035,0.29734476443367897,0.11621071694616938,0.457166497856349,0.2296454220104996,0.457166497856349,0.40907960757187045,0.07298312758205715
107,0.3968963045273779,0.13664011515402058,0.09248837297217724,0.10536179610632351,0.09841940244932466,0.5829059181217846,0.3431078800413526,0.1222924020570422,0.4389615800129967,0.23579325866582418,0.4389615800129966,0.3803407117761941,0.09248837297217724
108,0.258480716050624,0.11072341133374689,0.0717985466721948,0.12731293889830878,0.07545937394474603,0.4121299277271029,0.29594019340474687,0.14694353225677076,0.4374785483602886,0.15719564004349706,0.4374785483602885,0.32763570109689755,0.0717985466721948
109,0.5771739981951869,0.29925903858108405,0.19690391600792123,0.25856764199107624,0.21477054083344993,0.7790777589919727,0.6164608693011401,0.2963549059040664,0.634637010700667,0.42828737998580113,0.6346370107006671,0.5546456639516785,0.19690391600792123
110,0.8440499431916219,0.5228071604996555,0.2886549085111578,0.3720746391953513,0.3957253970441643,0.8712027744075782,0.7803822317048691,0.4127141374343518,0.8179432131303218,0.704643702071821,0.8179432131303216,0.6804406516027107,0.2886549085111578
111,0.8376801657069135,0.5189776893075663,0.2743131297985563,0.403683692036683,0.4460005191427558,0.8789420810634896,0.7739163149265168,0.46052722970825605,0.789171834198579,0.7036708621740687,0.789171834198579,0.6407303685980625,0.2743131297985563
112,0.8870762203931707,0.624055942397324,0.4036414867950834,0.5617736326057621,0.6121998881487789,0.8964623180146002,0.835212074867421,0.573174175768345,0.7978348001581307,0.7471286012499078,0.7978348001581306,0.7479776975820185,0.4036414867950834
113,0.8995579832020477,0.8095808498462986,0.6284705735939506,0.7667350697278339,0.8251391518835236,0.8999748815039811,0.8914086927601984,0.7053909933901361,0.8294592723720812,0.8775257239403823,0.8294592723720811,0.8736698735426289,0.6284705735939506
114,0.8934745558682755,0.7589065988525324,0.7256994319558202,0.7449586231275998,0.8559504052907688,0.8994191644907952,0.8854687182125166,0.7050375203454169,0.8373365997946339,0.8377970722992341,0.837336599794634,0.8806858290580655,0.7256994319558202
115,0.8866507934624233,0.6497014864174031,0.7346697700708607,0.6799503373665043,0.8603773850451573,0.8963669266060474,0.8865120724378308,0.6651068969125711,0.8180267015787859,0.8235281652050966,0.8180267015787861,0.867129394150036,0.7346697700708607
116,0.8907303824218087,0.7955887698285509,0.8778809381820666,0.8108865994026023,0.8904960046149926,0.8990280341637535,0.8976508626804681,0.7778421945828499,0.8724398881628732,0.8857098663556788,0.8724398881628732,0.8944754194213245,0.8778809381820666
117,0.8978996344862117,0.6854970791500448,0.8377679998035821,0.7545884947420297,0.8662094332691324,0.8997624459459183,0.8929516949906532,0.7148202796653409,0.7759929585804175,0.8748996843464626,0.7759929585804176,0.8887063731068214,0.8377679998035821
118,0.899267155774798,0.7008292095383761,0.8120927005915426,0.6139931139145953,0.8368422739824307,0.8999416781930756,0.8896299211396037,0.6104700980567077,0.7438602337943577,0.8784298790292835,0.7438602337943578,0.8545310931210441,0.8120927005915426
119,0.8939176851833242,0.5658462690452094,0.8116262099975459,0.4970517165473518,0.8439704019595743,0.8982256330727851,0.8878806426979536,0.5377706848202031,0.8050049492088699,0.7682631228002568,0.8050049492088699,0.8419389325038775,0.8116262099975459
120,0.8731503825632024,0.558733342400923,0.6779760369766576,0.3166596022971867,0.8182217403451106,0.8920109038872153,0.8813373619386508,0.357090606283873,0.6869585013100796,0.6760744097395073,0.6869585013100796,0.6794904973681034,0.6779760369766576
121,0.8123041932152401,0.38619416856660155,0.4943746329430282,0.1905723452516348,0.6589077112854782,0.8143587089111765,0.8443413617009924,0.21205898557276814,0.4039908276942682,0.4335483166038877,0.40399082769426814,0.5232019376430967,0.4943746329430282
122,0.8114133557491254,0.3788288761987329,0.49199276561477295,0.15165051593386597,0.6357730172729715,0.8377215754055571,0.8355491463979559,0.1731955593807029,0.3272854370859359,0.447534750737503,0.3272854370859358,0.45180913234624437,0.49199276561477295
123,0.8071120165282273,0.3056232197019055,0.4410420858319996,0.16318663999804475,0.4888407908498555,0.7883807385750214,0.8056319767835126,0.14171888777815095,0.27993313679572607,0.3852531932332316,0.27993313679572607,0.39179627654805216,0.4410420858319996
124,0.6113476948791493,0.11359541648756351,0.24160994510151704,0.09212986735012657,0.20293109692635855,0.5697377904985682,0.48640237409260145,0.07759691702471783,0.15299589272043768,0.17180690567060491,0.15299589272043768,0.21888385059653465,0.24160994510151704
125,0.6802306380484864,0.13773311899523408,0.3322718659319158,0.11457833132944051,0.27251691012355794,0.6076058765567507,0.6443639340631445,0.10131796869457427,0.21859914460675495,0.19689449787296048,0.21859914460675495,0.30654601078732235,0.3322718659319158
126,0.607994466486935,0.15124451943340328,0.29283206497438735,0.11751264195726638,0.277982571392865,0.5324354837934907,0.6188111270087184,0.11722953828572723,0.24639850642697836,0.14798956046917125,0.24639850642697836,0.39654671630774174,0.29283206497438735
127,0.39341707147321014,0.08666226901640309,0.16060999837741094,0.06106457430672526,0.15502130750585402,0.289795151598627,0.3519336608583839,0.06977050865575828,0.16969038793691357,0.087711217902481,0.16969038793691357,0.21214544115521866,0.16060999837741094
128,0.33467764445259696,0.08076608710879835,0.1209541291229124,0.056912499841267665,0.1429991538041374,0.24974824473713833,0.2947400347864117,0.062377558873819086,0.18838583831324307,0.07259892061345402,0.18838583831324307,0.20551287928519427,0.1209541291229124
129,0.38811552566154406,0.11039583523867315,0.15684197632842078,0.07820554677118523,0.14095953316668697,0.28032111688767963,0.29813147205776314,0.06985933067063817,0.19050818459311838,0.08147916810725356,0.19050818459311836,0.23709236944814033,0.15684197632842078
130,0.189748773669143,0.06147878308688218,0.1010286568761137,0.05001855851931346,0.07085923456470238,0.176687292372668,0.1812742513307801,0.04664578800709759,0.1571681636667297,0.05556181166941892,0.15716816366672973,0.14768369912263057,0.1010286568761137
131,0.3535942634491475,0.15186236122206404,0.18778603390856952,0.08660965067798945,0.1373357693302538,0.355382503839814,0.32081671569468506,0.10648958030752916,0.23187878326794573,0.1280317481275946,0.23187878326794573,0.2664039003893005,0.18778603390856952
132,0.5363976183326071,0.25206538034088677,0.4444599407125481,0.30185877554426355,0.39230011009807436,0.4519361357068577,0.5740973350182026,0.3079992401219567,0.49855206207376734,0.19748034524029254,0.4985520620737674,0.6560729541752528,0.4444599407125481
133,0.4453156340712452,0.15015863273276758,0.32160308935744647,0.2386343771790985,0.22348589227160157,0.31086415261559036,0.3874913106916321,0.24000563703421338,0.3267735176587626,0.15854443720011835,0.32677351765876256,0.5695680071361124,0.32160308935744647
134,0.2802252711130975,0.056527150654406694,0.24639765971830146,0.26664541558928123,0.13557434548311756,0.15392647042650814,0.3438873661322791,0.21321792017700464,0.34558280304418865,0.05209289700302047,0.34558280304418876,0.5029283202461735,0.24639765971830146
135,0.3058301505299799,0.07368165186927755,0.24718153507773885,0.2991249403475523,0.1693884757128109,0.16583730575962694,0.3032007434257942,0.2289091538903482,0.32921040844920496,0.06333105295234681,0.32921040844920496,0.5285122431556923,0.24718153507773885
136,0.2851458599718669,0.09221390755234095,0.3380159728787249,0.3620266553490845,0.2073221497687911,0.18285026559765793,0.3800810198675421,0.30197558007515457,0.47001468659911977,0.0656271048450984,0.4700146865991198,0.5720980017415652,0.3380159728787249
137,0.3948714886763277,0.16804089344676257,0.5043696704984979,0.6511669483429099,0.29839512704051535,0.29030684304239085,0.47672567837695007,0.5940083000373049,0.7737397959823902,0.09653338792064256,0.7737397959823902,0.7536582483309435,0.5043696704984979
138,0.22914184420676262,0.10668705943770757,0.26876937216625696,0.3345054480511257,0.17895528704969982,0.16073311235866647,0.2858518943769949,0.3162110853378177,0.43646830909153905,0.05080775335728087,0.43646830909153905,0.38851001527659457,0.26876937216625696
139,0.2799190446048299,0.14806874308899623,0.35604720906012466,0.4133021238797474,0.26639774644360087,0.2173101921969084,0.4011923980949537,0.4119928206375631,0.5234323594799931,0.06635173780471461,0.523432359479993,0.541940621427635,0.35604720906012466
140,0.20394701564163709,0.1512455532120268,0.4042725882024044,0.5056165229931634,0.2846647911074674,0.22200726967890455,0.4353620848671798,0.47797546861208684,0.6389341917339125,0.07497521147987332,0.6389341917339126,0.6629085806786221,0.4042725882024044
141,0.1516608740559243,0.11779985738115467,0.42121436388744726,0.481078181550846,0.24747959798668182,0.18327664766382115,0.338559856754623,0.43425766464815163,0.4685033674806044,0.041549367816764896,0.4685033674806043,0.5704750927947708,0.42121436388744726
142,0.2566813524380942,0.19634545996599906,0.5178316553993078,0.6344828008336578,0.33037374853646717,0.2800263352446636,0.3802588156429167,0.5666576910088812,0.6329512904270742,0.08066215525657251,0.632951290427074,0.5922085259731452,0.5178316553993078
143,0.515697346717553,0.319313964147746,0.729273974535678,0.7502510114132934,0.49984083104056437,0.47681136782766287,0.5168649888476924,0.6536338429788238,0.6436488086808841,0.16857703526291232,0.6436488086808841,0.644056744476432,0.729273974535678
144,0.5213725539082833,0.4335444148206081,0.8229392221247326,0.7964866199645539,0.5874987804994417,0.5886093783024808,0.6325271115503532,0.7057546022411822,0.6361441646863932,0.21379229693219282,0.6361441646863933,0.672736056669431,0.8229392221247326
145,0.5706945079968584,0.458204652781274,0.8151286123858501,0.7754029252249677,0.6733058785239171,0.6674151962908574,0.6522030680400829,0.6990689581344742,0.6342556125392217,0.28203547733253587,0.6342556125392217,0.634465922132114,0.8151286123858501
146,0.5182463125259061,0.5530089541890164,0.784299927991515,0.6472123582236623,0.643456203500101,0.6496798313657297,0.5369174257122521,0.6511037772136167,0.6489208143075677,0.2332482460133428,0.6489208143075675,0.6179554650630836,0.784299927991515
147,0.5343564687157245,0.6512670638061886,0.7770220107183206,0.6790678965113245,0.6261734855511123,0.6910154894913645,0.5801334294930719,0.6678858099240348,0.6829257755082971,0.30582146767101226,0.6829257755082971,0.6503238438196628,0.7770220107183206
148,0.40545320187443995,0.4970805199888565,0.6128887789044366,0.5564954012847771,0.5820182386310201,0.6360200364657337,0.5152092881275449,0.5295045863689469,0.6170199632658964,0.29974177681862424,0.6170199632658964,0.5130167143189468,0.6128887789044366
149,0.7891157933585491,0.8492935778026328,0.8362947856704019,0.8501500018830969,0.8424697073524233,0.8942546247013003,0.8273551420224142,0.8126536172312608,0.8692513141755538,0.7362576197393701,0.8692513141755537,0.8319407973400436,0.8362947856704019
150,0.8226969048012753,0.8457465215272058,0.8701039883860385,0.86799161255431,0.8640769826192615,0.8887714931051371,0.8743430915861878,0.8570779818791099,0.8899258173279148,0.6350649268108168,0.8899258173279145,0.8780741575816926,0.8701039883860385
151,0.8796516183881335,0.8955807662409492,0.897391725890663,0.8984197672808281,0.8949083113308334,0.8977863128482062,0.8985595842712819,0.8967728669161414,0.8998338645489857,0.7370903648642604,0.8998338645489857,0.8981462524547199,0.897391725890663
152,0.8417443680122811,0.8801689986528582,0.881198780026037,0.8831722273606333,0.8626942659119096,0.8806933250643263,0.8900952886946538,0.8647522784061792,0.8959346661309235,0.6044198256405733,0.8959346661309235,0.8838654447581973,0.881198780026037
153,0.7161239485570311,0.8729246088699435,0.7438180727498581,0.8065224795682813,0.6563269917608618,0.7918584395201822,0.7893034007673153,0.7765117447531098,0.8726440403462254,0.464201143090484,0.8726440403462253,0.7706674735193038,0.7438180727498581
154,0.8522460076582858,0.8896277571473125,0.851443828211079,0.8452889382316353,0.8088457574776513,0.8647768968846637,0.8714781101579286,0.786292284132081,0.8654099310819964,0.6522071154400679,0.8654099310819965,0.7477067740468984,0.851443828211079
155,0.8926823030545264,0.8999546724343361,0.8991070140752941,0.8960256656768815,0.8882666614482884,0.8977121354533382,0.8968807537001083,0.8877664340033417,0.8988405585944198,0.8543137096304497,0.8988405585944197,0.8832797766846413,0.8991070140752941
156,0.8980060421609956,0.8999454882362437,0.8992301580415958,0.8889102699965346,0.8942721334711244,0.899440382478639,0.8980005174774102,0.8860602207363286,0.8965242451818682,0.8539524642725493,0.8965242451818681,0.8593540327359459,0.8992301580415958
157,0.8995096899982504,0.9000000000000002,0.8997499293244525,0.8952191829053406,0.8944638705217767,0.8999222815647319,0.8984089002530695,0.8951591036772831,0.8875658924152446,0.8744500040352272,0.8875658924152448,0.8837951035952946,0.8997499293244525
158,0.8986809465802454,0.8999832823990679,0.8984099581815638,0.8733811606207076,0.8844807267878227,0.8989845458203005,0.8929562023571561,0.8885791143347922,0.8761460708016642,0.8506027501369171,0.8761460708016643,0.8844225793844056,0.8984099581815638
159,0.8983137108707342,0.8998776730756772,0.8980119993394438,0.8763872891500799,0.8329825681243538,0.8981494304450719,0.8930256443686163,0.8889137910690037,0.8600404311754161,0.8271768207949832,0.8600404311754161,0.8873826065446553,0.8980119993394438
160,0.8985447846687604,0.899499426671196,0.8995786766013302,0.8958312964923062,0.8673332308253884,0.8964974442637738,0.8985010626490828,0.8988031267055263,0.894075621308205,0.7775898341622298,0.8940756213082048,0.8977644251925659,0.8995786766013302
161,0.8963687876704325,0.8988847595257761,0.899032823595611,0.8794267406949344,0.8550715051547128,0.8880647025348845,0.8975517836090655,0.8912836189705045,0.8860188827468997,0.7401851587332172,0.8860188827468998,0.8938531373032068,0.899032823595611
162,0.8994679697487464,0.8995476448557755,0.8923551764783189,0.839279401550466,0.8473909938665486,0.8969876460439012,0.8895159891461418,0.8521645547721133,0.8374562329678068,0.8052752918240783,0.8374562329678068,0.8797859364965803,0.8923551764783189
163,0.9000000000000001,0.9000000000000002,0.899953892802365,0.8969097807385533,0.8987085316933282,0.8999712594842103,0.8999316741359595,0.8985432345722186,0.898108594777014,0.8872675161041402,0.898108594777014,0.8984830081588726,0.899953892802365
164,0.8999992933410114,0.9000000000000002,0.899922684717307,0.8995526871158179,0.8974359375981442,0.8999000993728701,0.8998833103325098,0.8996672845336035,0.8978049344957524,0.8859469730178379,0.8978049344957524,0.899501406826784,0.899922684717307
165,0.8999873240629928,0.9000000000000002,0.8985141588498615,0.8968759247678805,0.8869816016329863,0.8996549946773076,0.8990298467577011,0.8979729244596704,0.8944907132501684,0.8690544863491476,0.8944907132501685,0.895601785641496,0.8985141588498615
166,0.899424102551722,0.9000000000000002,0.8982534477868688,0.8938976572599439,0.8824129497616837,0.8976302193771435,0.8948277787741138,0.8978923911399451,0.8994038846275889,0.8703984027489066,0.8994038846275889,0.8977822566874982,0.8982534477868688
167,0.8998264480415148,0.9000000000000002,0.8998656235644908,0.898939520826905,0.8935143482794131,0.8996169419623143,0.8990767405557809,0.899592831624858,0.8993418794370379,0.8747993669898997,0.8993418794370378,0.8993393367610409,0.8998656235644908
