bus,bus_name,v_nom,parent,parent_name,x_to_parent,runner_up,runner_up_name,x_to_runner_up,attachments,margin
13204,BLAKE,38.0,1321,BLAKE,0.4,,,,1,
13271,BLAKE,38.0,1321,BLAKE,0.4001,,,,1,
52602,TRIEN 20 B,20.0,5261,TRIEN,1.8639999999999999,,,,1,
52604,TRIEN,38.0,5261,TRIEN,0.38,,,,1,
52605,ABBEYFEALEX,38.0,5261,TRIEN,0.8376,,,,1,
52612,TOURNAFULLA,20.0,5261,TRIEN,2.1054999999999997,,,,1,
52615,TOURNAFULLA1,38.0,5261,TRIEN,0.9055,,,,1,
52622,CURRAGHDERRI,20.0,5261,TRIEN,2.58039,,,,1,
52625,CURRAGHDERRI,38.0,5261,TRIEN,1.0964,,,,1,
52654,SMEARLA,38.0,5261,TRIEN,0.417,,,,1,
52664,BALLYBUNION,38.0,5261,TRIEN,0.9193,,,,1,
52671,W_BEALEHI,0.69,5261,TRIEN,4.893999999999999,,,,1,
52672,W_BEALEHI,0.69,5261,TRIEN,4.658,,,,1,
52673,W_TOURNAFU,0.69,5261,TRIEN,2.8495,,,,1,
52674,CURRAGHDERRI,38.0,5261,TRIEN,1.0211999999999999,,,,1,
52677,W_BEALE_HILL,0.69,5261,TRIEN,3.727,,,,1,
52694,ABBEYFEALE,38.0,5261,TRIEN,0.6407,,,,1,
68219,W_CURRAGHD_P,0.69,5261,TRIEN,3.77839,,,,1,
68233,W_GORTNACLOG,38.0,5261,TRIEN,1.0091999999999999,,,,1,
52802,MOUNT EAGLE,20.0,5281,TRALEE,1.272,,,,1,
52804,TRALEE,38.0,5281,TRALEE,0.338,,,,1,
52812,BEENAGEEHA,20.0,5281,TRALEE,2.738,,,,1,
52813,TURSILLA,20.0,5281,TRALEE,0.938,,,,1,
52814,MOUNT EAGLE,20.0,5281,TRALEE,1.538,,,,1,
52815,MOUNT EAGLE,20.0,5281,TRALEE,2.738,,,,1,
52816,TURSILLA,20.0,5281,TRALEE,1.538,,,,1,
52817,LEE STRAND,20.0,5281,TRALEE,1.1380000000000001,,,,1,
52871,W_TURSILLA,0.69,5281,TRALEE,1.2670000000000001,,,,1,
52872,W_TURSILLA,0.69,5281,TRALEE,2.237,,,,1,
52873,W_BEENAGEE,0.69,5281,TRALEE,4.0009999999999994,,,,1,
52875,W_MOUNTEA,0.69,5281,TRALEE,2.4690000000000003,,,,1,
52876,W_MOUNTEA,0.69,5281,TRALEE,5.532,,,,1,
52878,W_BALLINCOLL,0.4,5281,TRALEE,1.739,,,,1,
29671,HUNT_ST,10.5,2962,HUNTSTOWN,0.12529999999999997,,,,1,
29672,HUNT_CT,16.0,2962,HUNTSTOWN,0.07299999999999998,,,,1,
star:2962-29672-29671-1,star point,,2962,HUNTSTOWN,0.009149999999999991,,,,1,
19472,EDENDERRY_PO,11.5,1941,CUSHALING,0.14929,,,,1,
19473,EDENDERRY_PO,11.5,1941,CUSHALING,0.13200000000000003,,,,1,
star:1941-19473-19472-1,star point,,1941,CUSHALING,0.0025500000000000245,,,,1,
21801,DUNLEER,10.0,2181,DRYBRIDGE,2.7114,,,,1,
21802,SLANE,20.0,2181,DRYBRIDGE,2.537,,,,1,
21804,DRYBRIDGE,38.0,2181,DRYBRIDGE,0.355,,,,1,
21811,WHITERIVER,10.0,2181,DRYBRIDGE,2.7115,,,,1,
21812,DUNMORE,20.0,2181,DRYBRIDGE,2.9269,,,,1,
21814,RATHMULLEN,38.0,2181,DRYBRIDGE,0.3992,,,,1,
21821,SLANE,10.0,2181,DRYBRIDGE,1.597,,,,1,
21822,DULEEK,20.0,2181,DRYBRIDGE,1.5136,,,,1,
21824,SLANE,38.0,2181,DRYBRIDGE,1.537,,,,1,
21831,GRANGEGEETH,10.0,2181,DRYBRIDGE,1.779,,,,1,
21834,J21,38.0,2181,DRYBRIDGE,0.41669999999999996,,,,1,
21842,RATHDRINAGH,20.0,2181,DRYBRIDGE,2.2836,,,,1,
21844,DULEEK,38.0,2181,DRYBRIDGE,0.5796,,,,1,
21854,MEATH WASTE,38.0,2181,DRYBRIDGE,0.4362,,,,1,
21864,DUNLEER,38.0,2181,DRYBRIDGE,0.7114,,,,1,
21871,W_DUNMORE,0.69,2181,DRYBRIDGE,5.7209,,,,1,
21872,W_DUNMORE,0.4,2181,DRYBRIDGE,4.9269,,,,1,
21873,WHITERIVER,0.69,2181,DRYBRIDGE,5.711500000000001,,,,1,
21874,W_BURTONSTOW,0.69,2181,DRYBRIDGE,2.20704,,,,1,
68230,MEATH_WASTE,10.0,2181,DRYBRIDGE,0.94096,,,,1,
68241,W_DUNMORE_PH,0.4,2181,DRYBRIDGE,5.306900000000001,,,,1,
68313,KNOCKHARLEY_,20.0,2181,DRYBRIDGE,2.0999,,,,1,
68314,KNOCKHARLEY_,20.0,2181,DRYBRIDGE,2.1,,,,1,
13402,BINBANE,20.0,1341,BINBANE,2.17609,,,,1,
13404,HY_BINBANE,38.0,1341,BINBANE,0.36,,,,1,
13412,BURTONPORT,20.0,1341,BINBANE,2.76,,,,1,
13414,KILLIN HILL,20.0,1341,BINBANE,1.6109999999999998,,,,1,
13415,LOUGHDERRYDU,20.0,1341,BINBANE,1.7393999999999998,,,,1,
13416,MEENACHULLAL,20.0,1341,BINBANE,1.5758999999999999,,,,1,
13417,KILLYBEGS,20.0,1341,BINBANE,3.0921,,,,1,
13422,BINBANE,20.0,1341,BINBANE,1.02593,,,,1,
13424,KILLYBEGS,38.0,1341,BINBANE,0.6920999999999999,,,,1,
13432,BINBANE,20.0,1341,BINBANE,1.3170000000000002,,,,1,
13434,HY_GLENTIES,38.0,1341,BINBANE,0.5394,,,,1,
13442,MEENADREEN,20.0,1341,BINBANE,2.7601,,,,1,
13444,CORK-KILLINT,38.0,1341,BINBANE,0.411,,,,1,
13454,CORKERMORE,38.0,1341,BINBANE,0.517,,,,1,
13464,LOUGHDERRYDU,38.0,1341,BINBANE,0.6648000000000001,,,,1,
13471,W_BURTONPORT,0.69,1341,BINBANE,10.26,,,,1,
13472,W_SHANAGH_KI,0.4,1341,BINBANE,4.17609,,,,1,
13473,W_CORKERMO,0.69,1341,BINBANE,2.126,,,,1,
13474,W_KILLIN_HIL,0.4,1341,BINBANE,2.404,,,,1,
13475,W_LOUGHDER,0.69,1341,BINBANE,2.3604,,,,1,
13476,W_MEENACHU,0.4,1341,BINBANE,2.0519,,,,1,
13477,W_KILLYBEG,0.4,1341,BINBANE,5.0921,,,,1,
13479,W_MEENADREEN,0.69,1341,BINBANE,4.157100000000001,,,,1,
13484,MEENACHULLAN,38.0,1341,BINBANE,0.7759,,,,1,
13494,BINBANE,38.0,1341,BINBANE,0.3601,,,,1,
17012,ANARGET 20 A,20.0,1341,BINBANE,2.7601,,,,1,
17032,ANARGET 20 B,20.0,1341,BINBANE,2.7601,,,,1,
17044,HY_ANARGET,38.0,1341,BINBANE,0.3601,,,,1,
17075,W_ANARGET,0.69,1341,BINBANE,5.2601,,,,1,
17077,W_ANARGET,0.4,1341,BINBANE,7.0461,,,,1,
68223,W_ANARGET_PH,0.4,1341,BINBANE,8.7601,,,,1,
68269,W_CLOGHERA_P,20.0,1341,BINBANE,1.26753,,,,1,
14042,OWENINNEY PH,33.0,14013,SRAHNAKILLY,0.126,,,,1,
67025,W_OWENINEY_P,0.69,14013,SRAHNAKILLY,0.196,,,,1,
27903,GALLANSTOWN,33.0,2791,GALLANSTOWN,0.087,,,,1,
27971,PV_GALLANSTO,0.4,2791,GALLANSTOWN,0.147,,,,1,
26700,GARVAGH,20.0,2671,GARVAGH,0.345,,,,1,
26701,GARVAGH,11.0,2671,GARVAGH,0.3400000000000001,,,,1,
26702,GARVAGH,20.0,2671,GARVAGH,0.3451,,,,1,
26703,GARVAGH,20.0,2671,GARVAGH,0.3453,,,,1,
26705,GARVAGH,20.0,2671,GARVAGH,0.36321,,,,1,
26709,GAR SCOM,20.0,2671,GARVAGH,0.3481,,,,1,
26710,SHUNT GARVAG,20.0,2671,GARVAGH,0.3481,,,,1,
26711,GAR SCOM,0.48,2671,GARVAGH,1.0070199999999998,,,,1,
26712,GARVAGH,20.0,2671,GARVAGH,0.3452,,,,1,
26722,SHUNT GARVAG,20.0,2671,GARVAGH,0.9855900000000001,,,,1,
26771,W_GAR_GLEBE_,0.69,2671,GARVAGH,0.6412100000000001,,,,1,
26773,W_GAR_TULLIN,0.69,2671,GARVAGH,0.6733,,,,1,
star:2671-26700-26701-1,star point,,2671,GARVAGH,0.3325,,,,1,
35802,MEENANILTA S,20.0,3581,LETTERKENNY,1.284,,,,1,
35804,LETTERKENNY,38.0,3581,LETTERKENNY,0.35,,,,1,
35813,LETTERKENNY,20.0,3581,LETTERKENNY,1.15,,,,1,
35814,MILFORD,38.0,3581,LETTERKENNY,1.0421,,,,1,
35815,LETTERKENNY,20.0,3581,LETTERKENNY,2.75,,,,1,
35822,MILFORD,20.0,3581,LETTERKENNY,1.7079300000000002,,,,1,
35832,CULLIAGH,20.0,3581,LETTERKENNY,1.15,,,,1,
35871,W_MEENANIL,0.69,3581,LETTERKENNY,3.1470000000000002,,,,1,
35872,W_MEENANIL,0.69,3581,LETTERKENNY,3.1470000000000002,,,,1,
35873,W_MEENANIL,0.4,3581,LETTERKENNY,2.9370000000000003,,,,1,
35875,W_CARK(1),0.69,3581,LETTERKENNY,1.432,,,,1,
35876,W_CULLIAGH,0.69,3581,LETTERKENNY,1.5710000000000002,,,,1,
35877,W_LURGANBO,0.4,3581,LETTERKENNY,3.75,,,,1,
35878,MEENBANEWF,0.4,3581,LETTERKENNY,7.895,,,,1,
35879,MEENBANEWP,0.4,3581,LETTERKENNY,7.895,,,,1,
35880,W_FINNRENEW,0.4,3581,LETTERKENNY,7.895,,,,1,
64813,W_LISKERAN,0.4,3581,LETTERKENNY,7.895,,,,1,
55001,BALLYSHANNON,10.0,5501,WEXFORD,1.838,,,,1,
55004,PV_WEXFORD,38.0,5501,WEXFORD,0.338,,,,1,
55012,CARNSOR,20.0,5501,WEXFORD,1.1380000000000001,,,,1,
55022,RICHFIEL,20.0,5501,WEXFORD,0.8180000000000001,,,,1,
55024,KILLNICK,38.0,5501,WEXFORD,0.5846,,,,1,
55032,RICHFIEL,20.0,5501,WEXFORD,1.538,,,,1,
55042,KILLNICK,20.0,5501,WEXFORD,1.3846,,,,1,
55052,BLUSHEENS,20.0,5501,WEXFORD,1.4056,,,,1,
55071,W_CARNSORE,0.69,5501,WEXFORD,1.5370000000000001,,,,1,
55072,W_RICHFIEL,0.69,5501,WEXFORD,1.053,,,,1,
55073,W_RICHFIEL,0.69,5501,WEXFORD,2.468,,,,1,
55074,PV_BLUSHEENS,0.4,5501,WEXFORD,2.5355999999999996,,,,1,
55076,PV_DAVIDSTOW,20.0,5501,WEXFORD,1.9380000000000002,,,,1,
68325,BALLYSHANNON,0.69,5501,WEXFORD,4.695,,,,1,
19471,CUSHALING,11.0,1941,CUSHALING,0.096,,,,1,
22201,DUNMANWA,10.0,2221,DUNMANWAY,2.4213,2225,DUNMANWAY,2.4214,2,1.0000413001280304
22204,DUNMANWAY,38.0,2221,DUNMANWAY,0.338,2225,DUNMANWAY,0.3381,2,1.0002958579881656
22208,DUNMANWAY,38.0,2225,DUNMANWAY,0.338,2221,DUNMANWAY,0.3381,2,1.0002958579881656
22212,KILVEENOGE,20.0,2225,DUNMANWAY,0.7292000000000001,2221,DUNMANWAY,0.7293000000000001,2,1.0001371365880416
22215,CURABWEE,20.0,2221,DUNMANWAY,1.4295000000000002,2225,DUNMANWAY,1.4296000000000002,2,1.0000699545295557
22221,RENASCREENA,10.0,2221,DUNMANWAY,3.4223,2225,DUNMANWAY,3.4224,2,1.0000292201151273
22224,ROSCARBERY,38.0,2221,DUNMANWAY,1.4213,2225,DUNMANWAY,1.4214000000000002,2,1.0000703581228454
22231,DUNMANWAY,10.0,2221,DUNMANWAY,1.0038,2225,DUNMANWAY,1.0039,2,1.0000996214385336
22232,SKIBEREEN,20.0,2221,DUNMANWAY,1.8693000000000002,2225,DUNMANWAY,1.8694000000000002,2,1.000053495961055
22234,SKIBBEREEN,38.0,2221,DUNMANWAY,0.9353,2225,DUNMANWAY,0.9354,2,1.0001069175665562
22244,CURABWEET,38.0,2221,DUNMANWAY,0.49550000000000005,2225,DUNMANWAY,0.49560000000000004,2,1.000201816347124
22252,LAHANAGHTHIL,20.0,2221,DUNMANWAY,2.9193000000000002,2225,DUNMANWAY,2.9194000000000004,2,1.0000342547871066
22264,BALINEEN,38.0,2221,DUNMANWAY,0.6244000000000001,2225,DUNMANWAY,0.6245,2,1.0001601537475977
22271,COOMATALLIN,20.0,2225,DUNMANWAY,1.745,2221,DUNMANWAY,1.7451,2,1.0000573065902578
22272,W_KILVEENOGE,0.69,2225,DUNMANWAY,0.917,2221,DUNMANWAY,0.9171,2,1.0001090512540893
22273,W_REENASCREE,0.4,2221,DUNMANWAY,4.7553,2225,DUNMANWAY,4.7554,2,1.0000210291674552
22275,W_LAHANAGH,0.69,2221,DUNMANWAY,4.0373,2225,DUNMANWAY,4.037400000000001,2,1.0000247690288064
22276,W_COOMATAL,0.69,2225,DUNMANWAY,2.6750000000000003,2221,DUNMANWAY,2.6751,2,1.00003738317757
22278,W_CURRABWEE,0.69,2221,DUNMANWAY,2.5005,2225,DUNMANWAY,2.5006000000000004,2,1.0000399920015997
22282,DUNMANWAY,20.0,2225,DUNMANWAY,1.08,2221,DUNMANWAY,1.0801,2,1.0000925925925925
22284,DUNMANWA,38.0,2225,DUNMANWAY,0.4292,2221,DUNMANWAY,0.4293,2,1.0002329916123018
22292,BIO_BALINEEN,20.0,2221,DUNMANWAY,1.6244,2225,DUNMANWAY,1.6245,2,1.0000615611918247
68125,COOMLEAGH,10.0,2221,DUNMANWAY,5.7298,2225,DUNMANWAY,5.7299,2,1.0000174526161472
90230,TREM,33.0,90210,TREM,0.2461,,,,1,
90231,WIND_CRE,33.0,90210,TREM,0.5871000000000001,,,,1,
90232,WIND_CDU,33.0,90210,TREM,0.4821,,,,1,
90233,WIND_GOR,33.0,90210,TREM,0.3731,,,,1,
90234,WIND_INI,33.0,90210,TREM,0.3681,,,,1,
90235,WIND_ESH,33.0,90210,TREM,0.43610000000000004,,,,1,
90237,WIND_CRD,33.0,90210,TREM,0.8771,,,,1,
51902,CROAGHONAGH,33.0,51911,CROAGHONAGH,0.13,,,,1,
51971,W_CROAGHONAG,0.69,51911,CROAGHONAGH,0.219,,,,1,
14014,BELLACORICK,38.0,14010,BELLACORICK,0.338,,,,1,
14054,BELLACORICK,38.0,14010,BELLACORICK,0.49550000000000005,,,,1,
14064,BELLACORICK,38.0,14010,BELLACORICK,0.45880000000000004,,,,1,
14074,BELLACORICK,38.0,14010,BELLACORICK,0.6363000000000001,,,,1,
38001,MIDLETON,10.0,3801,MIDLETON,0.614,,,,1,
18402,CRANE,20.0,1841,CRANE,0.5,,,,1,
53002,GLENGOOLE,20.0,5301,THURLES,1.7592499999999998,,,,1,
53004,THURLES,38.0,5301,THURLES,0.4,,,,1,
53012,GLENGOOLE,20.0,5301,THURLES,2.03925,,,,1,
53014,GLENGOOLE,38.0,5301,THURLES,0.76105,,,,1,
53022,GURTEEN,20.0,5301,THURLES,1.98685,,,,1,
53024,URLINGFORD,38.0,5301,THURLES,0.6245,,,,1,
53032,TULLAROAN,20.0,5301,THURLES,1.2904300000000002,,,,1,
53034,TULLAROAN,38.0,5301,THURLES,0.6246,,,,1,
53042,TULLAROAN,20.0,5301,THURLES,1.2904300000000002,,,,1,
53052,TULLAROAN,20.0,5301,THURLES,1.2904300000000002,,,,1,
53062,HOMESHILL,20.0,5301,THURLES,1.58623,,,,1,
53072,ANCNOC,20.0,5301,THURLES,1.46543,,,,1,
67213,W_AN_CNOC,0.69,5301,THURLES,1.9344299999999999,,,,1,
68131,W_BALLYBEAGH,0.69,5301,THURLES,1.7504300000000002,,,,1,
68154,W_GLENGOOL_P,0.69,5301,THURLES,3.2112499999999997,,,,1,
68157,W_HOLMES_H_P,0.69,5301,THURLES,2.04623,,,,1,
68158,W_GURTEEN_PH,0.69,5301,THURLES,4.33085,,,,1,
71031,BAME3T,33.0,71011,BAME1A,0.2447,71012,BAME1B,0.2463,2,1.006538618716796
71033,CBKY3-,33.0,71011,BAME1A,0.39039999999999997,71012,BAME1B,0.392,2,1.0040983606557379
71034,CMIL3-,33.0,71011,BAME1A,0.916,71012,BAME1B,0.9176,2,1.0017467248908296
71035,KREA3-,33.0,71011,BAME1A,0.8618,71012,BAME1B,0.8634,2,1.0018565792527268
71037,WIND_ELG,33.0,71011,BAME1A,0.3988,71012,BAME1B,0.4004,2,1.004012036108325
71038,WIND_RSHERRY,33.0,71011,BAME1A,0.3988,71012,BAME1B,0.4004,2,1.004012036108325
71080,BAME3_DU,33.0,71011,BAME1A,1.1139,71012,BAME1B,1.1155,2,1.00143639464943
71090,BIO_BAME,33.0,71011,BAME1A,0.2448,71012,BAME1B,0.24639999999999998,2,1.0065359477124183
71091,WIND_COR,33.0,71011,BAME1A,1.1475,71012,BAME1B,1.1491,2,1.0013943355119825
71093,PV_BALLYGARV,33.0,71011,BAME1A,0.2449,71012,BAME1B,0.2465,2,1.0065332788893426
40004,MULLINGAR,38.0,4001,MULLINGAR,0.4,,,,1,
40014,PV_TULLYNALL,38.0,4001,MULLINGAR,0.4403,,,,1,
33361,STATCOM BALL,33.4,3331,BALLYNAHULLA,0.09,,,,1,
43742,BLACKLOUGH,20.0,4371,GLENREE,1.1,,,,1,
43752,BLACKLOUGH,20.0,4371,GLENREE,1.5250000000000001,,,,1,
68312,W_BLACKLOU_P,0.69,4371,GLENREE,1.956,,,,1,
44804,PORTLAOISE,38.0,4481,PORTLAOISE,0.4,,,,1,
44805,BIO_PORTLAO,38.0,4481,PORTLAOISE,0.4001,,,,1,
44811,PORTARLINGTO,10.0,4481,PORTLAOISE,1.2930000000000001,,,,1,
44812,LISDOWNEY,20.0,4481,PORTLAOISE,1.397097,,,,1,
44814,BALLYCONRA,38.0,4481,PORTLAOISE,0.4631,,,,1,
44821,SHANDERRY,10.0,4481,PORTLAOISE,1.403,,,,1,
44834,PORTARLINGTO,38.0,4481,PORTLAOISE,0.893,,,,1,
68285,W_LISDOWNE_P,20.0,4481,PORTLAOISE,1.878397,,,,1,
23002,DUNFIRTH,20.0,2301,DUNFIRTH,0.6,,,,1,
23012,DUNFIRTH,20.0,2301,DUNFIRTH,0.6657,,,,1,
23071,PV_HORTLAND,0.4,2301,DUNFIRTH,4.6507,,,,1,
87530,OMAH3-,33.0,87510,OMAH1-,0.2481,,,,1,
87531,BLGY3-,33.0,87510,OMAH1-,0.9338,,,,1,
87532,DROM3-,33.0,87510,OMAH1-,0.627,,,,1,
87533,FMTC3-,33.0,87510,OMAH1-,1.0663,,,,1,
87534,LARA3-,33.0,87510,OMAH1-,0.48019999999999996,,,,1,
87535,OMAE3-,33.0,87510,OMAH1-,0.2982,,,,1,
87580,OMAH3_DU,33.0,87510,OMAH1-,0.4891,,,,1,
87581,OMAH3_DU,33.0,87510,OMAH1-,0.3213,,,,1,
87582,OMAH3_DU,33.0,87510,OMAH1-,0.8125,,,,1,
87583,OMAH3_DU,33.0,87510,OMAH1-,0.4437,,,,1,
87584,OMAH3_DU,33.0,87510,OMAH1-,0.722,,,,1,
87590,RENEW_OM,33.0,87510,OMAH1-,0.24819999999999998,,,,1,
87591,WIND_TAP,33.0,87510,OMAH1-,0.8491,,,,1,
87592,WIND_HUN,33.0,87510,OMAH1-,0.7581,,,,1,
87593,WIND_BES,33.0,87510,OMAH1-,0.6499999999999999,,,,1,
87594,WIND_LEN,33.0,87510,OMAH1-,0.8681,,,,1,
87595,WIND_DIV,33.0,87510,OMAH1-,1.252,,,,1,
87596,WIND_SCR,33.0,87510,OMAH1-,0.7121999999999999,,,,1,
89201,SKRK2-,20.0,89210,SKRK1-,0.16,,,,1,
89202,WIND_SKR,20.0,89210,SKRK1-,0.2393,,,,1,
89231,GLEN_ALT,33.0,89210,SKRK1-,0.44689999999999996,,,,1,
89232,RENEW_SK,33.0,89210,SKRK1-,0.2619,,,,1,
13702,BARNAGEERAGH,20.0,1371,BARNAGEERAGH,0.04,,,,1,
15302,BALLYADAM,20.0,1531,BALLYADAM,0.4,,,,1,
12802,GLANTA COMMO,20.0,1281,BALLYLICKEY,0.7723,,,,1,
12804,HY_BALLYLICK,38.0,1281,BALLYLICKEY,0.338,,,,1,
12812,BALLYLIC,20.0,1281,BALLYLICKEY,1.538,,,,1,
12814,GLANTA COMMO,38.0,1281,BALLYLICKEY,0.4748,,,,1,
12872,W_BALLYBANE,0.4,1281,BALLYLICKEY,1.3673000000000002,,,,1,
12873,W_BALLYBANE,0.4,1281,BALLYLICKEY,1.0363,,,,1,
12874,W_KEALKIL,0.69,1281,BALLYLICKEY,2.208,,,,1,
22254,MILANEHILL,38.0,1281,BALLYLICKEY,0.6231,,,,1,
22262,MILANEHILL,20.0,1281,BALLYLICKEY,1.6231,,,,1,
22274,W_MILANEH,0.69,1281,BALLYLICKEY,2.4651,,,,1,
68222,W_BALLYBANE,0.4,1281,BALLYLICKEY,1.1693,,,,1,
90330,BS_TAMN_BES,33.0,90310,TAMNAMOR,0.3076,,,,1,
36204,LISHEEN,38.0,3621,LISHEEN,0.338,,,,1,
36214,BRUCKANA,38.0,3621,LISHEEN,0.37745,,,,1,
36222,BRUCKANA,20.0,3621,LISHEEN,0.59945,,,,1,
67084,W_BRUCKANA,0.69,3621,LISHEEN,0.73545,,,,1,
43704,GLENREE,38.0,4371,GLENREE,0.35,,,,1,
43712,GLENREE,20.0,4371,GLENREE,0.7096,,,,1,
43714,GLENREE,38.0,4371,GLENREE,0.3576,,,,1,
43722,GLENREE,20.0,4371,GLENREE,0.6906,,,,1,
43724,GLENREE,38.0,4371,GLENREE,0.46959999999999996,,,,1,
43771,W_BUNNYCONNE,0.69,4371,GLENREE,0.9486,,,,1,
43774,W_CARROWLEAG,0.4,4371,GLENREE,0.8585999999999999,,,,1,
68254,W_CARROWLE_P,0.69,4371,GLENREE,2.1386,,,,1,
46801,PFIZER_ASKEA,10.0,4681,RATHKEALE,2.1305,,,,1,
46802,CARRONS,20.0,4681,RATHKEALE,1.6221,,,,1,
46804,RATHKEALE,38.0,4681,RATHKEALE,0.4,,,,1,
46812,RATHKEALE,20.0,4681,RATHKEALE,1.2099,,,,1,
46814,NEWCASTLEWES,38.0,4681,RATHKEALE,0.7585999999999999,,,,1,
46822,RATHKEALE,20.0,4681,RATHKEALE,1.8355000000000001,,,,1,
46824,RATHCAHILL,38.0,4681,RATHKEALE,1.0354999999999999,,,,1,
46834,GROUSELODGE,38.0,4681,RATHKEALE,0.6219,,,,1,
46844,CARRONS,38.0,4681,RATHKEALE,0.6871,,,,1,
46854,ASKEATON,38.0,4681,RATHKEALE,0.6305000000000001,,,,1,
46870,W_CARRONS_1,0.4,4681,RATHKEALE,2.8120999999999996,,,,1,
46873,W_RATHCAHI,0.69,4681,RATHKEALE,2.2645,,,,1,
46874,W_GROUSEL,0.66,4681,RATHKEALE,1.5529000000000002,,,,1,
68547,BIO_MCDONNEL,38.0,4681,RATHKEALE,0.4001,,,,1,
11302,ATHEA,20.0,1131,ATHEA,0.158,,,,1,
11371,W_ATHEA,0.69,1131,ATHEA,0.44799999999999995,,,,1,
38002,CROCANE,20.0,3801,MIDLETON,1.884,,,,1,
38004,MIDLETON,38.0,3801,MIDLETON,0.4,,,,1,
38071,W_CROCANE,0.4,3801,MIDLETON,5.19,,,,1,
38072,PV_TEAD MORE,20.0,3801,MIDLETON,2.8,,,,1,
38074,PV_LURRIG SO,20.0,3801,MIDLETON,1.884,,,,1,
38201,CARRICKMACRO,10.0,3821,MEATH HILL,1.6953999999999998,,,,1,
38202,CREGG,20.0,3821,MEATH HILL,0.9195000000000001,,,,1,
38203,CREGG,38.0,3821,MEATH HILL,0.5195000000000001,,,,1,
38204,MEATHHILL,38.0,3821,MEATH HILL,0.4,,,,1,
38211,BAILIEBORO,20.0,3821,MEATH HILL,1.8511000000000002,,,,1,
38212,GARTNANE,20.0,3821,MEATH HILL,1.9397000000000002,,,,1,
38213,GARTNANE,20.0,3821,MEATH HILL,1.9397000000000002,,,,1,
38214,CARRICKMACRO,38.0,3821,MEATH HILL,0.6954,,,,1,
38215,MULLANAN,20.0,3821,MEATH HILL,2.3253999999999997,,,,1,
38224,J26,38.0,3821,MEATH HILL,0.49360000000000004,,,,1,
38232,RARAGH,20.0,3821,MEATH HILL,1.5608,,,,1,
38233,RARAGH,38.0,3821,MEATH HILL,0.6268,,,,1,
38234,KINGSCOURT,38.0,3821,MEATH HILL,0.4937,,,,1,
38241,TULLYNAMALRA,10.0,3821,MEATH HILL,2.4669,,,,1,
38242,TEEVURCHER,20.0,3821,MEATH HILL,3.4911,,,,1,
38244,BAILIEBORO,38.0,3821,MEATH HILL,0.8511,,,,1,
38254,GARTNANEANE,38.0,3821,MEATH HILL,1.1397,,,,1,
38264,TULLYNAMALRA,38.0,3821,MEATH HILL,0.9669,,,,1,
38271,W_GARTNANE,0.69,3821,MEATH HILL,2.4707,,,,1,
38272,W_GARTNANE,0.69,3821,MEATH HILL,3.1797,,,,1,
38273,W_MULLANAN,0.69,3821,MEATH HILL,3.0693999999999995,,,,1,
38274,BIO_BAILLE F,0.4,3821,MEATH HILL,1.9111000000000002,,,,1,
38284,MULLINALT,38.0,3821,MEATH HILL,1.1254,,,,1,
68175,W_CREGG,0.69,3821,MEATH HILL,1.1195,,,,1,
68240,W_TULLYNAM_P,0.69,3821,MEATH HILL,11.4219,,,,1,
68265,W_TEEVURCH_P,0.69,3821,MEATH HILL,4.0341000000000005,,,,1,
68294,W_RARAGH_PH2,0.69,3821,MEATH HILL,1.8858000000000001,,,,1,
33002,KNOCKERA,20.0,3301,KNOCKEARAGH,1.8763999999999998,,,,1,
33004,KNOCKEARAGH,38.0,3301,KNOCKEARAGH,0.4,,,,1,
33012,GNEEVES,20.0,3301,KNOCKEARAGH,2.5509,,,,1,
33014,LACKA,38.0,3301,KNOCKEARAGH,0.9036000000000001,,,,1,
33024,RATHMORE,38.0,3301,KNOCKEARAGH,1.1317,,,,1,
33034,GNEEVES PH1,38.0,3301,KNOCKEARAGH,1.3509000000000002,,,,1,
33071,W_WEDCROSS,0.4,3301,KNOCKEARAGH,3.1694,,,,1,
33072,W_GNEEVES,0.69,3301,KNOCKEARAGH,3.0589,,,,1,
68564,BIO_ADAMBRID,38.0,3301,KNOCKEARAGH,0.9046000000000001,,,,1,
52704,CAUTEEN,38.0,5274,CAUTEEN,0.338,,,,1,
52732,GLENOUGH 20,20.0,5274,CAUTEEN,0.7116,,,,1,
52773,W_GLENOUGH,0.66,5274,CAUTEEN,1.2266000000000001,,,,1,
52782,GLENCARBRY,20.0,5274,CAUTEEN,0.93283,,,,1,
52784,GLENCARBRY,38.0,5274,CAUTEEN,0.6215200000000001,,,,1,
52794,GLENLOUG,38.0,5274,CAUTEEN,0.49760000000000004,,,,1,
68181,W_GLENCARB_P,0.69,5274,CAUTEEN,1.07883,,,,1,
49422,SHBG,10.5,star:4942-4941-49422-2,star point,0.007499999999999993,,,,1,
52614,TRIEN,38.0,52610,TRIEN,0.338,,,,1,
52624,TRIEN,38.0,52610,TRIEN,0.48240000000000005,,,,1,
52632,TOURNAFULLA,20.0,52610,TRIEN,0.8428,,,,1,
52634,TOURNAFULLA,38.0,52610,TRIEN,0.5128,,,,1,
52642,KNOCKAWARRIG,20.0,52610,TRIEN,0.8428,,,,1,
52644,KNOCKAWARRIG,38.0,52610,TRIEN,0.5128,,,,1,
52675,W_KNOCKAWA,0.66,52610,TRIEN,1.0718,,,,1,
52676,W_TOURNAFU,0.69,52610,TRIEN,1.1298000000000001,,,,1,
10272,HY_ARDNG2,10.5,1021,ARDNACRUSHA,0.3752,,,,1,
30822,INCH2,10.5,star:3082-3081-30822-2,star point,0.007500000000000003,,,,1,
19002,TULLOW,20.0,1901,CARLOW,1.24615,,,,1,
19004,HY_CARLOW,38.0,1901,CARLOW,0.355,,,,1,
19014,TULLOW,38.0,1901,CARLOW,0.58032,,,,1,
19071,CRONELEA UPP,20.0,1901,CARLOW,1.51432,,,,1,
19072,CRONELEA,20.0,1901,CARLOW,1.6111499999999999,,,,1,
19073,GORTAHILE,20.0,1901,CARLOW,0.955,,,,1,
19081,W_CRONELEA,0.69,1901,CARLOW,3.37732,,,,1,
19082,W_CRONELEA,0.69,1901,CARLOW,4.30832,,,,1,
19083,W_CRONELEA,0.4,1901,CARLOW,2.40415,,,,1,
19084,W_CRONELEA,0.4,1901,CARLOW,2.80115,,,,1,
19085,W_GORTAHIL,0.66,1901,CARLOW,1.212,,,,1,
19086,BILBAO,20.0,1901,CARLOW,1.155,,,,1,
19087,COPPENAGH,20.0,1901,CARLOW,2.04615,,,,1,
32404,KILTEEL,38.0,3241,KILTEEL,0.338,,,,1,
32405,KILTEEL,38.0,3241,KILTEEL,0.3381,,,,1,
17802,CASTLEFARM,20.0,1781,CASTLEFARM,0.27,17810,CASTLEFARM,0.27,2,1.0
18304,SCREEB,38.0,1831,SCREEB,0.4,,,,1,
18312,CLIFDEN,20.0,1831,SCREEB,2.4,,,,1,
18322,ROSSAVEEL,20.0,1831,SCREEB,2.4932,,,,1,
18372,W_ROSSAVEEL,0.69,1831,SCREEB,3.6931999999999996,,,,1,
75530,COOL3,33.0,75510,COOL1-,0.2559,,,,1,
75590,RENEW_CO,33.0,75510,COOL1-,0.256,,,,1,
75591,BIO_MAYD,33.0,75510,COOL1-,0.2561,,,,1,
18601,BOYLE,10.0,1861,CARRICK ON S,2.29105,,,,1,
18602,MOHILL,20.0,1861,CARRICK ON S,2.1121,,,,1,
18604,CARRICK ON S,38.0,1861,CARRICK ON S,0.4,,,,1,
18611,CASTLEREA,10.0,1861,CARRICK ON S,3.6496999999999997,,,,1,
18614,BOYLE,38.0,1861,CARRICK ON S,0.7976000000000001,,,,1,
18624,CASTLEREA,38.0,1861,CARRICK ON S,1.2497,,,,1,
18634,MOHILL,38.0,1861,CARRICK ON S,0.9121,,,,1,
51771,TYNAGH,15.75,5172,TYNAGH,0.0796,,,,1,
51772,TYNAGH,15.0,5172,TYNAGH,0.14020000000000002,,,,1,
star:5172-51771-51772-1,star point,,5172,TYNAGH,0.018100000000000005,,,,1,
21404,DUNGARVAN,38.0,2141,DUNGARVAN,0.4,,,,1,
21412,DUNGARVAN,20.0,2141,DUNGARVAN,1.3906969999999998,,,,1,
21414,DUNGARVAN,38.0,2141,DUNGARVAN,0.4567,,,,1,
21422,DUNGARVAN,20.0,2141,DUNGARVAN,2.265697,,,,1,
21481,DRUMROE EAST,20.0,2141,DUNGARVAN,1.6,,,,1,
21482,POULBAUTIA,20.0,2141,DUNGARVAN,1.6,,,,1,
21483,KILCANNON,20.0,2141,DUNGARVAN,1.6,,,,1,
68190,W_PV_BALLYCU,0.69,2141,DUNGARVAN,3.342697,,,,1,
12514,BOOLT 1 38,38.0,1251,BOOLTIAGH,0.386,,,,1,
12524,GLENMORE 38,38.0,1251,BOOLTIAGH,0.4663,,,,1,
12542,GLENMOREWF 2,20.0,1251,BOOLTIAGH,0.7993,,,,1,
67073,W_SORRELL IS,0.69,1251,BOOLTIAGH,0.9793,,,,1,
70030,AGHY3-,33.0,70010,AGHYOULE,0.2464,79010,ENNISKIL,1.17069,2,4.751176948051948
70031,GORT3-,33.0,70010,AGHYOULE,0.3428,79010,ENNISKIL,1.26709,2,3.696295215869312
70032,DYLN3-,33.0,70010,AGHYOULE,0.3428,79010,ENNISKIL,1.07429,2,3.1338681446907817
70033,DYLN3_CA,33.0,70010,AGHYOULE,0.3429,79010,ENNISKIL,1.07439,2,3.1332458442694664
70080,AGHY3_DU,33.0,70010,AGHYOULE,0.32621,79010,ENNISKIL,1.2505000000000002,2,3.8334201894485154
70090,RENEW_AG,33.0,70010,AGHYOULE,0.2465,79010,ENNISKIL,1.17079,2,4.749655172413793
70091,WIND_SNU,33.0,70010,AGHYOULE,0.40691,79010,ENNISKIL,1.3312,2,3.2714850949841487
70093,WIND_RUS,33.0,70010,AGHYOULE,0.34400000000000003,79010,ENNISKIL,1.26829,2,3.6868895348837203
70094,WIND_RUS,33.0,70010,AGHYOULE,0.3281,79010,ENNISKIL,1.2523900000000001,2,3.8170984455958554
70095,WIND_MM,33.0,70010,AGHYOULE,0.3185,79010,ENNISKIL,1.2427899999999998,2,3.9020094191522756
79030,ENNK3-,33.0,79010,ENNISKIL,0.2512,70010,AGHYOULE,1.16589,2,4.641281847133759
79031,EKNW3-,33.0,79010,ENNISKIL,0.3591,70010,AGHYOULE,1.27379,2,3.5471734892787525
79032,BELK3-,33.0,79010,ENNISKIL,1.5704000000000002,70010,AGHYOULE,2.48509,2,1.5824566989302087
79080,ENNK3_DU,33.0,79010,ENNISKIL,0.34591,70010,AGHYOULE,1.0963100000000001,2,3.1693504090659426
79081,ENNK3_DU,33.0,79010,ENNISKIL,0.48839,70010,AGHYOULE,0.9287000000000001,2,1.9015540858739943
79082,ENNK3_DU,33.0,79010,ENNISKIL,1.2643,70010,AGHYOULE,2.17899,2,1.7234754409554696
79090,RENEW_EN,33.0,79010,ENNISKIL,0.25129999999999997,70010,AGHYOULE,1.16599,2,4.639832869080781
79091,WIND_CAL,33.0,79010,ENNISKIL,1.3283,70010,AGHYOULE,2.2429900000000003,2,1.6886170292855531
79094,ORA MORE,33.0,79010,ENNISKIL,0.6982999999999999,70010,AGHYOULE,1.61299,2,2.309881139911213
20422,CORDUFF,10.5,star:2052-2041-20422-2,star point,0.0075,,,,1,
34301,KILMAHUD,10.5,3431,KILMAHUD,0.4,,,,1,
13102,SCARTAGLEN,20.0,1311,CORDAL,0.759496,,,,1,
13112,COOLEGREAN 2,20.0,1311,CORDAL,0.588496,,,,1,
13114,CORDAL,38.0,1311,CORDAL,0.355,,,,1,
13124,CORDAL,38.0,1311,CORDAL,0.36469999999999997,,,,1,
13134,CORDAL,38.0,1311,CORDAL,0.526,,,,1,
13170,W_SCARTAGLEN,0.4,1311,CORDAL,0.975496,,,,1,
13171,W_COOLEGREAN,0.69,1311,CORDAL,1.310496,,,,1,
13172,W_SCARTAGLEN,0.69,1311,CORDAL,2.434496,,,,1,
14602,BARRANAF,20.0,1461,BARRYMORE,0.9597600000000001,,,,1,
14604,BARRYMORE,38.0,1461,BARRYMORE,0.4,,,,1,
14605,BARRYMOR,38.0,1461,BARRYMORE,0.4001,,,,1,
14614,BARRANAF,38.0,1461,BARRYMORE,0.73776,,,,1,
68134,W_BARRANAF_P,0.69,1461,BARRYMORE,1.09476,,,,1,
53401,CHARLESTOWN,10.0,5341,TONROE,2.567,,,,1,
53404,TONROE,38.0,5341,TONROE,0.367,,,,1,
53411,ROOSKY,10.0,5341,TONROE,1.851,,,,1,
53412,LARGAN HILL,20.0,5341,TONROE,1.567,,,,1,
53414,BALLAGHADREE,38.0,5341,TONROE,0.3684,,,,1,
53421,BIOCORE,10.0,5341,TONROE,1.1882000000000001,,,,1,
53431,BALLAGHADREE,10.0,5341,TONROE,1.1684,,,,1,
53471,W_LARGANH,0.69,5341,TONROE,2.409,,,,1,
53472,W_ROOSKY,0.69,5341,TONROE,3.045,,,,1,
53473,W_GRADYJOINE,0.66,5341,TONROE,4.625,,,,1,
53474,W_BIOCORE,0.4,5341,TONROE,3.1382,,,,1,
42602,NENAGH,20.0,4261,NENAGH,1.334,,,,1,
42604,NENAGH,38.0,4261,NENAGH,0.4,,,,1,
42672,W_CURRAGHG,0.69,4261,NENAGH,3.197,,,,1,
42673,W_TEMPLEDE,0.4,4261,NENAGH,2.524,,,,1,
42674,W_CURRAGHGRA,0.69,4261,NENAGH,3.197,,,,1,
42675,W_NENAGH,0.69,4261,NENAGH,3.197,,,,1,
42676,W_NENAGH,0.69,4261,NENAGH,3.197,,,,1,
70330,ANTR3-,33.0,70311,ANTR1A,0.2464,70312,ANTR1B,0.2473,2,1.0036525974025974
70390,PV_RENEW_AN,33.0,70311,ANTR1A,0.2465,70312,ANTR1B,0.24739999999999998,2,1.0036511156186612
70394,PV_MILLAR FA,33.0,70311,ANTR1A,0.2801,70312,ANTR1B,0.28099999999999997,2,1.003213138164941
40602,MULLAGHARLIN,20.0,4061,MULLAGHARLIN,0.5,,,,1,
53604,TRILLICK,38.0,5361,TRILLICK,0.35,,,,1,
53612,DRUMLOUG,20.0,5361,TRILLICK,2.75,,,,1,
53615,CROCKAHENNY,20.0,5361,TRILLICK,1.15,,,,1,
53616,DRUMLOUG,20.0,5361,TRILLICK,1.15,,,,1,
53671,W_CROCKAHE,0.4,5361,TRILLICK,2.15,,,,1,
53672,W_DRUMLOUG,0.69,5361,TRILLICK,3.697,,,,1,
53674,W_DRUMLOUG,0.69,5361,TRILLICK,1.7080000000000002,,,,1,
68195,W_COOLY_PH1,38.0,5361,TRILLICK,0.35009999999999997,,,,1,
20402,CORDUFF,20.0,2041,CORDUFF,0.975,,,,1,
86330,NARD3-,33.0,86312,NARD1B,0.25,86311,NARD1A,0.2505,2,1.002
86332,PV_RENEW_NAR,33.0,86312,NARD1B,0.2501,86311,NARD1A,0.2506,2,1.001999200319872
81830,KILL3- C,33.0,81810,KILL1-CL,0.2461,,,,1,
81831,EGLISH,33.0,81810,KILL1-CL,0.26026,,,,1,
81832,WIND_CAR,33.0,81810,KILL1-CL,0.2494,,,,1,
21601,SPA ROAD,10.0,2161,DOON,2.0892,,,,1,
21604,DOON,38.0,2161,DOON,0.4,,,,1,
21611,GLASHA HYDRO,10.0,2161,DOON,2.0893,,,,1,
21612,LAWLESSTOWN,20.0,2161,DOON,1.3159,,,,1,
21614,SPA ROAD,38.0,2161,DOON,0.59575,,,,1,
21622,LAWCLON,20.0,2161,DOON,1.4559000000000002,,,,1,
21624,DOON WF,38.0,2161,DOON,0.64515,,,,1,
21634,LAWLESSTOWN,38.0,2161,DOON,0.5159,,,,1,
21641,ARDGEEHA,10.0,2161,DOON,1.31098,,,,1,
21671,HY_GLASHA_HY,0.4,2161,DOON,6.089300000000001,,,,1,
22501,DARDISTOWN,10.0,2251,DARDISTOWN,1.1,,,,1,
83030,LARN3-,33.0,83012,LARN1B,0.2771,83011,LARN1A,0.2778,2,1.002526163839769
83031,BALC3-,33.0,83012,LARN1B,0.7477,83011,LARN1A,0.7484,2,1.0009362043600374
83090,RENEW_LA,33.0,83012,LARN1B,0.2772,83011,LARN1A,0.2779,2,1.0025252525252524
83091,WIND_EH&,33.0,83012,LARN1B,1.3056,83011,LARN1A,1.3063,2,1.0005361519607843
83092,BALYKEEL,33.0,83012,LARN1B,0.2773,83011,LARN1A,0.27799999999999997,2,1.002524341868013
16421,CASH,10.5,star:1642-1641-16421-1,star point,0.0075,,,,1,
40912,MEENADREEN,20.0,4091,MULREAVY,1.1,,,,1,
40922,CROAGHNAMEAL,20.0,4091,MULREAVY,1.1674,,,,1,
40932,MEENADREEN S,20.0,4091,MULREAVY,1.3984,,,,1,
40972,W_CROAGHNAME,0.69,4091,MULREAVY,2.2854,,,,1,
40973,W_MEENADREEN,0.4,4091,MULREAVY,2.8984,,,,1,
68308,W_MEENAD_S_P,0.69,4091,MULREAVY,2.4274,,,,1,
34803,KELWIN,33.0,3481,COOLNANOONAG,0.06,,,,1,
34813,KELWIN,33.0,3481,COOLNANOONAG,0.1664,,,,1,
34871,BS_KELWIN,0.69,3481,COOLNANOONAG,0.2924,,,,1,
34872,W_KELWIN P3,0.69,3481,COOLNANOONAG,0.12,,,,1,
84530,LOGE3-,33.0,84511,LOGE1A,0.2738,84512,LOGE1B,0.28,2,1.0226442658875092
84590,RENEW_LO,33.0,84511,LOGE1A,0.4938,84512,LOGE1B,0.5,2,1.012555690562981
16312,CORDERRY,20.0,1631,CORDERRY,0.33,,,,1,
16354,CORDERRY,20.0,1631,CORDERRY,1.2926,,,,1,
16364,CORDERRY,20.0,1631,CORDERRY,1.3145,,,,1,
16365,CORDERRY,20.0,1631,CORDERRY,1.3145,,,,1,
16367,TULLYNAMOYLA,20.0,1631,CORDERRY,0.8200000000000001,,,,1,
16374,W_ALTAGOWLAN,0.69,1631,CORDERRY,2.0585,,,,1,
16375,W_MONEENATIE,0.69,1631,CORDERRY,2.6545,,,,1,
16377,W_TULLYNAMOY,0.4,1631,CORDERRY,1.415,,,,1,
16382,W_TULLYNAMOY,0.4,1631,CORDERRY,0.9904,,,,1,
16384,TULLYNAMOYLA,20.0,1631,CORDERRY,0.5164,,,,1,
16392,W_TULLYNAMOY,0.4,1631,CORDERRY,0.9114,,,,1,
16394,TULLYNAMOYLA,20.0,1631,CORDERRY,0.5164,,,,1,
75030,COLE3-,33.0,75010,COLE1-,0.2508,,,,1,
75031,BMNY3-,33.0,75010,COLE1-,0.6529,,,,1,
75032,GRVN3-,33.0,75010,COLE1-,0.8183,,,,1,
75080,COLE3_DU,33.0,75010,COLE1-,0.5582,,,,1,
75090,RENEW_CO,33.0,75010,COLE1-,0.2509,,,,1,
75091,WIND_RIG,33.0,75010,COLE1-,0.8597,,,,1,
75092,WIND_GRU,33.0,75010,COLE1-,1.3243,,,,1,
75093,WIND_GAR,33.0,75010,COLE1-,0.9540000000000001,,,,1,
75094,WIND_DNM,33.0,75010,COLE1-,0.3749,,,,1,
75095,WIND_DUN,33.0,75010,COLE1-,0.33790000000000003,,,,1,
19902,CASTLEDOCKRI,20.0,1991,CASTLEDOCKRE,0.178,,,,1,
19971,W_CASTLEDOCK,0.4,1991,CASTLEDOCKRE,0.4446,,,,1,
19972,W_CASTLEDOCK,0.4,1991,CASTLEDOCKRE,2.558,,,,1,
19973,W_CASTLEDOCK,0.4,1991,CASTLEDOCKRE,2.558,,,,1,
19974,W_CASTLEDOCK,0.4,1991,CASTLEDOCKRE,0.518,,,,1,
55002,WEXFORD,20.0,5501,WEXFORD,1.1,,,,1,
69302,WOODHOUSE,20.0,6931,WOODHOUSE,0.31,,,,1,
69335,W_WOODHOUS_P,0.66,6931,WOODHOUSE,0.516,,,,1,
89530,STRA3-,33.0,89510,STRABANE,0.2516,,,,1,
89531,ARDS3-,33.0,89510,STRABANE,0.8174999999999999,,,,1,
89532,CDRG3-,33.0,89510,STRABANE,1.1803,,,,1,
89533,CLDY3-,33.0,89510,STRABANE,0.9327000000000001,,,,1,
89534,PLUM3-,33.0,89510,STRABANE,1.0401,,,,1,
89535,SION3-,33.0,89510,STRABANE,0.5518,,,,1,
89580,STRA3_DU,33.0,89510,STRABANE,0.5585,,,,1,
89581,STRA3_DU,33.0,89510,STRABANE,0.9539,,,,1,
89582,STRA3_DU,33.0,89510,STRABANE,1.1542,,,,1,
89583,STRA3_DU,33.0,89510,STRABANE,1.402,,,,1,
89590,RENEW_ST,33.0,89510,STRABANE,0.2517,,,,1,
89591,WIND_OWE,33.0,89510,STRABANE,1.1181999999999999,,,,1,
89592,WIND_BIN,33.0,89510,STRABANE,1.4053,,,,1,
89593,WIND_LHI,33.0,89510,STRABANE,1.4141,,,,1,
54401,GRANAGH 10,10.0,5441,WATERFORD,1.1995900000000002,,,,1,
54402,ROSBERCON1 2,20.0,5441,WATERFORD,2.12489,,,,1,
54404,HY_WATERFORD,38.0,5441,WATERFORD,0.386,,,,1,
54412,ROSBERCON2 2,20.0,5441,WATERFORD,1.29189,,,,1,
54414,GRANAGH 38,38.0,5441,WATERFORD,0.53259,,,,1,
54422,RAHORA BYPAS,20.0,5441,WATERFORD,1.7956400000000001,,,,1,
54424,ROSBERCON 38,38.0,5441,WATERFORD,0.62489,,,,1,
54425,RAHORA 20,20.0,5441,WATERFORD,2.6286400000000003,,,,1,
54426,BALLYMARTIN,20.0,5441,WATERFORD,2.7056400000000003,,,,1,
54431,CURRAGHMARTI,10.0,5441,WATERFORD,1.61959,,,,1,
54471,W_RAHORA,0.4,5441,WATERFORD,3.96164,,,,1,
54472,W_BALLYMAR,0.4,5441,WATERFORD,3.4986400000000004,,,,1,
54473,PV_CURRAGHMA,0.4,5441,WATERFORD,2.74959,,,,1,
54474,PV_FARRANMAC,0.8,5441,WATERFORD,2.379,,,,1,
54484,FARRANMACEDM,20.0,5441,WATERFORD,1.5859999999999999,,,,1,
68408,W_BALLYMAR_P,0.4,5441,WATERFORD,3.35264,,,,1,
35221,LOUT,10.5,star:3522-3521-35221-1,star point,0.007499999999999993,,,,1,
75562,COOL6Q,22.0,star:75511-75520-75562-1,star point,0.1523,,,,1,
90361,TAMNAMORE,22.0,star:90310-90320-90361-1,star point,0.15925,,,,1,
23902,KILLHILL,33.0,2391,KILL HILL,0.355,,,,1,
67069,W_KILLHILL_P,0.69,2391,KILL HILL,0.44099999999999995,,,,1,
12503,BOOLY1WF 20,20.0,1251,BOOLTIAGH,0.7257,,,,1,
12504,BOOLT 2 38,38.0,1251,BOOLTIAGH,0.338,,,,1,
12512,CAHERMURWF 2,20.0,1251,BOOLTIAGH,1.4675,,,,1,
12522,KILTUMPERWF,20.0,1251,BOOLTIAGH,1.2268999999999999,,,,1,
12532,GLENMORE 20,20.0,1251,BOOLTIAGH,1.0038,,,,1,
12534,BOOLY1WF 38,38.0,1251,BOOLTIAGH,0.5038,,,,1,
12574,W_LISSYCASEY,0.69,1251,BOOLTIAGH,1.4558,,,,1,
12582,BOOLT 1 20,20.0,1251,BOOLTIAGH,1.0038,,,,1,
12592,LISSYWF 20,20.0,1251,BOOLTIAGH,1.0058,,,,1,
67030,W_BOOLYNAG_P,0.69,1251,BOOLTIAGH,0.9157,,,,1,
68148,W_CAHERMUR_P,0.69,1251,BOOLTIAGH,2.3655,,,,1,
68267,W_KILTUMPER,0.66,1251,BOOLTIAGH,2.2559,,,,1,
25602,BULLSTOWN,20.0,2571,FIN_RURAL,1.2334800000000001,,,,1,
25604,FINGLAS,38.0,2571,FIN_RURAL,0.29818,,,,1,
25605,FINGLAS,38.0,2571,FIN_RURAL,0.29828,,,,1,
25614,ASHBOURNE,38.0,2571,FIN_RURAL,0.57348,,,,1,
18814,CHARLEVILLE,38.0,1881,CHARLEVILLE,0.338,,,,1,
18824,CHARLEVILLE,38.0,1881,CHARLEVILLE,0.4176,,,,1,
67031,W_CASTLEPO_P,38.0,1881,CHARLEVILLE,0.45720000000000005,,,,1,
68224,W_KNOCKNATAL,38.0,1881,CHARLEVILLE,0.46540000000000004,,,,1,
15504,BOGGERAGH,38.0,1551,BOGGERAGH,0.355,,,,1,
15514,ESK,38.0,1551,BOGGERAGH,0.5722,,,,1,
15522,ESK 20,20.0,1551,BOGGERAGH,1.545,,,,1,
15534,CARRIGCANNON,38.0,1551,BOGGERAGH,0.3832,,,,1,
15542,CARRIGCANNON,20.0,1551,BOGGERAGH,0.7832,,,,1,
15571,W_ESK,0.69,1551,BOGGERAGH,2.343,,,,1,
15573,W_CARRIGCA,0.4,1551,BOGGERAGH,1.0211999999999999,,,,1,
80700,WIND_SHA,33.0,80710,GORT,0.2771,,,,1,
80701,WIND_CRO,33.0,80710,GORT,0.4531,,,,1,
80702,WIND_TEI,33.0,80710,GORT,0.9071,,,,1,
80730,GORT,33.0,80710,GORT,0.2461,,,,1,
80790,RENEW_GO,33.0,80710,GORT,0.2462,,,,1,
80795,WIND DIV,33.0,80710,GORT,0.7761,,,,1,
80797,WIND_DIV2,33.0,80710,GORT,0.3561,,,,1,
80798,WIND_ALM,33.0,80710,GORT,0.3461,,,,1,
77530,DUNG3-,33.0,77511,DUNG1-,0.2566,,,,1,
77531,TULY3-,33.0,77511,DUNG1-,0.3766,,,,1,
77590,PV_RENEW_DU,33.0,77511,DUNG1-,0.2567,,,,1,
77591,WIND_CRO,33.0,77511,DUNG1-,0.7052,,,,1,
16601,KILTIMAGH,10.0,1661,CASTLEBAR,1.884,,,,1,
16602,CUILLALEA,20.0,1661,CASTLEBAR,2.884,,,,1,
16604,CASTLEBAR,38.0,1661,CASTLEBAR,0.4,,,,1,
16612,RAHEEN BAR1,20.0,1661,CASTLEBAR,1.399,,,,1,
16622,LENANAVEA 1,20.0,1661,CASTLEBAR,1.3728,,,,1,
16632,WINDSOR - LE,20.0,1661,CASTLEBAR,1.884,,,,1,
16642,RAHEEN BAR2,20.0,1661,CASTLEBAR,1.0,,,,1,
16670,W_LENENEVEA_,0.4,1661,CASTLEBAR,3.084,,,,1,
16671,W_CUILLALEA1,0.69,1661,CASTLEBAR,4.281000000000001,,,,1,
16672,W_CUILLALEA2,0.69,1661,CASTLEBAR,5.678000000000001,,,,1,
16674,W_RAHEEN_BAR,0.69,1661,CASTLEBAR,1.254,,,,1,
16675,W_RAHEEN_BAR,0.4,1661,CASTLEBAR,2.06,,,,1,
16676,W_LENANAVEA_,0.4,1661,CASTLEBAR,3.884,,,,1,
16679,W_LENENEVA_3,0.69,1661,CASTLEBAR,3.0478,,,,1,
14502,CLOGHRAN,20.0,1451,CLOGHRAN,0.29,,,,1,
16424,CASH,10.5,star:1642-16411-16424-4,star point,0.007499999999999993,,,,1,
81062,HANA6Q,22.0,star:81010-81020-81062-1,star point,0.1523,,,,1,
36421,LODGEWOOD,10.5,star:3642-3641-36421-1,star point,0.0075,,,,1,
32604,HY_KILKENNY,38.0,3261,KILKENNY,0.33,,,,1,
32605,KILKENNY,38.0,3261,KILKENNY,0.3301,,,,1,
16703,KILCUMBER,33.0,1671,KILCUMBER,0.1324,,,,1,
16771,W_BS_CLONCRE,0.69,1671,KILCUMBER,0.1924,,,,1,
18102,CLUTTERLAND,20.0,1811,CLUTTERLAND,0.195,,,,1,
42802,NANGOR,20.0,4281,NANGOR,0.35,,,,1,
42871,NANGOR,0.4,4281,NANGOR,0.943,,,,1,
42872,NANGOR,6.3,4281,NANGOR,1.467,,,,1,
24202,CORKAGH,20.0,2421,CORKAGH,0.136,,,,1,
28804,GLENLARA,38.0,2881,GLENLARA,0.4,,,,1,
28812,TAURBEG,20.0,2881,GLENLARA,0.7330000000000001,,,,1,
28874,W_TAURBEG,0.69,2881,GLENLARA,0.925,,,,1,
16302,CORDERRY,20.0,1631,CORDERRY,0.635,,,,1,
16351,CORDERRY,20.0,1631,CORDERRY,1.5819,,,,1,
16361,CARANNE HILL,20.0,1631,CORDERRY,1.8007,,,,1,
16362,BLACK BANKS,20.0,1631,CORDERRY,1.2476,,,,1,
16366,GEEVAGH,20.0,1631,CORDERRY,1.5162,,,,1,
16371,W_CARANNE_HI,0.69,1631,CORDERRY,3.1977,,,,1,
16372,W_BLACK_BANK,0.69,1631,CORDERRY,2.6445999999999996,,,,1,
16373,W_BLACK_BANK,0.69,1631,CORDERRY,1.9465999999999999,,,,1,
16376,W_GEEVAGH,0.69,1631,CORDERRY,2.6332,,,,1,
16378,W_CARANNE_HI,0.69,1631,CORDERRY,5.1507,,,,1,
16379,W_MONEENATIE,0.69,1631,CORDERRY,3.6757,,,,1,
31001,ROSCREA,10.0,3101,IKERRIN,1.94367,,,,1,
31004,IKERRIN,38.0,3101,IKERRIN,0.336,,,,1,
31014,ROSCREA,38.0,3101,IKERRIN,0.45022,,,,1,
31022,MONAINCHA BO,20.0,3101,IKERRIN,0.7354,,,,1,
31024,MONAINCH,38.0,3101,IKERRIN,0.4354,,,,1,
68136,W_MONAINCH_P,0.69,3101,IKERRIN,0.9144000000000001,,,,1,
14912,DEENES,20.0,1491,DEENES,0.12,,,,1,
14971,PV_DEENES,0.69,1491,DEENES,0.18,,,,1,
39401,MONEYPOINT,20.0,3941,MONEYPOINT,0.317,,,,1,
39474,W_MONEYPOINT,6.6,3941,MONEYPOINT,0.546,,,,1,
28571,WHITEGATE,19.0,2852,GLANAGOW,0.02962,,,,1,
10204,ARDNACRUSHA,38.0,1021,ARDNACRUSHA,0.367,,,,1,
10212,KNOCKASTANA,20.0,1021,ARDNACRUSHA,1.567,,,,1,
10213,MIENVEE,20.0,1021,ARDNACRUSHA,2.767,,,,1,
10275,W_KNOCKAST,0.69,1021,ARDNACRUSHA,2.311,,,,1,
10276,W_MIENVEE,0.69,1021,ARDNACRUSHA,8.356000000000002,,,,1,
44471,HY_POLLG1_4,10.5,4441,POLLAPHUCA,0.4,,,,1,
21004,DUNDALK,38.0,2101,DUNDALK,0.355,,,,1,
21014,BUSH,38.0,2101,DUNDALK,0.8946999999999999,,,,1,
21022,JENKINSTOWN,20.0,2101,DUNDALK,1.38593,,,,1,
21024,JENKINSTOWN,38.0,2101,DUNDALK,0.7201,,,,1,
21034,CASTLEBLANEY,38.0,2101,DUNDALK,0.5449999999999999,,,,1,
21071,W_DUNDALK,0.69,2101,DUNDALK,5.944000000000001,,,,1,
68404,W_GROVE HILL,38.0,2101,DUNDALK,0.7247,,,,1,
15103,CLOGHBOOLA,33.0,1511,CLOGHBOOLA,0.104999,,,,1,
15171,W_CLOGHBOOLA,0.69,1511,CLOGHBOOLA,0.261999,,,,1,
12502,BOOLTIAGH,20.0,1251,BOOLTIAGH,0.39,,,,1,
12571,W_BOOLTIAGH,0.69,1251,BOOLTIAGH,0.663,,,,1,
12572,W_BOOLTIAGH_,0.4,1251,BOOLTIAGH,0.862,,,,1,
73031,BELN3A,33.0,73011,BELN1A,0.2461,73012,BELN1B,0.2462,2,1.0004063388866313
73032,BELN3B,33.0,73012,BELN1B,0.2461,73011,BELN1A,0.2462,2,1.0004063388866313
78030,DUNM3-,33.0,73012,BELN1B,0.25842000000000004,73011,BELN1A,0.25852,2,1.000386966953022
89030,SKEG3-,33.0,73011,BELN1A,0.25672,73012,BELN1B,0.25674,2,1.0000779058896854
49802,MANORHAMILTO,20.0,4981,SLIGO,1.71923,,,,1,
49804,HY_SLIGO,38.0,4981,SLIGO,0.342,,,,1,
49812,FAUGHARY,20.0,4981,SLIGO,2.49803,,,,1,
49814,SLIGO38B,38.0,4981,SLIGO,1.0534000000000001,,,,1,
49832,MANORHAMILTO,20.0,4981,SLIGO,1.93803,,,,1,
49842,CARRIC PH1,20.0,4981,SLIGO,2.29683,,,,1,
68087,W_CARRICKEEN,0.4,4981,SLIGO,2.9438299999999997,,,,1,
68101,W_FAUGHA_PH1,0.4,4981,SLIGO,3.0650299999999997,,,,1,
36001,LIBERTY STRE,10.0,3601,LIBERTY ST,0.496,3611,LIBERTY ST,1.0,2,2.0161290322580645
35702,DERRYCARNEY,33.0,3571,DERRYCARNEY,0.2231,,,,1,
35771,BS_DERRYCARN,0.4,3571,DERRYCARNEY,0.2764,,,,1,
74030,CARN3-,33.0,74011,CARN1A,0.248,74012,CARN1B,0.248,3,1.0
74090,RENEW_CA,33.0,74011,CARN1A,0.2481,74012,CARN1B,0.2481,3,1.0
74091,WIND_CNH,33.0,74011,CARN1A,0.3641,74012,CARN1B,0.3641,3,1.0
80531,GLEN3-,33.0,74011,CARN1A,0.2688,74012,CARN1B,0.2688,3,1.0
80532,GLEN3B,33.0,74011,CARN1A,0.2687,74012,CARN1B,0.2687,3,1.0
80540,PV_SEAL,33.0,74011,CARN1A,0.2688,74012,CARN1B,0.2688,3,1.0
38802,MACROOM,20.0,3881,MACROOM,0.7330000000000001,,,,1,
38804,MACROOM,38.0,3881,MACROOM,0.4,,,,1,
38870,W_BAWNMORE,0.4,3881,MACROOM,0.9490000000000001,,,,1,
38872,PV_KNOCKGLAS,0.4,3881,MACROOM,1.3279999999999998,,,,1,
11202,ARKLOW BAY,20.0,1121,ARKLOW,0.738,,,,1,
11204,BIO_ARKLOW,38.0,1121,ARKLOW,0.338,,,,1,
11212,BALLYCUM 20,20.0,1121,ARKLOW,1.67948,,,,1,
11224,RAHEENLE,38.0,1121,ARKLOW,0.5562,,,,1,
11234,KILMAGIG,38.0,1121,ARKLOW,0.50088,,,,1,
11242,RAHEEN 20,20.0,1121,ARKLOW,0.7781,,,,1,
11244,BALLYCUMMER,38.0,1121,ARKLOW,0.6794800000000001,,,,1,
11252,RATHDRUM,20.0,1121,ARKLOW,2.32833,,,,1,
11254,RATHDRUM,38.0,1121,ARKLOW,0.8348800000000001,,,,1,
11271,W_ARKLOWB,3.3,1121,ARKLOW,0.988,,,,1,
67045,W_RAHEENLE_P,0.66,1121,ARKLOW,0.9151,,,,1,
68209,W_BALLYCUM_P,0.4,1121,ARKLOW,1.97448,,,,1,
52404,TAWNAGHMORE,38.0,5241,TAWNAGHMORE,0.4,,,,1,
52414,TAWNAGHMORE,38.0,5241,TAWNAGHMORE,0.4031,,,,1,
67059,W_BS_KILLALA,20.0,5241,TAWNAGHMORE,0.7361,,,,1,
18202,CLOON2,20.0,1821,CLOON,1.81999,,,,1,
18204,CLOON,38.0,1821,CLOON,0.336,,,,1,
18271,W_CLOONLUSK,0.69,1821,CLOON,2.9379899999999997,,,,1,
37601,MACE ESB,10.0,3761,MACETOWN,0.577,,,,1,
52201,KILKEE 10,10.0,5221,TULLABRACK,2.6316699999999997,,,,1,
52202,TULLAWF 20,20.0,5221,TULLABRACK,1.3719999999999999,,,,1,
52204,TULABRACK,38.0,5221,TULLABRACK,0.7,,,,1,
52211,CARROWNA 10,10.0,5221,TULLABRACK,5.256670000000001,,,,1,
52212,MOANMORE,20.0,5221,TULLABRACK,1.5,,,,1,
52214,TULLAWF 38,38.0,5221,TULLABRACK,0.7061999999999999,,,,1,
52224,KILRUSH 38,38.0,5221,TULLABRACK,0.78687,,,,1,
52232,WESTWAVE KIL,20.0,5221,TULLABRACK,1.634,,,,1,
52234,KILKEE 38,38.0,5221,TULLABRACK,1.13167,,,,1,
52271,W_MOANMORE,0.4,5221,TULLABRACK,1.8699999999999999,,,,1,
68128,W_CARROWNA_P,20.0,5221,TULLABRACK,6.208970000000001,,,,1,
68311,W_TULLABRA_P,20.0,5221,TULLABRACK,1.7800999999999998,,,,1,
49502,LEITIR G,20.0,4951,SALTHILL,0.7384,,,,1,
49504,SALTHILL,38.0,4951,SALTHILL,0.3677,,,,1,
49513,INVERIN,20.0,4951,SALTHILL,2.7677,,,,1,
49514,LEITIR G,38.0,4951,SALTHILL,0.4384,,,,1,
49571,W_LEITIR_G,0.4,4951,SALTHILL,0.9813999999999999,,,,1,
49572,W_INVERIN,0.69,4951,SALTHILL,4.2827,,,,1,
68094,W_LEITIR_PH1,0.4,4951,SALTHILL,1.1354000000000002,,,,1,
68108,W_LEALET_PH1,0.4,4951,SALTHILL,1.4464000000000001,,,,1,
17302,CROMCASTLE,20.0,1711,CROMCASTLE,1.1,1731,CROMCASTLE,1.1,2,1.0
31271,DUBLIN_BAY_P,21.0,3122,IRISHTOWN,0.0375,,,,1,
14402,ENNISKEANE,20.0,1441,BANDON,1.76,,,,1,
14404,HY_BANDON,38.0,1441,BANDON,0.336,,,,1,
14405,BANDON,38.0,1441,BANDON,0.3361,,,,1,
14412,KILVINAN PH1,20.0,1441,BANDON,2.5524,,,,1,
14414,ENNISKEANE,38.0,1441,BANDON,0.76,,,,1,
14471,W_KILVINAN,0.69,1441,BANDON,4.5734,,,,1,
14472,W_KILVINAN_G,0.69,1441,BANDON,9.2524,,,,1,
14474,W_GARRANEREA,0.69,1441,BANDON,2.4819999999999998,,,,1,
14486,FINNIS,20.0,1441,BANDON,0.8360000000000001,,,,1,
22802,MACE UPPER,20.0,22811,DALTON_A2,1.334,,,,1,
22804,HY_DALTON,38.0,22811,DALTON_A2,0.4,,,,1,
22871,W_MACEUPP,0.4,22811,DALTON_A2,3.5380000000000003,,,,1,
54503,ROSSPILE,33.0,5451,ROSSPILE,0.183,,,,1,
54571,PV_ROSSPILE,0.4,5451,ROSSPILE,0.366,,,,1,
55201,WOLFE TONE,10.0,5521,WOLFE TONE,0.4,,,,1,
32202,PLUCKANE,20.0,3221,KILBARRY,1.839,,,,1,
32204,KILBARRY,38.0,3221,KILBARRY,0.355,,,,1,
32271,W_PLUCKANE,0.4,3221,KILBARRY,8.45,,,,1,
32272,PV_COOLYDUFF,0.4,3221,KILBARRY,2.255,,,,1,
13001,BALLYBEG,10.0,1301,BALLYBEG,0.496,,,,1,
13011,PV_BALLYNAGR,10.0,1301,BALLYBEG,0.4961,,,,1,
13023,BALLYNAGRAN2,10.0,1301,BALLYBEG,0.4962,,,,1,
13082,BALLINACLOUG,20.0,1301,BALLYBEG,1.296,,,,1,
68536,BALLYNAGRAN_,0.69,1301,BALLYBEG,3.3531000000000004,,,,1,
68537,BALLYNAGRAN_,0.69,1301,BALLYBEG,1.9252,,,,1,
15502,BOGGERAGH,20.0,1551,BOGGERAGH,0.2,,,,1,
15512,BOGGERAG PH2,20.0,1551,BOGGERAGH,0.2001,,,,1,
15574,W_BOGGERAG,1.0,1551,BOGGERAGH,0.3631,,,,1,
36203,LISHEEN,33.0,3621,LISHEEN,0.1,,,,1,
36273,W_LISHEEN,20.0,3621,LISHEEN,0.2,,,,1,
84030,LISB3-,33.0,84011,LISB1A,0.254,84012,LISB1B,0.2569,2,1.0114173228346457
84090,RENEW_LI,33.0,84011,LISB1A,0.2544,84012,LISB1B,0.25730000000000003,2,1.0113993710691824
84095,PV_BALIN ROA,33.0,84011,LISB1A,0.2869,84012,LISB1B,0.2898,2,1.0101080515859184
84096,PV_LOUGH ROA,33.0,84011,LISB1A,0.3593,84012,LISB1B,0.3622,2,1.0080712496521014
84097,PV_MAG ROAD,33.0,84011,LISB1A,0.4194,84012,LISB1B,0.4223,2,1.0069146399618503
21204,DRUMLINE,38.0,2121,DRUMLINE,0.3979,,,,1,
21212,DRUMLINE,20.0,2121,DRUMLINE,1.1979,,,,1,
21222,DRUMLINE,20.0,2121,DRUMLINE,1.2767,,,,1,
50301,STEPHENSTOWN,10.0,5031,STEPHENSTOWN,1.1,,,,1,
50371,BS_GARDNERSH,0.4,5031,STEPHENSTOWN,1.1600000000000001,,,,1,
40404,MOY,38.0,4041,MOY,0.33,,,,1,
40412,LACKAN 20,20.0,4041,MOY,1.53,,,,1,
40471,W_LACKAN,0.4,4041,MOY,2.323,,,,1,
87930,RASHARK1,33.0,87900,RASHARK1,0.2461,,,,1,
87991,PV_BANN ROAD,33.0,87900,RASHARK1,0.26780000000000004,,,,1,
87992,WIND_ALVN,33.0,87900,RASHARK1,0.5351,,,,1,
87993,WIND_GLEN,33.0,87900,RASHARK1,0.31880000000000003,,,,1,
87994,WIND_LM,33.0,87900,RASHARK1,0.3018,,,,1,
87995,PV_FIN ROAD,33.0,87900,RASHARK1,0.3331,,,,1,
38601,MILLTOWN,10.0,3861,MILLTOWN,1.0,,,,1,
15552,BOGGERAGH2,20.0,1551,BOGGERAGH,0.2,,,,1,
15572,W_BOGGERAGH_,0.4,1551,BOGGERAGH,0.29900000000000004,,,,1,
13,M_R,38.0,4651,RINGSEND,0.3058,3861,MILLTOWN,0.32091,2,1.0494113799869194
39601,MARINA,10.0,3961,MARINA,0.496,,,,1,
32822,KLON,10.5,star:3282-3281-32822-2,star point,0.007499999999999993,,,,1,
76031,CREG3A,33.0,76011,CREG1A,0.1953,76012,CREG1B,0.1967,2,1.007168458781362
86030,MOUN3A,33.0,76011,CREG1A,0.2072,76012,CREG1B,0.2086,2,1.0067567567567568
18101,DARNDALE,20.0,1810,DARNDALE,0.189,,,,1,
15702,ARDNAGAPPARY,20.0,1571,ARDNAGAPPARY,1.333997,,,,1,
15704,ARDNAGAPPARY,38.0,1571,ARDNAGAPPARY,0.4,,,,1,
15771,W_CRONALAGHT,0.69,1571,ARDNAGAPPARY,3.8339969999999997,,,,1,
15772,W_CRONALAGHT,0.69,1571,ARDNAGAPPARY,3.000997,,,,1,
68260,W_CRONALAG_P,20.0,1571,ARDNAGAPPARY,1.640297,,,,1,
16502,CLAHANE,20.0,1651,CLAHANE,0.3057,,,,1,
16571,W_CLAHANE,0.4,1651,CLAHANE,0.43470000000000003,,,,1,
67083,W_CLAHANE_PH,0.4,1651,CLAHANE,0.7027000000000001,,,,1,
51922,CROAGHONAGH,33.0,51911,CROAGHONAGH,0.19,,,,1,
51972,W_CROAGHONAG,0.69,51911,CROAGHONAGH,0.36,,,,1,
13302,BLUNDELSTOWN,20.0,1331,BLUNDELSTOWN,0.4,,,,1,
23604,ENNIS,38.0,2361,ENNIS,0.4,,,,1,
23611,ENNIS NRTH,10.0,2361,ENNIS,1.9162,,,,1,
23612,COROFIN,20.0,2361,ENNIS,9.5163,,,,1,
23614,ENNIS NRTH,38.0,2361,ENNIS,0.4228,,,,1,
23621,COROFIN,10.0,2361,ENNIS,1.9163000000000001,,,,1,
23685,LISSANE WEST,20.0,2361,ENNIS,1.6,,,,1,
22812,LISDUFF,20.0,2281,DALTON_A1,0.6393,,,,1,
22814,DALTON,38.0,2281,DALTON_A1,0.338,,,,1,
22824,DALTON,38.0,2281,DALTON_A1,0.4171,,,,1,
22872,W_MAGHERAMOR,0.69,2281,DALTON_A1,0.7593000000000001,,,,1,
28814,W_HEMSBROOK,38.0,28810,GLENLARA,0.578,,,,1,
28824,GLENLARA W,38.0,28810,GLENLARA,0.35,,,,1,
28834,GLENLARA,38.0,28810,GLENLARA,0.47159999999999996,,,,1,
28872,W_DROMDEEVEE,0.69,28810,GLENLARA,0.8335999999999999,,,,1,
28873,W_DROMDEVEEN,0.69,28810,GLENLARA,0.7436,,,,1,
27404,GREAT ISLAND,38.0,2741,GREAT ISLAND,0.4,,,,1,
27414,BALLYGOWNEY,38.0,2741,GREAT ISLAND,0.5988,,,,1,
27424,BEALISTOWN,38.0,2741,GREAT ISLAND,0.6444000000000001,,,,1,
27432,BEALISTOWN,20.0,2741,GREAT ISLAND,1.4444,,,,1,
27442,BEALISTOWN,20.0,2741,GREAT ISLAND,1.5581999999999998,,,,1,
27475,PV_BALLYCULL,0.4,2741,GREAT ISLAND,2.4632,,,,1,
10271,HY_ARDNG1,10.5,1021,ARDNACRUSHA,0.3327,,,,1,
17004,HY_CATH FALL,38.0,17010,CATH FALL,0.386,,,,1,
69197,W_ACRES,38.0,17010,CATH FALL,0.43470000000000003,,,,1,
18802,CHARLEVILLE,20.0,1881,CHARLEVILLE,1.334,,,,1,
18804,CHARLEVILLE,38.0,1881,CHARLEVILLE,0.4,,,,1,
18812,MILFORD,20.0,1881,CHARLEVILLE,1.6273,,,,1,
18832,KILMEEDY,20.0,1881,CHARLEVILLE,2.4849,,,,1,
18834,MILFORD,38.0,1881,CHARLEVILLE,0.6933,,,,1,
68093,W_KILMEEDY_P,0.4,1881,CHARLEVILLE,3.3469,,,,1,
68115,W_RATHNACALL,20.0,1881,CHARLEVILLE,1.3466,,,,1,
68123,W_BOOLARD,20.0,1881,CHARLEVILLE,1.5178000000000003,,,,1,
68303,W_KILBEREH_P,20.0,1881,CHARLEVILLE,2.3449,,,,1,
49912,SORNE HILL 3,20.0,4991,SORNE HILL,0.73,,,,1,
49932,FLUGHLAND,20.0,4991,SORNE HILL,0.7301,,,,1,
49942,MEENKEERAGH,20.0,4991,SORNE HILL,0.7301,,,,1,
49952,GLACKMORE HI,20.0,4991,SORNE HILL,0.7301,,,,1,
49962,THREE TREES,20.0,4991,SORNE HILL,0.8177,,,,1,
49972,W_SINGLE_TUR,0.4,4991,SORNE HILL,3.1486,,,,1,
49974,W_THREETR,0.4,4991,SORNE HILL,2.0077,,,,1,
49975,W_MEENKEER,0.4,4991,SORNE HILL,1.9201,,,,1,
49976,W_FLUGHLAND,0.4,4991,SORNE HILL,1.3251,,,,1,
49977,W_GLACKMORE_,0.69,4991,SORNE HILL,3.1101,,,,1,
49978,W_GLACKMORE_,0.69,4991,SORNE HILL,3.1102000000000003,,,,1,
49979,W_GLACKMORE_,0.69,4991,SORNE HILL,3.1102000000000003,,,,1,
49982,SINGLE TURBI,20.0,4991,SORNE HILL,0.7686,,,,1,
49992,W_CORVIN,0.4,4991,SORNE HILL,4.2490000000000006,,,,1,
49994,CORVIN,20.0,4991,SORNE HILL,1.885,,,,1,
13601,BALLYDINE,10.0,1361,BALLYDINE,1.041,,,,1,
50421,SRANANAGH,10.5,star:5042-5041-50421-1,star point,0.0075,,,,1,
36402,LODGEWOOD 1,20.0,36411,CRORY,0.31,,,,1,
36412,BALLYCADDEN,20.0,36411,CRORY,0.4413,,,,1,
36422,GILBEET 20,20.0,36411,CRORY,0.48260000000000003,,,,1,
36432,BALLYNA MIDD,20.0,36411,CRORY,0.61,,,,1,
36442,KENNYSTOWN,20.0,36411,CRORY,0.4597,,,,1,
36452,BALLYNA 20,20.0,36411,CRORY,0.75875,,,,1,
36462,KNOCHNA 20,20.0,36411,CRORY,0.63,,,,1,
36471,W_BALLYCA_20,0.4,36411,CRORY,0.7813000000000001,,,,1,
36472,W_BALLYNANCO,0.4,36411,CRORY,1.94875,,,,1,
36473,W_KNOCKNALOU,0.4,36411,CRORY,1.82,,,,1,
36474,W_BALLAMAN,1.0,36411,CRORY,2.1235,,,,1,
36475,W_BALLYDUFF,0.4,36411,CRORY,1.7718,,,,1,
36476,W_GILBBET_HI,0.66,36411,CRORY,0.8366,,,,1,
36482,BALLAMAN 20,20.0,36411,CRORY,0.47550000000000003,,,,1,
36492,BALLYDUFF 20,20.0,36411,CRORY,0.5818,,,,1,
68306,W_BALLYCADDA,0.4,36411,CRORY,1.0363,,,,1,
68307,W_KNOCKNALOU,0.4,36411,CRORY,1.82,,,,1,
68323,W_BALLYDUF_P,0.69,36411,CRORY,9.536800000000001,,,,1,
42201,ATHBOY,10.0,4221,NAVAN,1.832,,,,1,
42204,HY_NAVAN,38.0,4221,NAVAN,0.355,,,,1,
42214,ATHBOY,38.0,4221,NAVAN,0.898,,,,1,
42224,J28,38.0,4221,NAVAN,0.49139999999999995,,,,1,
42234,KELLS,38.0,4221,NAVAN,0.6841999999999999,,,,1,
42244,KELLS,38.0,4221,NAVAN,0.8471,,,,1,
68554,BIO_FARRELLY,38.0,4221,NAVAN,0.8743,,,,1,
16873,HY_CDRDG3,10.5,1681,CARRIGADROHI,0.78788,,,,1,
34723,CASTLEBAGOT,10.5,star:3472-3471-34723-3,star point,0.0075,,,,1,
27801,GALWAY,10.0,2781,GALWAY,0.496,,,,1,
14001,BELLACORICK,10.0,1401,BELLACORICK,2.64235,,,,1,
14004,BELLACORICK,38.0,1401,BELLACORICK,0.4,,,,1,
14006,BUNNAHOW10,10.0,1401,BELLACORICK,4.462350000000001,,,,1,
14024,BELLACORICK,38.0,1401,BELLACORICK,0.6982,,,,1,
14034,BELMULLET,38.0,1401,BELLACORICK,1.1489,,,,1,
68143,W_BUNNAHOW_P,0.69,1401,BELLACORICK,6.5203500000000005,,,,1,
13604,BALLYDINE,38.0,1361,BALLYDINE,0.3059,,,,1,
13611,DOWLEY,10.0,1361,BALLYDINE,1.79935,,,,1,
68546,BIO_R_&_L_DO,2.0,1361,BALLYDINE,4.656350000000001,,,,1,
46503,DUBLIN_WASTE,3.3,6371,WHITEBANK,0.6204000000000001,,,,1,
46511,DUBLIN_WASTE,11.0,6371,WHITEBANK,0.0894,,,,1,
22404,DALLOW,38.0,2241,DALLOW,0.389,,,,1,
22412,SKEHANAG,20.0,2241,DALLOW,2.7889999999999997,,,,1,
22422,CARRIG,20.0,2241,DALLOW,2.7889999999999997,,,,1,
22432,LEABEG,20.0,2241,DALLOW,1.873,,,,1,
22442,MEENWAUN,20.0,2241,DALLOW,1.189,,,,1,
22452,MEENWAUN,20.0,2241,DALLOW,1.3728,,,,1,
22471,W_CARRIG,0.69,2241,DALLOW,4.652,,,,1,
22472,W_SKEHANAG,0.69,2241,DALLOW,3.907,,,,1,
22473,W_LEABEG,0.69,2241,DALLOW,2.9910000000000005,,,,1,
22474,W_MEENWAUN,0.69,2241,DALLOW,1.8528,,,,1,
52722,CAPPAGH WHIT,20.0,5274,CAUTEEN,0.5604,,,,1,
52724,CAUTEEN,38.0,5274,CAUTEEN,0.338,,,,1,
52764,CAPPAG WHIT,38.0,5274,CAUTEEN,0.40640000000000004,,,,1,
52771,W_CAPPAGH_WH,0.69,5274,CAUTEEN,0.6527000000000001,,,,1,
17073,HY_CATHG3,10.5,1701,CATH_FALL,0.322,,,,1,
33801,KINNEGAD,6.0,3381,KINNEGAD,0.84,,,,1,
10401,BS_AGHADA,10.0,1041,AGHADA,0.64,,,,1,
36202,LISHEEN,20.0,36210,LISHEEN,0.21,,,,1,
36271,W_LISH-1,0.69,36210,LISHEEN,0.41100000000000003,,,,1,
36272,W_LISH-1A,0.65,36210,LISHEEN,0.511,,,,1,
32502,REAMORE,20.0,3251,REAMORE,0.5946,,,,1,
32508,W_KNOCKNAGOU,0.69,3251,REAMORE,0.7116,,,,1,
32554,REAMORE,38.0,3251,REAMORE,0.355,,,,1,
32564,KNOCKNAGOUM,38.0,3251,REAMORE,0.3626,,,,1,
21702,KNOCKALOUGH,20.0,2171,KNOCKALOUGH,0.33,,,,1,
21791,W_KNOCKALOUG,0.69,2171,KNOCKALOUGH,0.53,,,,1,
14401,BANDON,10.0,1441,BANDON,0.496,,,,1,
76532,DONE3N,33.0,76511,DONE1C,0.2403,76512,DONE1B,0.3658,2,1.5222638368705783
76533,DONE3BS,33.0,76511,DONE1C,0.24130000000000001,76512,DONE1B,0.3668,2,1.5200994612515542
23692,W_KNOCKALASS,0.69,23610,SLIEVECALLAN,0.49,,,,1,
23694,SLIEVECALLAN,20.0,23610,SLIEVECALLAN,0.3,,,,1,
50004,SOMERSET,38.0,5001,SOMERSET,0.4,,,,1,
50012,SOMERSET 20,20.0,5001,SOMERSET,2.3004,,,,1,
50014,SONNAGHOLD,38.0,5001,SOMERSET,1.1004,,,,1,
50022,SOMERSET,20.0,5001,SOMERSET,1.7604000000000002,,,,1,
50032,LISBEG,20.0,5001,SOMERSET,2.0886,,,,1,
50071,W_SONNAGH,0.69,5001,SOMERSET,2.9213999999999998,,,,1,
27712,GARROW,20.0,2771,GARROW,1.1,,,,1,
27722,GARROW,20.0,2771,GARROW,1.3276000000000001,,,,1,
27772,W_CAHERDOWNE,0.4,2771,GARROW,1.9226,,,,1,
27773,W_CLYDAGHROE,0.4,2771,GARROW,2.5176,,,,1,
84430,LSMR3-,33.0,84412,LSMR1B,0.2533,84411,LSMR1A,0.254,2,1.002763521515989
84490,RENEW_LS,33.0,84412,LSMR1B,0.2534,84411,LSMR1A,0.2541,2,1.0027624309392265
84491,WIND_CUR,33.0,84412,LSMR1B,0.5034000000000001,84411,LSMR1A,0.5041,2,1.0013905442987683
75516,GEN_COOL,15.8,75520,COOLKEER,0.05187,,,,1,
39423,MNYPT,10.5,star:3940-3941-39423-1,star point,0.0075,,,,1,
27421,GISL,10.5,star:2742-2741-27421-1,star point,0.007499999999999993,,,,1,
37602,MACE IBM,20.0,3761,MACETOWN,0.5,,,,1,
18701,COLLEGE PARK,10.0,1871,COLLEGE PARK,0.945,,,,1,
27002,COUNTRY CRES,20.0,2701,GLASMORE,1.2890000000000001,,,,1,
27004,GLASMORE,38.0,2701,GLASMORE,0.355,,,,1,
27071,W_COUNTRY_CR,0.4,2701,GLASMORE,7.9,,,,1,
68566,KEELINGS_CHP,38.0,2701,GLASMORE,0.35509999999999997,,,,1,
25621,FING1,10.5,star:2562-2561-25621-1,star point,0.0075,,,,1,
51422,TARB,10.5,star:5142-51410-51422-2,star point,0.007500000000000003,,,,1,
35002,SKRINE,20.0,3501,LANESBORO_A1,1.334,,,,1,
35004,LANESBORO,38.0,3501,LANESBORO_A1,0.4,,,,1,
35071,W_SKRINE,0.4,3501,LANESBORO_A1,2.524,,,,1,
32504,REAMORE,38.0,3251,REAMORE,0.355,,,,1,
32514,REAMORE38B,38.0,3251,REAMORE,0.36669999999999997,,,,1,
32524,MUINGATLAUNL,38.0,3251,REAMORE,0.4835,,,,1,
32532,MUINGNAMINNA,20.0,3251,REAMORE,1.03253,,,,1,
32542,REAMORE,20.0,3251,REAMORE,0.5075,,,,1,
32576,W_MUINGNAMIN,0.4,3251,REAMORE,1.50453,,,,1,
32577,W_MUINGNAMIN,0.4,3251,REAMORE,2.53253,,,,1,
34602,KILPADDOGE20,20.0,3461,KILPADDOGE,1.1,,,,1,
68165,W_KILPADDOGE,20.0,3461,KILPADDOGE,1.2339,,,,1,
22021,DUNS,17.5,star:2204-2202-22021-1,star point,0.007500000000000003,,,,1,
82007,KIL_OCGT7,19.0,82020,KILR2-,0.02583,,,,1,
38422,MAYN,10.5,star:3852-3841-38422-2,star point,0.0075,,,,1,
28202,CORNEEN,20.0,2821,GORTAWEE,2.7889999999999997,,,,1,
28204,GORTAWEE,38.0,2821,GORTAWEE,0.389,,,,1,
28271,W_CORNEEN,0.69,2821,GORTAWEE,4.648000000000001,,,,1,
28282,TULLYHAW,20.0,2821,GORTAWEE,1.589,,,,1,
47812,MOUNTAIN LOD,20.0,4781,RATRUSSAN,0.286,,,,1,
47872,W_MOUNTAIN_L,0.69,4781,RATRUSSAN,0.479,,,,1,
26704,GARVAGH,38.0,2671,GARVAGH,0.33,,,,1,
26732,W_DERRYSALLA,20.0,2671,GARVAGH,1.1300000000000001,,,,1,
14802,BEALLOUGH,20.0,1481,BUTLERSTOWN,2.896,,,,1,
14804,BUTLERSTOWN,38.0,1481,BUTLERSTOWN,0.496,,,,1,
14871,W_BEALLOUG,0.4,1481,BUTLERSTOWN,4.086,,,,1,
10602,ARIGNA,20.0,1061,ARIGNA,0.7,,,,1,
10671,W_CORRIEM,0.69,1061,ARIGNA,1.742,,,,1,
10672,W_KILRONAN,0.69,1061,ARIGNA,1.533,,,,1,
10673,W_SPIONKO,0.69,1061,ARIGNA,4.867,,,,1,
10674,W_SELTANAV,0.4,1061,ARIGNA,1.89,,,,1,
53801,GARYSPILLANE,10.0,5381,TIPPERARY,1.3860000000000001,,,,1,
53802,SLIEVEREAGH,20.0,5381,TIPPERARY,2.386,,,,1,
53804,TIPPERARY,38.0,5381,TIPPERARY,0.386,,,,1,
53871,W_SLIEVERA,0.4,5381,TIPPERARY,3.576,,,,1,
46214,RYEBROOK,10.0,4621,RYEBROOK,0.4,,,,1,
44703,PBEGG_FLEX,10.5,4472,POOLBEG SOUT,0.1,,,,1,
38903,CARRIGDANGAN,33.0,3891,CARRIGDANGAN,0.139,,,,1,
67044,W_CARRIGDANG,0.69,3891,CARRIGDANGAN,0.20900000000000002,,,,1,
15102,CLOGHBOOLA,20.0,1511,CLOGHBOOLA,0.229,,,,1,
15112,W_GLANRUDDER,20.0,1511,CLOGHBOOLA,0.2753,,,,1,
15122,DROMADABEG,20.0,1511,CLOGHBOOLA,0.2728,,,,1,
15132,CLOGHANALESK,20.0,1511,CLOGHBOOLA,0.5371,,,,1,
15142,GLANRUDDERY,20.0,1511,CLOGHBOOLA,0.2753,,,,1,
15162,GLANTAUNYALK,20.0,1511,CLOGHBOOLA,0.2671,,,,1,
15172,W_CLOGHANALE,0.69,1511,CLOGHBOOLA,1.2591,,,,1,
15174,W_GLANRUDDER,0.69,1511,CLOGHBOOLA,0.6363,,,,1,
15175,W_GLANTAUNYA,0.69,1511,CLOGHBOOLA,0.28450000000000003,,,,1,
82003,GEN_KILR,11.5,82020,KILR2-,0.30727,,,,1,
82004,GEN_KILR,11.5,82020,KILR2-,0.30364,,,,1,
star:82020-82003-82004-1,star point,,82020,KILR2-,0.01827500000000004,,,,1,
85530,MAKL3- C,33.0,85510,MAKL1-CL,0.2502,,,,1,
85590,RENEW_MA,33.0,85510,MAKL1-CL,0.25029999999999997,,,,1,
85591,WIND_CHU,33.0,85510,MAKL1-CL,0.2653,,,,1,
85592,WIND_CRI,33.0,85510,MAKL1-CL,0.37029999999999996,,,,1,
85593,WIND_THO,33.0,85510,MAKL1-CL,0.7373,,,,1,
88030,RATH3-,33.0,88012,RATH1B,0.2402,88011,RATH1A,0.2549,2,1.0611990008326395
53204,THORNSBERRY,38.0,5321,THORNSBERRY,0.305,,,,1,
53211,SRAH,10.0,5321,THORNSBERRY,1.1808,,,,1,
53214,SRAH,38.0,5321,THORNSBERRY,0.3808,,,,1,
53221,LEHINCH,38.0,5321,THORNSBERRY,0.485,,,,1,
70507,BAFDG7,11.0,70510,BAFD1-,0.2,,,,1,
89330,SPRN3-,33.0,89311,SPRN1A,0.247,89312,SPRN1B,0.2471,2,1.000404858299595
49902,SORNE HILL 1,20.0,4991,SORNE HILL,0.328,,,,1,
49971,W_SORNE_HILL,0.4,4991,SORNE HILL,0.485,,,,1,
49973,W_SORNE_HILL,0.4,4991,SORNE HILL,1.121,,,,1,
75508,COOLG8,11.0,75510,COOL1-,0.2,,,,1,
82002,KILRG2-,17.0,82020,KILR2-,0.0488,,,,1,
82012,KILR_AU2,11.0,82020,KILR2-,0.40167,,,,1,
62002,COOMATAGGART,20.0,6201,COOMATAGGART,1.00383,,,,1,
62004,COOMATAGGART,38.0,6201,COOMATAGGART,0.338,,,,1,
62014,COOMATAGGART,38.0,6201,COOMATAGGART,0.4393,,,,1,
68290,CLEANRAT_PH1,38.0,6201,COOMATAGGART,0.6525000000000001,,,,1,
68296,CLEANRATH,20.0,6201,COOMATAGGART,0.95,,,,1,
68297,W_CLEANRATH,0.69,6201,COOMATAGGART,1.1,,,,1,
53613,BEAM HILL,20.0,5361,TRILLICK,1.2444000000000002,,,,1,
53614,TRILLICK38B,38.0,5361,TRILLICK,0.338,,,,1,
53624,BEAMHILL,38.0,5361,TRILLICK,0.4444,,,,1,
53673,W_BEAMHIL,0.69,5361,TRILLICK,1.6014000000000002,,,,1,
68284,W_BEAMHILL_P,38.0,5361,TRILLICK,0.4445,,,,1,
49421,SHBG,10.5,star:4943-4941-49421-1,star point,0.007499999999999993,,,,1,
52071,TURLG1,10.5,5202,TURLOUGH HIL,0.17730000000000004,,,,1,
52072,TURLG2,10.5,5202,TURLOUGH HIL,0.1769,,,,1,
star:5202-52071-52072-1,star point,,5202,TURLOUGH HIL,0.010000000000000009,,,,1,
19302,CUNGHILL,20.0,1931,CUNGHILL,0.3809,,,,1,
19312,CUNGHILL,20.0,1931,CUNGHILL,0.8613,,,,1,
19317,CUNG_SCOM,2.0,1931,CUNGHILL,1.6874,,,,1,
19318,CUNG_SCOM,20.0,1931,CUNGHILL,0.8613999999999999,,,,1,
19322,CUNGHILL,20.0,1931,CUNGHILL,0.8613,,,,1,
19371,W_KINGSMOUNT,0.66,1931,CUNGHILL,1.0673,,,,1,
19372,W_KINGSMOUNT,0.69,1931,CUNGHILL,1.2913000000000001,,,,1,
40902,MULREAVY,20.0,4091,MULREAVY,0.1249,,,,1,
40971,W_MULREAVY,0.69,4091,MULREAVY,0.21289999999999998,,,,1,
12302,BALLYWATER,20.0,1231,BALLYWATER,0.252,,,,1,
12371,W_BALLYWATER,0.4,1231,BALLYWATER,0.41500000000000004,,,,1,
12372,W_BALLYWATER,0.4,1231,BALLYWATER,0.769,,,,1,
50604,STRATFORD,38.0,5061,STRATFORD,0.386,,,,1,
68272,W_CORDAL_PH2,33.0,1311,CORDAL,0.09,,,,1,
54801,WHITEGATE,10.75,5481,WHITEGATE,1.0,,,,1,
10273,HY_ARDNG3,10.5,1021,ARDNACRUSHA,0.3171,,,,1,
47221,RAFF,10.5,star:4722-4721-47221-1,star point,0.0075,,,,1,
26802,GILRA,20.0,2681,GILRA,0.35,,,,1,
52903,TULLABEG,33.0,5291,TULLABEG,0.05,,,,1,
52971,PV_TULLABEG,0.69,5291,TULLABEG,0.08,,,,1,
88530,ROSE3-,33.0,88512,ROSE1B,0.2533,88511,ROSE1A,0.2576,2,1.016975917883932
88539,ROSE_BIO,33.0,88512,ROSE1B,0.2534,88511,ROSE1A,0.2577,2,1.016969218626677
34904,LISLEA,33.0,3491,LISLEA,0.1,,,,1,
34971,W_LISLEA,0.69,3491,LISLEA,0.16,,,,1,
39473,MNYPG3,17.0,3944,MONEYPOINT,0.052,,,,1,
28601,GRANGE CASTL,10.0,2861,GRANGE CASTL,1.0,,,,1,
28602,GRANGE CASTL,10.0,2861,GRANGE CASTL,1.0001,,,,1,
50276,PBEGG6,15.75,5222,SHELLYBANKSB,0.051,,,,1,
20021,CULLENAGH,10.5,star:2002-2001-20021-1,star point,0.0075,,,,1,
10472,AGH_G11,10.5,1052,AGHADA_B,0.1227,,,,1,
28604,GRANGE CASTL,38.0,2861,GRANGE CASTL,0.355,,,,1,
86530,NEWY3-,33.0,86512,NEWY1B,0.2419,86511,NEWY1A,0.2427,2,1.003307151715585
86590,RENEW_NE,33.0,86512,NEWY1B,0.242,86511,NEWY1A,0.2428,2,1.0033057851239668
39402,MNYPT,17.5,star:3934-3942-39402-1,star point,0.007499999999999998,,,,1,
38423,MAYN,10.5,star:3842-3851-38423-3,star point,0.007500000000000007,,,,1,
19702,COOMAGEARLAH,20.0,1971,COOMAGEARLAH,0.238,,,,1,
19771,W_COOMAGEARL,1.0,1971,COOMAGEARLAH,0.44399999999999995,,,,1,
19712,COOMAGEARLAH,20.0,1971,COOMAGEARLAH,0.238,,,,1,
19772,W_COOMAGEARL,0.69,1971,COOMAGEARLAH,0.797,,,,1,
19773,W_COOMAGE_PH,0.66,1971,COOMAGEARLAH,0.396,,,,1,
51804,TRABEG,38.0,5181,TRABEG,0.386,,,,1,
31202,SW BESS,20.0,3122,IRISHTOWN,0.285,,,,1,
31272,BS_SOUTHWALL,0.4,3122,IRISHTOWN,0.40499999999999997,,,,1,
35236,LOU_AT1,10.5,star:3522-35231-35236-1,star point,0.0075,,,,1,
28611,GRANGE CASTL,10.0,2861,GRANGE CASTL,1.1,,,,1,
22302,DERRYBRIEN,20.0,2231,DERRYBRIEN,0.28,,,,1,
22371,W_DERRYBRIEN,0.69,2231,DERRYBRIEN,0.375,,,,1,
77230,DRUMQUIN,33.0,77210,DRUMQUIN,0.2461,,,,1,
77291,WIND_CAST,33.0,77210,DRUMQUIN,0.5831000000000001,,,,1,
77292,WIND_CORN,33.0,77210,DRUMQUIN,0.2731,,,,1,
77294,WIND_SLIEVEG,33.0,77210,DRUMQUIN,0.2515,,,,1,
35223,LOUT,10.5,star:3522-3521-35223-3,star point,0.007500000000000007,,,,1,
11402,CONNAUGHT RE,20.0,1141,ATHLONE,1.82,,,,1,
11404,ATHLONE,38.0,1141,ATHLONE,0.336,,,,1,
11414,MOATE,38.0,1141,ATHLONE,0.49150000000000005,,,,1,
68534,CONNAUGHT_RE,20.0,1141,ATHLONE,1.8201,,,,1,
70515,BAFD_GC,18.0,70520,BAFD2-,0.0712,,,,1,
52700,W_GARRACUMME,0.66,5271,CAUTEEN,0.8363,,,,1,
52702,GARRACUMMER,20.0,5271,CAUTEEN,0.7193,,,,1,
52705,CAUTEEN,38.0,5271,CAUTEEN,0.49760000000000004,,,,1,
52712,HOLYFORD,20.0,5271,CAUTEEN,1.4316000000000002,,,,1,
52714,CAUTEEN,38.0,5271,CAUTEEN,0.338,,,,1,
52742,CAPPAG WHIT,20.0,5271,CAUTEEN,0.8344,,,,1,
52744,CAPPAGH WHIT,38.0,5271,CAUTEEN,0.5014000000000001,,,,1,
52752,CAUTEEN,20.0,5271,CAUTEEN,2.338,,,,1,
52778,W_HOLYFORD,0.69,5271,CAUTEEN,2.0196,,,,1,
68410,W_CAPPAGHW_P,0.69,5271,CAUTEEN,1.2394,,,,1,
70513,BAFD_GA,15.0,70520,BAFD2-,0.08157,,,,1,
20421,CORDUFF,10.5,star:2042-2041-20421-1,star point,0.007500000000000003,,,,1,
27302,GLANLEE,20.0,2731,GLANLEE,0.464,,,,1,
27361,GAE_SCOM,20.0,2731,GLANLEE,0.4641,,,,1,
27371,W_GLANLEE,0.69,2731,GLANLEE,0.793,,,,1,
27372,W_GLANLEE,1.0,2731,GLANLEE,0.98,,,,1,
73530,GARVAGH NI,33.0,73510,GARVAGH NI,0.2461,,,,1,
25625,FING5,10.5,star:2563-2571-25625-5,star point,0.0075,,,,1,
76531,DONE3AS,33.0,76513,DONE1D,0.3607,76514,DONE1A,0.3658,2,1.0141391738286665
12101,BALLYVOUSKIL,33.4,1211,BALLYVOUSKIL,0.09,,,,1,
28002,GOLAGH,22.0,2801,GOLAGH,0.6176,,,,1,
28071,W_BS_GOLAGH,0.69,2801,GOLAGH,0.9506000000000001,,,,1,
20903,SEECON,33.0,2111,UGGOOL,0.1249,,,,1,
67058,W_SEECON_PH1,0.69,2111,UGGOOL,0.1739,,,,1,
35602,LISDRINDOAGH,20.0,35611,LISDRUMDOAGH,0.035,,,,1,
35671,BS_LISDRINDO,0.4,35611,LISDRUMDOAGH,0.07500000000000001,,,,1,
15402,BANOGE,20.0,1541,BANOGE,1.1,,,,1,
15472,BS_GOREY BAT,0.69,1541,BANOGE,1.106,,,,1,
15473,PV_GOREY PV,0.69,1541,BANOGE,1.1600000000000001,,,,1,
53071,THURLES STAT,11.5,5301,THURLES,0.268,,,,1,
50275,PBEGG5,11.0,5122,SHELLYBANKS,0.0588,,,,1,
15221,BRACETOWN,20.0,15220,BRACETOWN,0.24,,,,1,
10801,AHANE,10.0,1081,AHANE,0.4,,,,1,
42001,ATHGARVAN,10.0,4201,NEWBRIDGE,1.4,,,,1,
42004,BIO_NEWBRIDG,38.0,4201,NEWBRIDGE,0.4,,,,1,
42011,MORRISTOWN,10.0,4201,NEWBRIDGE,0.8385,,,,1,
42014,MORRISTOWN,38.0,4201,NEWBRIDGE,0.4385,,,,1,
42021,POLLARDSTOWN,10.0,4201,NEWBRIDGE,1.3635000000000002,,,,1,
83530,LIMA3-,33.0,83510,LIMA1-,0.2764,,,,1,
83531,DNGV3-,33.0,83510,LIMA1-,0.6350899999999999,,,,1,
83590,RENEW_LI,33.0,83510,LIMA1-,0.27649999999999997,,,,1,
83591,WIND_ALT,33.0,83510,LIMA1-,0.5832999999999999,,,,1,
83592,WIND_ALT,33.0,83510,LIMA1-,0.8960699999999999,,,,1,
18501,CHERRYWOOD,10.0,1851,CHERRYWOOD,1.0,,,,1,
33321,BALLYNAHULLA,10.5,star:3332-3331-33321-1,star point,0.0075,,,,1,
70514,BAFD_GB,15.0,70520,BAFD2-,0.08157,,,,1,
13303,BLUNDELSTOWN,33.0,1331,BLUNDELSTOWN,0.11,,,,1,
13371,PV_BLUNDELST,0.8,1331,BLUNDELSTOWN,0.21000000000000002,,,,1,
70562,BAFD6Q,22.0,star:70510-70520-70562-1,star point,0.1349,,,,1,
22022,DUNSTOWN,17.5,star:2204-2202-22022-2,star point,0.007499999999999998,,,,1,
39421,MONEY2,17.5,star:3954-3942-39421-2,star point,0.0075,,,,1,
44001,POPPINTREE,10.0,4401,POPPINTREE,1.1,,,,1,
44011,POPPINTREE,10.0,4401,POPPINTREE,1.694,,,,1,
44071,BIO_HUNTSTOW,0.4,4401,POPPINTREE,4.082,,,,1,
44072,BIO_HUNTSTOW,0.4,4401,POPPINTREE,4.082,,,,1,
16022,CLASHAVO,10.5,star:1602-1601-16022-1,star point,0.007500000000000007,,,,1,
82001,KILRG1-,17.0,82020,KILR2-,0.0488,,,,1,
82011,KILR_AU1,11.0,82020,KILR2-,0.39608,,,,1,
24002,MOUNTLUCAS,20.0,2401,MOUNT LUCAS,0.222,,,,1,
67066,W_MOUNTLUC_P,0.69,2401,MOUNT LUCAS,0.2823,,,,1,
15801,CABRA,10.0,1581,CABRA,0.614,,,,1,
11201,ARKLOW,10.0,1121,ARKLOW,1.1,,,,1,
90062,TAND6Q,22.0,star:90011-90020-90062-1,star point,0.1388,,,,1,
36502,BARNAKYLE,20.0,3651,BARNAKYLE,0.2,,,,1,
36503,BARNAKYLE,20.0,3651,BARNAKYLE,0.2001,,,,1,
75830,CREA3,33.0,75810,CREAGH,0.2508,,,,1,
47002,CLEGGILL,20.0,4701,RICHMOND,0.5833,,,,1,
47004,RICHMOND,38.0,4701,RICHMOND,0.4,,,,1,
47014,LONGFORD,38.0,4701,RICHMOND,0.5233,,,,1,
47024,EDGEWORTHSTO,38.0,4701,RICHMOND,0.6466000000000001,,,,1,
47034,LISNAGEERAGH,38.0,4701,RICHMOND,0.6636,,,,1,
33502,KELLYSTOWN,20.0,3352,KELLYSTOWN,0.1,,,,1,
90061,TAND6P,22.0,star:90011-90020-90061-1,star point,0.1388,,,,1,
52476,TAW_PEAK,10.5,5241,TAWNAGHMORE,0.444,,,,1,
54624,WOODLAND,17.5,star:5464-5462-54624-4,star point,0.0075,,,,1,
39471,MNYPG1,17.0,3934,MNYPG1,0.0509,,,,1,
27702,GARROW,20.0,2771,GARROW,0.1569,,,,1,
27703,COOMACHE,20.0,2771,GARROW,0.2179,,,,1,
27771,W_COOMACHEO,0.69,2771,GARROW,0.3459,,,,1,
27774,W_COOMACHEO_,0.69,2771,GARROW,0.44489999999999996,,,,1,
34722,CASTLEBAGOT,10.5,star:3472-3471-34722-2,star point,0.0075,,,,1,
27805,GALWAY,38.0,2781,GALWAY,0.2824,,,,1,
31927,DUMMY,10.5,star:3192-31911-31927-2,star point,0.0075,,,,1,
23682,W_BOOLONARUD,0.69,23610,SLIEVECALLAN,0.28400000000000003,,,,1,
23684,SLIEVECALLAN,20.0,23610,SLIEVECALLAN,0.166,,,,1,
16901,CENTRAL PARK,10.0,1691,CENTRAL PARK,1.1,,,,1,
32201,KILBARRY,10.0,3221,KILBARRY,0.5,,,,1,
18404,CRANE,38.0,1841,CRANE,0.4,,,,1,
18412,CRANE,20.0,1841,CRANE,1.334,,,,1,
18471,W_GREENOGE,0.69,1841,CRANE,2.296,,,,1,
18472,W_KILBRANISH,0.66,1841,CRANE,3.3930000000000002,,,,1,
18474,BS_AVONBEG B,0.69,1841,CRANE,0.41000000000000003,,,,1,
18476,PV_MACALLIAN,0.69,1841,CRANE,0.406,,,,1,
14304,BALLYRAGGET,38.0,1431,BALLYRAGGET,0.4,,,,1,
32424,PORTERSTOWN,33.0,3241,KILTEEL,0.192,,,,1,
32472,BS_PORTERSTO,0.4,3241,KILTEEL,0.212,,,,1,
39472,MNYPG2-P,17.0,3954,MNYPG2,0.052,,,,1,
19601,CASTLEVIEW,10.0,1961,CASTLEVIEW,0.654,,,,1,
19602,BIO_HOFFMAN,10.0,1961,CASTLEVIEW,0.6541,,,,1,
17421,CMIN1,10.5,star:1742-1741-17421-1,star point,0.0075,,,,1,
15,I_M,38.0,3871,MILLTOWN,0.222,3081,INCH_CITY,0.27769,2,1.2508558558558558
43903,PHILIPSTOWN,33.0,4391,PHILIPSTOWN,0.2,,,,1,
43971,W_BS_PHILIPS,0.69,4391,PHILIPSTOWN,0.26,,,,1,
69182,BALLYMAKAILY,11.5,2861,GRANGE CASTL,0.0906,,,,1,
69183,BALLYMAKAILY,11.5,2861,GRANGE CASTL,0.0907,,,,1,
52073,TURLG3,10.5,5202,TURLOUGH HIL,0.17730000000000004,,,,1,
52074,TURLG4,10.5,5202,TURLOUGH HIL,0.1769,,,,1,
star:5202-52073-52074-2,star point,,5202,TURLOUGH HIL,0.010000000000000009,,,,1,
27604,GRANGE,38.0,2761,GRANGE,0.317,,,,1,
33902,KNOCKACUM,20.0,3391,KNOCKACUMMER,0.14,,,,1,
33971,W_KNOCKACU,0.66,3391,KNOCKACUMMER,0.199,,,,1,
14204,BLACKROCK,38.0,1421,BLACKROCK,0.355,,,,1,
68298,ELM_PARK_DEV,38.0,1421,BLACKROCK,0.356,,,,1,
68300,ELM_PARK_DEV,38.0,1421,BLACKROCK,0.356,,,,1,
49602,CARRICKALLEN,20.0,4961,SHANKILL,0.8386,,,,1,
49604,SHANKILL,38.0,4961,SHANKILL,0.35,,,,1,
49605,W_HY_SHANKIL,38.0,4961,SHANKILL,0.35009999999999997,,,,1,
49608,W_CARRICKALL,0.69,4961,SHANKILL,1.0566,,,,1,
49613,MOUNTAIN,20.0,4961,SHANKILL,2.75,,,,1,
49614,CARRICKALLEN,38.0,4961,SHANKILL,0.5216,,,,1,
49672,W_MOUNTAIN,0.69,4961,SHANKILL,4.609,,,,1,
49683,DRUMMAN,20.0,4961,SHANKILL,1.35,,,,1,
74562,CAST6Q,22.0,star:74511-74520-74562-1,star point,0.1388,,,,1,
17074,HY_CATHG4,10.5,17010,CATH FALL,0.3222,,,,1,
38421,MAYN,10.5,star:3852-3841-38421-1,star point,0.007499999999999993,,,,1,
35604,LISDRUM,38.0,3561,LISDRUM,0.4,,,,1,
68144,COOLBERRIN,38.0,3561,LISDRUM,0.8312,,,,1,
12702,BALTRASNA,20.0,1271,BALTRASNA,1.1,,,,1,
12712,BALTRASNA,20.0,1271,BALTRASNA,1.3888,,,,1,
12771,PV_BALTRASNA,0.4,1271,BALTRASNA,1.4488,,,,1,
20701,CRUISERATH,20.0,2072,CRUISERATH,0.0985,,,,1,
90031,BS_TAND_BES,33.0,90011,TAND1A,0.3076,,,,1,
14052,OWENINNEY PH,33.0,14013,SRAHNAKILLY,0.132,,,,1,
67026,W_OWENINEY_P,0.69,14013,SRAHNAKILLY,0.202,,,,1,
12122,BVSK D2,10.5,star:1212-12111-12122-2,star point,0.0075,,,,1,
10604,ARIGNA,38.0,1061,ARIGNA,0.338,,,,1,
35903,LENALEA,33.0,3591,LENALEA,0.1,,,,1,
35971,W_LENALEA,0.69,3591,LENALEA,0.16,,,,1,
10471,BS_AGHADA,20.0,1042,AGHADA,0.047,,,,1,
35703,CLOGHAN,33.0,3571,DERRYCARNEY,0.0525,,,,1,
35772,W_CLOGHAN,0.69,3571,DERRYCARNEY,0.1592,,,,1,
66095,W_SLIABH_BAW,20.0,66094,SLIABH BAWN,0.2,,,,1,
50574,SEAL_ROCK,11.5,5051,SEAL ROCK,0.122,,,,1,
46513,DUBLIN WASTE,3.3,4651,RINGSEND,0.531,,,,1,
10901,ADAMSTOWN,10.0,1091,ADAMSTOWN,1.1,,,,1,
10902,ADAMSTOWN,10.0,1091,ADAMSTOWN,1.1001,,,,1,
72530,BNCH3-,33.0,72512,BNCH1B,0.2413,72511,BNCH1A,0.2419,2,1.002486531288852
72590,BS_RENEW_BN,33.0,72512,BNCH1B,0.24139999999999998,72511,BNCH1A,0.242,2,1.0024855012427507
36413,CROY,20.0,3641,LODGEWOOD,0.31,,,,1,
27204,GRIFFINRATH,38.0,2721,GRIFFINRATH,0.355,27281,GRIFFINRATH,0.355,2,1.0
27205,HY_GRIFFINR,38.0,2721,GRIFFINRATH,0.35509999999999997,27281,GRIFFINRATH,0.35509999999999997,2,1.0
27214,LEIXLIP,38.0,2721,GRIFFINRATH,0.6439999999999999,27281,GRIFFINRATH,0.6439999999999999,2,1.0
27224,CONFEY,38.0,2721,GRIFFINRATH,0.6509,27281,GRIFFINRATH,0.6509,2,1.0
12,BEDFORD ROW,38.0,2541,FRN ST A,0.30919,4651,RINGSEND,0.32364,2,1.0467350173032761
25404,FRANCIS ST,38.0,2541,FRN ST A,0.30124,4651,RINGSEND,0.33159,2,1.1007502323728589
46504,RINGSEND,38.0,4651,RINGSEND,0.30661,2541,FRN ST A,0.32622,2,1.0639574704021395
70508,BAFDG8,11.0,70510,BAFD1-,0.2,,,,1,
62005,COOMATAGGART,33.0,6201,COOMATAGGART,0.08666,,,,1,
67034,W_GROUSEMOUN,0.66,6201,COOMATAGGART,0.1733267,,,,1,
45101,POTTERY ROAD,10.0,4511,POTTERY ROAD,1.1,,,,1,
33421,KELLIS,10.5,star:3342-3341-33421-1,star point,0.007499999999999993,,,,1,
75515,GEN_COOL,15.8,75510,COOL1-,0.07574,,,,1,
42101,NORTH QUAYS,10.0,4211,NORTH QUAYS,1.1,,,,1,
46224,RYEBROOK,10.0,4621,RYEBROOK,0.4,,,,1,
31922,DUMMY,10.5,star:3192-3191-31922-1,star point,0.0075,,,,1,
49403,SHANNONBRIDG,33.0,4942,SHANNONBRIDG,0.12,,,,1,
49471,BS_SHANNONBR,0.4,4942,SHANNONBRIDG,0.18,,,,1,
40761,MEENTYCAT,20.0,4071,MEENTYCAT,0.24,,,,1,
40771,W_MEENTYCAT,0.69,4071,MEENTYCAT,0.33999999999999997,,,,1,
40772,W_MEENTYCAT,0.69,4071,MEENTYCAT,0.496,,,,1,
40773,W_MEENTYCAT,0.69,4071,MEENTYCAT,0.5700000000000001,,,,1,
40001,MULLINGAR,10.0,4001,MULLINGAR,1.1,,,,1,
20401,CORDUFF_FLEX,10.5,2041,CORDUFF,0.1,,,,1,
25222,FLAG2,10.5,star:2522-2521-25222-2,star point,0.007499999999999993,,,,1,
36802,AUNGIERSTOWN,20.0,3681,AUNGIERSTOWN,0.187,,,,1,
16422,CASHLA,10.5,star:1642-1641-16422-2,star point,0.0075,,,,1,
30804,INCHICORE,38.0,3091,INCH_COUNTRY,0.355,,,,1,
19504,CARROWBEG,38.0,1951,CARROWBEG,0.4,,,,1,
80030,FINY3-,33.0,80011,FINY1A,0.2533,80012,FINY1B,0.2549,2,1.0063166206079748
35224,LOUT,10.5,star:3522-35211-35224-4,star point,0.0075,,,,1,
14721,BELCAMP,10.5,star:1472-1471-14721-1,star point,0.0075,,,,1,
90530,WARN3-,33.0,90511,WARN1A,0.2481,90512,WARN1B,0.2488,2,1.0028214429665459
90540,PV_LHIL,33.0,90511,WARN1A,0.24819999999999998,90512,WARN1B,0.24889999999999998,2,1.0028203062046737
50573,SEAL_ROCK,11.5,5071,SEAL ROCK,0.122,,,,1,
75630,AUGT,33.0,75610,AUGHT,0.335,,,,1,
35303,LYSAGHTSTOWN,33.0,3531,LYSAGHTSTOWN,0.12,,,,1,
35371,PV_LYSAGHTST,0.4,3531,LYSAGHTSTOWN,0.18,,,,1,
51103,SNUGBOROUGH,33.0,5111,SNUGBOROUGH,0.273,,,,1,
30826,INCH4,10.5,star:30820-3091-30826-3,star point,0.0075,,,,1,
27804,GALWAY,38.0,2781,GALWAY,0.2824,,,,1,
81063,HANA_IBT,22.0,star:81011-81020-81063-1,star point,0.13495,,,,1,
71530,BANB3-,33.0,71511,BANB1A,0.4133,71512,BANB1B,0.415,2,1.0041132349383015
71590,BS_RENEW_BA,33.0,71511,BANB1A,0.4134,71512,BANB1B,0.41509999999999997,2,1.0041122399612965
42471,TEG_NWALL_1-,10.5,4242,NORTH WALL,0.10500000000000001,,,,1,
42472,TEG_NWALL_4-,10.5,4242,NORTH WALL,0.08769999999999999,,,,1,
star:4242-42471-42472-1,star point,,4242,NORTH WALL,0.0025000000000000022,,,,1,
76032,CREG3B,33.0,82511,KNCK1A,0.2761,82512,KNCK1B,0.2761,2,1.0
82530,KNCK3A,33.0,82511,KNCK1A,0.2461,82512,KNCK1B,0.2461,2,1.0
12121,BALLYVOUSKIL,10.5,star:1212-1211-12121-1,star point,0.0075,,,,1,
81562,KELS6Q,22.0,star:81510-81520-81562-1,star point,0.064,,,,1,
22671,DERRYIRON_G1,10.5,22610,DERRYIRON,0.2727,,,,1,
34621,KILPADDOGE D,10.5,star:3462-3461-34621-1,star point,0.0075,,,,1,
11222,ARKL,10.5,star:1122-1121-11222-2,star point,0.007499999999999993,,,,1,
78530,EDEN3-,33.0,78511,EDEN1A,0.2733,78512,EDEN1B,0.2738,2,1.0018294914013903
78590,RENEW_ED,33.0,78511,EDEN1A,0.2734,78512,EDEN1B,0.2739,2,1.0018288222384784
74730,CENT3-,33.0,74712,CENT1B,0.2419,74711,CENT1A,0.2422,2,1.0012401818933443
11303,BS_TOBERTORE,33.0,11310,TOBERTOREEN,0.35,,,,1,
11372,W_TOBERTOREE,0.69,11310,TOBERTOREEN,0.6359999999999999,,,,1,
10473,AGH_G12,10.5,1052,AGHADA_B,0.123,,,,1,
32823,KLON,10.5,star:3282-3281-32823-3,star point,0.0075,,,,1,
77030,DRUM3-,33.0,77010,DRUM1-,0.2423,,,,1,
77090,RENEW_DR,33.0,77010,DRUM1-,0.24239999999999998,,,,1,
81531,BS_KELLS_BS,33.0,81510,KELS1-,0.3076,,,,1,
36201,LISHEEN,10.0,3621,LISHEEN,0.9997,,,,1,
34724,CASTLEBAGOT,10.5,star:3472-3471-34724-4,star point,0.0075,,,,1,
47802,RATRUSSAN,20.0,4781,RATRUSSAN,0.1333,,,,1,
47871,W_RATRUSSAN,0.69,4781,RATRUSSAN,0.2363,,,,1,
47873,W_MOUNTAIN_L,0.69,4781,RATRUSSAN,1.0633000000000001,,,,1,
27422,GISL,10.5,star:2742-2741-27422-2,star point,0.007499999999999993,,,,1,
30824,INCH3,10.5,star:3082-3091-30824-4,star point,0.0075,,,,1,
28402,GORMAN ESS,20.0,28411,GORMAN ESS,0.07,,,,1,
28471,BS_GORMAN BE,0.6,28411,GORMAN ESS,0.15000000000000002,,,,1,
75561,COOL6P,22.0,star:75510-75520-75561-1,star point,0.1352,,,,1,
53302,YELLOWMEADOW,20.0,5331,YELLOWMEADOW,0.09,,,,1,
44901,PELLETSTOWN,10.0,4491,PELLETSTOWN,1.1,,,,1,
51301,TANEY,10.0,5131,TANEY,1.0,,,,1,
15602,COOLDERRIG,20.0,1561,COOLDERRIG,0.2,,,,1,
54513,BS_ROSSPILE,33.0,5451,ROSSPILE,0.183,,,,1,
15204,MOANVANE,33.0,1521,BOGTOWN,0.1,,,,1,
15271,W_MOANVANE,0.69,1521,BOGTOWN,0.16,,,,1,
20913,BUFFY,33.0,20900,BUFFY,0.086,,,,1,
67062,W_BUFFY,0.69,20900,BUFFY,0.141,,,,1,
10470,AGH_CCGT,21.0,10422,LONGPOINT,0.0354,,,,1,
40204,MALLOW,38.0,4021,MALLOW,0.4,,,,1,
10421,AGHADA,10.5,star:1072-1041-10421-2,star point,0.007499999999999993,,,,1,
74563,CAST6R,22.0,star:74512-74520-74563-1,star point,0.1656,,,,1,
25622,FING2,10.5,star:2562-2571-25622-2,star point,0.0075,,,,1,
46210,RYEBROOK,10.0,4621,RYEBROOK,0.4,,,,1,
13802,BARNAHELY,20.0,1381,BARNAHELY,0.614,,,,1,
13872,W_BARNAHELY,0.69,1381,BARNAHELY,0.714,,,,1,
21302,DROMADA,20.0,2131,DROMADA,0.3,,,,1,
21371,W_DROMADA,0.69,2131,DROMADA,0.473,,,,1,
40801,MONREAD,10.0,4081,MONREAD,0.5,,,,1,
50901,SINGLAND,10.0,5091,SINGLAND,1.1,,,,1,
51801,TRABEG,10.0,5181,TRABEG,0.614,,,,1,
37501,MISERY HILL,10.0,3751,MISERY HILL,1.1,,,,1,
15202,CLONEE,20.0,1522,CLONEE,0.24,,,,1,
41002,NEWBURY,20.0,4101,NEWBURY,0.495,,,,1,
34721,CASTLEBAGOT,10.5,star:3472-3471-34721-1,star point,0.0075,,,,1,
70516,BAFD_GD,15.0,70510,BAFD1-,0.13259,,,,1,
28201,GORTAWEE,11.0,2821,GORTAWEE,1.041,,,,1,
10205,ARDNACRUSHA,38.0,1021,ARDNACRUSHA,0.35,,,,1,
13501,BARODA,10.0,1351,BARODA,0.149,,,,1,
17404,CARRICKMINES,38.0,1741,CARRICKMINES,0.355,,,,1,
30803,KYLEMORE BES,33.0,3081,INCH_CITY,0.1,,,,1,
30871,BS_KYLEMORE,0.6,3081,INCH_CITY,0.22,,,,1,
47402,RINAWADE,20.0,4741,RINAWADE,0.496,,,,1,
14102,AIRTON,20.0,1411,AIRTON,0.229,,,,1,
29501,HEUSTON SQUA,10.0,2951,HEUSTON SQUA,1.0,,,,1,
11,FMN LOOP,38.0,3781,MCDERMOTT,0.29198,2561,FIN_URBAN,0.29818,2,1.0212343311185696
42404,NORTH_WALL,38.0,3781,MCDERMOTT,0.295895,2561,FIN_URBAN,0.302095,2,1.0209533787323206
34001,KILLOTERAN,10.0,3401,KILLOTERAN,1.0,,,,1,
16202,COOLROE,20.0,1621,COOLROE,0.496,,,,1,
43602,KNOCKANEDEN,20.0,4361,OUGHTRAGH,1.334,,,,1,
43604,HY_OUGHTRAGH,38.0,4361,OUGHTRAGH,0.4,,,,1,
43671,W_KNOCKANEDE,0.4,4361,OUGHTRAGH,2.1270000000000002,,,,1,
10274,HY_ARDNG4,10.5,1021,ARDNACRUSHA,0.3245,,,,1,
17424,CMIN4,10.5,star:1742-17411-17424-4,star point,0.0075,,,,1,
41102,BANCROFT,20.0,4111,BANCROFT,0.3055,,,,1,
52301,TRINITY,10.0,5231,TRINITY,1.0,,,,1,
44623,PBEG,10.5,star:4472-4461-44623-3,star point,0.0075,,,,1,
43821,OLDSTREET,17.5,star:4384-4382-43821-1,star point,0.007499999999999998,,,,1,
46902,OLDBRIDGE,20.0,4691,OLDBRIDGE,0.2,,,,1,
33323,BALLYNAHULLA,10.5,star:3332-3331-33323-3,star point,0.0075,,,,1,
34622,KILPADDOGE D,10.5,star:3462-3461-34622-2,star point,0.0075,,,,1,
38424,MAYN,10.5,star:3842-3851-38424-4,star point,0.0075,,,,1,
18504,CHERRYWOOD,38.0,1851,CHERRYWOOD,0.4,,,,1,
32021,KRAH,10.5,star:3202-3201-32021-1,star point,0.007500000000000007,,,,1,
38701,MILLTOWN,10.0,3871,MILLTOWN,1.0,,,,1,
81530,PV_KELL_WIND,33.0,81510,KELS1-,0.2461,,,,1,
74514,BS_CAST-BES,33.0,74511,CAST1A,0.2292,,,,1,
47601,RINGASKIDDY,10.0,4761,RINGASKIDDY,0.84,,,,1,
12001,ARTANE,10.0,1201,ARTANE,0.5,,,,1,
14,F_I,38.0,3081,INCH_CITY,0.27769,2551,FRN ST B,0.30124,2,1.0848067989484678
71032,BAME3R,33.0,71012,BAME1B,0.2867,71011,BAME1A,0.2893,2,1.0090687129403557
43401,OLDCOURT,6.0,4341,OLDCOURT,0.4,4351,OLDCOURT,0.4,2,1.0
35404,LIMERICK,38.0,3541,LIMERICK,0.3365,,,,1,
29401,HAROLDS CROS,10.0,2941,HAROLDS CROS,0.496,,,,1,
24804,FASSAROE,38.0,2481,FASS EAST,0.355,2491,FASS WEST,0.355,2,1.0
21103,UGGOOL,33.0,2111,UGGOOL,0.125,,,,1,
68092,W_UGGOOL_PH1,0.69,2111,UGGOOL,0.2059,,,,1,
82006,KIL_OCGT6,19.0,82020,KILR2-,0.02583,,,,1,
18001,COOKSTOWN,10.0,1801,COOKSTOWN,1.1,,,,1,
32821,KLON,10.5,star:3282-3281-32821-1,star point,0.0075000000000000205,,,,1,
25901,FORTUNESTOWN,10.0,2591,FORTUNESTOWN,1.1,,,,1,
14002,BELLACORICK,20.0,1401,BELLACORICK,1.041,,,,1,
14073,W_BELLACORIC,0.69,1401,BELLACORICK,1.698,,,,1,
70561,BAFD6P,22.0,star:70510-70520-70561-1,star point,0.1388,,,,1,
28421,GORMAN,10.5,star:2842-2841-28421-1,star point,0.0075,,,,1,
73501,WIND_BRO,33.0,73500,BROCK1,0.16,,,,1,
17423,CMIN3,10.5,star:1742-17411-17423-3,star point,0.0075,,,,1,
11221,ARKL,10.5,star:1122-1121-11221-1,star point,0.007499999999999993,,,,1,
52477,TAW_PEAK,10.5,5251,TAWN_B,0.352,,,,1,
33201,KNOCKUMBER,6.6,3321,KNOCKUMBER,0.614,,,,1,
22672,DERRYIRON_G2,10.5,22610,DERRYIRON,0.2727,,,,1,
25624,FING4,10.5,star:2563-2561-25624-4,star point,0.0075,,,,1,
49001,SHELTON ABBE,6.0,4901,SHELTON ABBE,0.4,,,,1,
10474,AGH_G14,10.5,1062,AGH_AT14,0.124,,,,1,
32824,KLON,10.5,star:3282-32810-32824-4,star point,0.007499999999999993,,,,1,
54623,WOODLAND,17.5,star:5464-54622-54623-2,star point,0.007499999999999998,,,,1,
32022,KRAH,10.5,star:3203-3209-32022-2,star point,0.0075,,,,1,
20424,CORDUFF,10.5,star:2042-20416-20424-4,star point,0.0075,,,,1,
35238,LOU_AT3,10.5,star:3522-35231-35238-3,star point,0.0075,,,,1,
29673,BS_HUNTSTOWN,20.0,2972,HUNTSTOWN 2,0.03326,,,,1,
33422,KELLIS,10.5,star:3342-3341-33422-2,star point,0.007499999999999993,,,,1,
17422,CMIN2,10.5,star:1742-1741-17422-2,star point,0.0075,,,,1,
13812,BARNAHELY,20.0,13810,BARNAHELYB,1.1,,,,1,
18004,COOKSTOWN,38.0,18010,COOKSTOWN A,0.355,,,,1,
81061,HANA6P,22.0,star:81010-81020-81061-1,star point,0.06149999999999999,,,,1,
44702,PBEGG_BESS,20.0,4472,POOLBEG SOUT,0.1,,,,1,
44772,BS_PBEGG_BES,0.6,4472,POOLBEG SOUT,0.22,,,,1,
15001,BRINNY,10.0,1501,BRINNY,1.041,15010,BRINNY,1.041,2,1.0
39801,MUNGRET,6.0,3981,MUNGRET A,0.4,3991,MUNGRET B,0.4,2,1.0
10,F_M,38.0,3781,MCDERMOTT,0.29198,2561,FIN_URBAN,0.29818,2,1.0212343311185696
17671,HY_CLIFG1,10.5,1761,CLIFF,0.66,,,,1,
49501,SALTHILL,10.0,4951,SALTHILL,0.4,,,,1,
35103,LICKNY,33.0,3511,LICKNY,0.12,,,,1,
35171,W_LICKNY,0.69,3511,LICKNY,0.18,,,,1,
16614,CBAR T142 HO,38.0,1661,CASTLEBAR,0.4,,,,1,
12201,ATHY,10.0,1221,ATHY,1.1,,,,1,
12211,ATHY,10.0,1221,ATHY,1.2750000000000001,,,,1,
27474,GI CCGT,21.0,2742,GREAT ISLAND,0.02857,,,,1,
31273,RINGSEND FLE,10.5,3122,IRISHTOWN,0.1356,,,,1,
23601,ENNIS,10.0,2361,ENNIS,1.1,,,,1,
26903,GARBALLAGH,33.0,2691,GARBALLAGH,0.12,,,,1,
26971,PV_GILLINSTO,0.69,2691,GARBALLAGH,0.18,,,,1,
20201,CITY WEST,10.0,2021,CITY WEST,0.5,,,,1,
51101,SNUGBOROUGH,10.0,5111,SNUGBOROUGH,0.496,,,,1,
54621,WOOD,17.5,star:5464-5462-54621-1,star point,0.0075,,,,1,
19204,COW_CROSS,38.0,1921,COW CROSS,0.3979,,,,1,
17204,CAHIR,38.0,1721,CAHIR,0.3323,,,,1,
17672,HY_CLIFG2,10.5,1761,CLIFF,0.66,,,,1,
35237,LOU_AT2,10.5,star:3522-35232-35237-2,star point,0.0075,,,,1,
90063,TANDRAGEE,22.0,star:90012-90020-90063-1,star point,0.1351,,,,1,
25221,FLAG1,10.5,star:2522-2521-25221-1,star point,0.007499999999999993,,,,1,
81561,KELS6P,22.0,star:81510-81520-81561-1,star point,0.06169999999999999,,,,1,
13804,BARNAHELY,38.0,1381,BARNAHELY,0.4,,,,1,
50274,PBEGG4,11.0,5022,SHELLYBANKS,0.0588,,,,1,
45001,PLATIN,15.0,4501,PLATIN,0.792,,,,1,
74561,CAST6P,22.0,star:74511-74520-74561-1,star point,0.1523,,,,1,
16021,CLASH,10.5,star:1602-16011-16021-1,star point,0.007500000000000007,,,,1,
90362,TAMNAMORE,22.0,star:90310-90320-90362-1,star point,0.15775,,,,1,
30671,HY_INISG1,10.5,3061,INISCARRA,0.36529,,,,1,
47222,RAFF,10.5,star:4722-47210-47222-2,star point,0.0075,,,,1,
46501,RINGSEND,10.0,4651,RINGSEND,0.4,,,,1,
30821,INCH1,10.5,star:30820-3081-30821-1,star point,0.007500000000000003,,,,1,
35222,LOUT,10.5,star:3522-35211-35222-2,star point,0.007500000000000007,,,,1,
44624,PBEG,10.5,star:4472-4471-44624-4,star point,0.007499999999999996,,,,1,
