name,kind,bus0,bus1,v_nom,s_nom,length
11-42404-1,line,11,42404,38.0,100.0,1.0
12-25404-1,line,12,25404,38.0,9999.0,1.4
12-25404-3,line,12,25404,38.0,9999.0,1.52
12-46504-1,line,12,46504,38.0,9999.0,5.14
12-46504-2,line,12,46504,38.0,9999.0,3.96
10901-10902-1,line,10901,10902,10.0,9999.0,0.0
11204-11224-1,line,11204,11224,38.0,44.1,13.0
11204-11234-1,line,11204,11234,38.0,10.2,6.0
11234-11244-1,line,11234,11244,38.0,44.1,23.5
11234-11254-1,line,11234,11254,38.0,10.2,12.3
11402-68534-1,line,11402,68534,20.0,999.0,0.0
11404-11414-1,line,11404,11414,38.0,44.1,20.45
12201-12211-1,line,12201,12211,10.0,9999.0,1.75
12504-12534-1,line,12504,12534,38.0,33.6,6.11
12512-12522-1,line,12512,12522,20.0,14.27,2.75
12514-12524-1,line,12514,12524,38.0,33.6,3.31
12522-12532-1,line,12522,12532,20.0,14.27,2.55
12582-12592-1,line,12582,12592,20.0,120.0,2.1
12702-12712-1,line,12702,12712,20.0,14.27,3.3
12804-12814-1,line,12804,12814,38.0,44.1,18.0
12804-22254-1,line,12804,22254,38.0,19.7,10.5
13001-13011-1,line,13001,13011,10.0,9999.0,0.0
13011-13023-1,line,13011,13023,10.0,9999.0,0.0
13114-13124-1,line,13114,13124,38.0,33.6,0.4
13114-13134-1,line,13114,13134,38.0,44.1,9.7
13204-13271-1,line,13204,13271,38.0,30.2,0.0
13404-13424-1,line,13404,13424,38.0,33.6,13.7
13404-13434-1,line,13404,13434,38.0,33.6,7.4
13404-13494-1,line,13404,13494,38.0,999.0,0.0
13404-17044-1,line,13404,17044,38.0,10.0,0.0
13422-68269-1,line,13422,68269,20.0,18.1,9.2
13424-13484-1,line,13424,13484,38.0,25.3,3.3
13434-13464-1,line,13434,13464,38.0,33.6,6.2
13444-13454-1,line,13444,13454,38.0,51.0,4.3
13444-13494-1,line,13444,13494,38.0,44.1,4.0
14001-14006-1,line,14001,14006,10.0,7.1,5.2
14004-14024-1,line,14004,14024,38.0,33.6,12.3
14014-14054-1,line,14014,14054,38.0,19.7,5.8
14014-14064-1,line,14014,14064,38.0,51.0,4.9
14024-14034-1,line,14024,14034,38.0,19.7,16.6
14064-14074-1,line,14064,14074,38.0,38.0,7.2
14204-68298-1,line,14204,68298,38.0,9999.0,0.0
14204-68300-1,line,14204,68300,38.0,9999.0,0.0
14402-14412-1,line,14402,14412,20.0,13.2,9.1
14404-14405-1,line,14404,14405,38.0,10.2,0.0
14404-14414-1,line,14404,14414,38.0,10.2,15.3
14604-14605-1,line,14604,14605,38.0,38.0,0.0
14604-14614-1,line,14604,14614,38.0,38.0,13.7
15102-15112-1,line,15102,15112,20.0,28.4,3.7
15102-15122-1,line,15102,15122,20.0,14.27,0.5
15102-15142-1,line,15102,15142,20.0,28.4,3.7
15102-15162-1,line,15102,15162,20.0,18.1,1.45
15122-15132-1,line,15122,15132,20.0,14.27,8.55
15502-15512-1,line,15502,15512,20.0,999.0,0.0
15504-15514-1,line,15504,15514,38.0,10.2,8.0
15504-15534-1,line,15504,15534,38.0,44.1,3.7
15702-68260-1,line,15702,68260,20.0,14.27,3.5
16302-16362-1,line,16302,16362,20.0,14.27,7.0
16302-16366-1,line,16302,16366,20.0,14.27,11.9
16312-16354-1,line,16312,16354,20.0,14.27,11.0
16312-16367-1,line,16312,16367,20.0,14.27,5.6
16312-16384-1,line,16312,16384,20.0,18.1,7.1
16312-16394-1,line,16312,16394,20.0,18.1,7.1
16351-16361-1,line,16351,16361,20.0,14.27,2.5
16351-16366-1,line,16351,16366,20.0,14.27,0.75
16354-16364-1,line,16354,16364,20.0,14.27,0.25
16354-16365-1,line,16354,16365,20.0,14.27,0.25
17004-69197-1,line,17004,69197,38.0,44.1,6.4
18312-18322-1,line,18312,18322,20.0,18.1,3.55
18604-18614-1,line,18604,18614,38.0,16.4,14.69
18604-18624-1,line,18604,18624,38.0,25.3,31.3
18604-18634-1,line,18604,18634,38.0,16.4,20.02
18802-68115-1,line,18802,68115,20.0,18.1,0.48
18802-68123-1,line,18802,68123,20.0,18.1,7.0
18804-18834-1,line,18804,18834,38.0,33.6,12.1
18812-18832-1,line,18812,18832,20.0,14.27,9.8
18812-68303-1,line,18812,68303,20.0,14.27,8.2
18814-18824-1,line,18814,18824,38.0,44.1,10.47
18824-67031-1,line,18824,67031,38.0,44.1,5.2
18824-68224-1,line,18824,68224,38.0,25.3,1.76
19002-19072-1,line,19002,19072,20.0,18.1,14.6
19004-19014-1,line,19004,19014,38.0,10.2,8.3
19302-19312-1,line,19302,19312,20.0,18.1,18.3
19302-19322-1,line,19302,19322,20.0,18.1,18.3
19318-19322-1,line,19318,19322,20.0,999.0,0.0
19601-19602-1,line,19601,19602,10.0,9999.0,0.0
21004-21014-1,line,21004,21014,38.0,10.2,23.8
21004-21024-1,line,21004,21024,38.0,10.2,13.4
21004-21034-1,line,21004,21034,38.0,44.1,25.0
21014-21024-1,line,21014,21024,38.0,33.6,7.2
21034-68404-1,line,21034,68404,38.0,15.8,7.18
21212-21222-1,line,21212,21222,20.0,14.27,0.9
21404-21414-1,line,21404,21414,38.0,51.0,2.3
21412-21422-1,line,21412,21422,20.0,14.27,10.0
21601-21611-1,line,21601,21611,10.0,999.0,0.0
21604-21614-1,line,21604,21614,38.0,10.2,9.1
21604-21634-1,line,21604,21634,38.0,51.0,4.7
21612-21622-1,line,21612,21622,20.0,14.27,1.6
21614-21624-1,line,21614,21624,38.0,44.1,6.5
21801-21811-1,line,21801,21811,10.0,999.0,0.0
21802-21812-1,line,21802,21812,20.0,11.0,4.5
21804-21814-1,line,21804,21814,38.0,44.1,3.01
21804-21824-1,line,21804,21824,38.0,12.4,11.2
21804-21834-1,line,21804,21834,38.0,38.0,2.5
21804-21864-1,line,21804,21864,38.0,38.1,13.2
21814-21854-1,line,21814,21854,38.0,44.1,4.86
21821-21831-1,line,21821,21831,10.0,7.1,0.52
21822-21842-1,line,21822,21842,20.0,14.27,9.5
21822-68313-1,line,21822,68313,20.0,14.27,6.7
21834-21844-1,line,21834,21844,38.0,38.1,6.0
22201-22221-1,line,22201,22221,10.0,7.1,5.0
22204-22208-1,line,22204,22208,38.0,999.0,0.0
22204-22244-1,line,22204,22244,38.0,19.7,0.0
22204-22264-1,line,22204,22264,38.0,17.1,10.3
22208-22284-1,line,22208,22284,38.0,44.1,12.0
22224-22234-1,line,22224,22234,38.0,15.8,17.9
22231-68125-1,line,22231,68125,10.0,8.0,13.5
22232-22252-1,line,22232,22252,20.0,14.27,12.0
22234-22244-1,line,22234,22244,38.0,19.7,16.2
22271-22282-1,line,22271,22282,20.0,14.27,9.0
22442-22452-1,line,22442,22452,20.0,18.1,7.0
22814-22824-1,line,22814,22824,38.0,44.1,10.4
23002-23012-1,line,23002,23012,20.0,18.1,2.5
23604-23614-1,line,23604,23614,38.0,44.1,3.0
23611-23621-1,line,23611,23621,10.0,9999.0,0.0
25604-25605-1,line,25604,25605,38.0,19.7,0.0
25604-25614-1,line,25604,25614,38.0,19.7,10.5
26700-26702-1,line,26700,26702,20.0,999.0,0.0
26702-26709-1,line,26702,26709,20.0,999.0,0.0
26702-26710-1,line,26702,26710,20.0,999.0,0.0
26702-26712-1,line,26702,26712,20.0,999.0,0.0
26703-26712-1,line,26703,26712,20.0,999.0,0.0
26705-26712-1,line,26705,26712,20.0,999.0,0.0
26705-26722-1,line,26705,26722,20.0,999.0,0.0
27004-68566-1,line,27004,68566,38.0,999.0,0.0
27204-27205-1,line,27204,27205,38.0,25.3,0.0
27204-27214-1,line,27204,27214,38.0,25.3,10.89
27214-27224-1,line,27214,27224,38.0,44.1,0.9
27302-27361-1,line,27302,27361,20.0,31.5,0.0
27404-27414-1,line,27404,27414,38.0,33.6,8.2
27404-27424-1,line,27404,27424,38.0,25.3,9.0
27432-27442-1,line,27432,27442,20.0,14.27,1.3
27702-27703-1,line,27702,27703,20.0,9999.0,0.0
27712-27722-1,line,27712,27722,20.0,14.27,2.6
28601-28602-1,line,28601,28602,10.0,9999.0,0.0
28814-28834-1,line,28814,28834,38.0,44.1,14.0
28824-28834-1,line,28824,28834,38.0,44.1,16.0
31004-31014-1,line,31004,31014,38.0,10.2,6.15
31004-31024-1,line,31004,31024,38.0,33.6,4.1
32404-32405-1,line,32404,32405,38.0,9999.0,0.0
32504-32514-1,line,32504,32514,38.0,44.1,1.53
32504-32524-1,line,32504,32524,38.0,44.1,16.9
32554-32564-1,line,32554,32564,38.0,44.1,1.0
32604-32605-1,line,32604,32605,38.0,9999.0,0.0
33004-33014-1,line,33004,33014,38.0,51.0,20.43
33014-33024-1,line,33014,33024,38.0,25.3,8.4
33014-68564-1,line,33014,68564,38.0,76.3,0.0
33024-33034-1,line,33024,33034,38.0,25.3,10.88
34602-68165-1,line,34602,68165,20.0,18.1,5.1
34803-34813-1,line,34803,34813,33.0,44.1,14.0
35604-68144-1,line,35604,68144,38.0,33.6,18.2
35804-35814-1,line,35804,35814,38.0,33.6,28.1
36204-36214-1,line,36204,36214,38.0,38.0,1.6
36402-36412-1,line,36402,36412,20.0,28.4,10.5
36402-36422-1,line,36402,36422,20.0,28.4,13.8
36402-36432-1,line,36402,36432,20.0,18.1,12.0
36402-36442-1,line,36402,36442,20.0,18.1,5.7
36432-36452-1,line,36432,36452,20.0,14.27,1.7
36432-36462-1,line,36432,36462,20.0,18.1,0.8
36442-36482-1,line,36442,36482,20.0,18.1,0.6
36442-36492-1,line,36442,36492,20.0,18.1,4.65
36502-36503-1,line,36502,36503,20.0,9999.0,0.0
38203-38204-1,line,38203,38204,38.0,25.3,4.4
38204-38214-1,line,38204,38214,38.0,38.0,11.1
38204-38224-1,line,38204,38224,38.0,33.6,3.8
38211-38242-1,line,38211,38242,20.0,14.27,5.15
38214-38264-1,line,38214,38264,38.0,10.2,10.0
38224-38234-1,line,38224,38234,38.0,999.0,0.0
38224-38254-1,line,38224,38254,38.0,10.2,23.8
38233-38234-1,line,38233,38234,38.0,25.3,4.9
38234-38244-1,line,38234,38244,38.0,16.4,12.9
38264-38284-1,line,38264,38284,38.0,25.3,6.7
40004-40014-1,line,40004,40014,38.0,44.1,5.3
40912-40922-1,line,40912,40922,20.0,14.27,0.77
40922-40932-1,line,40922,40932,20.0,14.27,2.64
42004-42014-1,line,42004,42014,38.0,44.1,1.83
42011-42021-1,line,42011,42021,10.0,7.1,1.5
42204-42214-1,line,42204,42214,38.0,25.3,20.0
42204-42224-1,line,42204,42224,38.0,29.2,5.1
42224-42234-1,line,42224,42234,38.0,38.1,7.1
42234-42244-1,line,42234,42244,38.0,25.3,6.0
42244-68554-1,line,42244,68554,38.0,25.3,1.0
43704-43714-1,line,43704,43714,38.0,44.1,1.0
43704-43724-1,line,43704,43724,38.0,38.0,4.85
43742-43752-1,line,43742,43752,20.0,14.27,9.5
44001-44011-1,line,44001,44011,10.0,11.6,0.0
44804-44805-1,line,44804,44805,38.0,84.6,0.0
44804-44814-1,line,44804,44814,38.0,33.6,2.6
44804-44834-1,line,44804,44834,38.0,51.0,20.0
44811-44821-1,line,44811,44821,10.0,10.0,1.1
44812-68285-1,line,44812,68285,20.0,14.27,5.5
46804-46814-1,line,46804,46814,38.0,16.4,13.13
46804-46834-1,line,46804,46834,38.0,38.0,9.0
46804-46854-1,line,46804,46854,38.0,25.3,8.49
46804-68547-1,line,46804,68547,38.0,79.7,0.0
46814-46824-1,line,46814,46824,38.0,25.3,10.2
46834-46844-1,line,46834,46844,38.0,19.7,2.4
47004-47014-1,line,47004,47014,38.0,51.0,5.0
47014-47024-1,line,47014,47024,38.0,51.0,5.0
47024-47034-1,line,47024,47034,38.0,33.6,0.7
49504-49514-1,line,49504,49514,38.0,44.1,9.3
49604-49605-1,line,49604,49605,38.0,33.6,0.0
49604-49614-1,line,49604,49614,38.0,33.6,8.89
49802-49832-1,line,49802,49832,20.0,14.27,2.5
49804-49814-1,line,49804,49814,38.0,15.8,26.2
49812-49832-1,line,49812,49832,20.0,14.27,6.4
49832-49842-1,line,49832,49842,20.0,14.27,4.1
49912-49932-1,line,49912,49932,20.0,14.27,7.2
49912-49942-1,line,49912,49942,20.0,14.27,1.65
49912-49952-1,line,49912,49952,20.0,14.27,7.6
49952-49962-1,line,49952,49962,20.0,14.27,1.0
49952-49982-1,line,49952,49982,20.0,11.0,0.79
49977-49978-1,line,49977,49978,0.69,999.0,0.0
49977-49979-1,line,49977,49979,0.69,999.0,0.0
50004-50014-1,line,50004,50014,38.0,19.7,25.8
50022-50032-1,line,50022,50032,20.0,18.1,12.5
52201-52211-1,line,52201,52211,10.0,9999.0,0.0
52204-52214-1,line,52204,52214,38.0,44.1,0.81
52204-52224-1,line,52204,52224,38.0,10.2,3.2
52224-52234-1,line,52224,52234,38.0,10.2,12.7
52404-52414-1,line,52404,52414,38.0,44.1,0.4
52604-52654-1,line,52604,52654,38.0,51.0,1.5
52604-52694-1,line,52604,52694,38.0,25.3,9.6
52605-52615-1,line,52605,52615,38.0,15.8,2.5
52605-52694-1,line,52605,52694,38.0,25.3,7.25
52614-52624-1,line,52614,52624,38.0,44.1,19.0
52624-52634-1,line,52624,52634,38.0,44.1,4.0
52624-52644-1,line,52624,52644,38.0,44.1,4.0
52625-52674-1,line,52625,52674,38.0,33.6,3.1
52654-52664-1,line,52654,52664,38.0,25.3,18.5
52664-52674-1,line,52664,52674,38.0,33.6,4.2
52694-68233-2,line,52694,68233,38.0,33.6,15.2
52704-52784-1,line,52704,52784,38.0,38.0,11.5
52704-52794-1,line,52704,52794,38.0,44.1,21.0
52705-52714-1,line,52705,52714,38.0,44.1,21.0
52714-52744-1,line,52714,52744,38.0,44.1,21.5
52724-52764-1,line,52724,52764,38.0,44.1,9.0
53002-53012-1,line,53002,53012,20.0,14.27,3.2
53002-53022-1,line,53002,53022,20.0,14.27,2.6
53004-53014-1,line,53004,53014,38.0,10.2,13.3
53004-53024-1,line,53004,53024,38.0,44.1,29.53
53024-53034-1,line,53024,53034,38.0,38.0,0.0
53042-53062-1,line,53042,53062,20.0,14.27,5.2
53052-53072-1,line,53052,53072,20.0,14.27,2.0
53204-53214-1,line,53204,53214,38.0,30.2,3.69
53204-53221-1,line,53204,53221,38.0,10.0,1.8
53404-53414-1,line,53404,53414,38.0,44.1,0.18
53411-53431-1,line,53411,53431,10.0,7.1,4.5
53421-53431-1,line,53421,53431,10.0,11.6,0.18
53604-68195-1,line,53604,68195,38.0,9999.0,0.0
53614-53624-1,line,53614,53624,38.0,44.1,14.0
53624-68284-1,line,53624,68284,38.0,44.1,0.0
54401-54431-1,line,54401,54431,10.0,7.1,1.2
54402-54425-1,line,54402,54425,20.0,14.27,6.9
54404-54414-1,line,54404,54414,38.0,19.7,5.4
54404-54424-1,line,54404,54424,38.0,19.7,8.8
54412-54422-1,line,54412,54422,20.0,14.27,6.9
54422-54426-1,line,54422,54426,20.0,14.27,12.5
55004-55024-1,line,55004,55024,38.0,51.0,10.0
55042-55052-1,line,55042,55052,20.0,18.1,0.8
62004-62014-1,line,62004,62014,38.0,44.1,4.8
62014-68290-1,line,62014,68290,38.0,25.3,8.1
68313-68314-1,line,68313,68314,20.0,14.27,0.0
69182-69183-1,line,69182,69183,11.5,999.0,0.0
70030-70031-1,line,70030,70031,33.0,30.0,0.0
70030-70031-2,line,70030,70031,33.0,30.0,0.0
70030-70032-1,line,70030,70032,33.0,30.0,0.0
70030-70032-2,line,70030,70032,33.0,30.0,0.0
70030-70090-1,line,70030,70090,33.0,120.0,0.0
70032-70033-1,line,70032,70033,33.0,120.0,0.0
70032-79080-1,line,70032,79080,33.0,30.0,0.0
70032-79081-1,line,70032,79081,33.0,30.0,0.0
70080-70090-1,line,70080,70090,33.0,9999.0,0.0
70080-70091-1,line,70080,70091,33.0,9999.0,0.0
70090-70093-1,line,70090,70093,33.0,9999.0,0.0
70090-70094-1,line,70090,70094,33.0,9999.0,0.0
70090-70095-1,line,70090,70095,33.0,9999.0,0.0
70330-70390-1,line,70330,70390,33.0,9999.0,0.0
70390-70394-1,line,70390,70394,33.0,9999.0,0.0
71031-71090-1,line,71031,71090,33.0,356.0,0.0
71033-71034-1,line,71033,71034,33.0,9999.0,0.0
71033-71090-1,line,71033,71090,33.0,9999.0,0.0
71034-71035-1,line,71034,71035,33.0,9999.0,0.0
71034-71080-1,line,71034,71080,33.0,9999.0,0.0
71035-71090-1,line,71035,71090,33.0,9999.0,0.0
71037-71090-1,line,71037,71090,33.0,178.0,0.0
71038-71090-1,line,71038,71090,33.0,178.0,0.0
71080-71091-1,line,71080,71091,33.0,9999.0,0.0
71090-71093-1,line,71090,71093,33.0,356.0,0.0
71530-71590-1,line,71530,71590,33.0,60.0,0.0
72530-72590-1,line,72530,72590,33.0,60.0,0.0
73031-73032-1,line,73031,73032,33.0,60.0,0.0
73031-78030-1,line,73031,78030,33.0,30.0,0.0
73031-89030-1,line,73031,89030,33.0,30.0,0.0
73032-78030-1,line,73032,78030,33.0,30.0,0.0
73032-89030-1,line,73032,89030,33.0,30.0,0.0
74030-74090-1,line,74030,74090,33.0,34.2,0.0
74030-80532-1,line,74030,80532,33.0,17.1,0.0
74030-80532-2,line,74030,80532,33.0,17.1,0.0
74090-74091-1,line,74090,74091,33.0,9999.0,0.0
75030-75090-1,line,75030,75090,33.0,9999.0,0.0
75031-75090-1,line,75031,75090,33.0,9999.0,0.0
75031-75090-2,line,75031,75090,33.0,9999.0,0.0
75031-75092-1,line,75031,75092,33.0,9999.0,0.0
75031-75093-1,line,75031,75093,33.0,9999.0,0.0
75032-75080-1,line,75032,75080,33.0,9999.0,0.0
75080-75090-1,line,75080,75090,33.0,9999.0,0.0
75080-75091-1,line,75080,75091,33.0,9999.0,0.0
75090-75094-1,line,75090,75094,33.0,9999.0,0.0
75090-75095-1,line,75090,75095,33.0,9999.0,0.0
75530-75590-1,line,75530,75590,33.0,9999.0,0.0
75590-75591-1,line,75590,75591,33.0,9999.0,0.0
76031-86030-1,line,76031,86030,33.0,46.0,0.0
76031-86030-2,line,76031,86030,33.0,46.0,0.0
76032-82530-1,line,76032,82530,33.0,30.0,0.0
76032-82530-2,line,76032,82530,33.0,30.0,0.0
76532-76533-1,line,76532,76533,33.0,34.2,0.0
76532-76533-2,line,76532,76533,33.0,34.2,0.0
77030-77090-1,line,77030,77090,33.0,9999.0,0.0
77230-77291-1,line,77230,77291,33.0,9999.0,0.0
77230-77292-1,line,77230,77292,33.0,9999.0,0.0
77230-77294-1,line,77230,77294,33.0,9999.0,0.0
77530-77590-1,line,77530,77590,33.0,9999.0,0.0
77531-77590-1,line,77531,77590,33.0,9999.0,0.0
77531-77590-2,line,77531,77590,33.0,9999.0,0.0
77531-77591-1,line,77531,77591,33.0,9999.0,0.0
78030-89030-1,line,78030,89030,33.0,28.0,0.0
78030-89030-2,line,78030,89030,33.0,31.3,0.0
78530-78590-1,line,78530,78590,33.0,9999.0,0.0
79030-79080-1,line,79030,79080,33.0,20.0,0.0
79030-79081-1,line,79030,79081,33.0,20.0,0.0
79030-79090-1,line,79030,79090,33.0,40.0,0.0
79031-79082-1,line,79031,79082,33.0,9999.0,0.0
79031-79090-1,line,79031,79090,33.0,9999.0,0.0
79031-79090-2,line,79031,79090,33.0,9999.0,0.0
79032-79082-1,line,79032,79082,33.0,9999.0,0.0
79082-79091-1,line,79082,79091,33.0,9999.0,0.0
79090-79094-1,line,79090,79094,33.0,9999.0,0.0
80531-80532-1,line,80531,80532,33.0,34.2,0.0
80532-80540-1,line,80532,80540,33.0,34.2,0.0
80700-80730-1,line,80700,80730,33.0,9999.0,0.0
80701-80730-1,line,80701,80730,33.0,9999.0,0.0
80702-80730-1,line,80702,80730,33.0,9999.0,0.0
80730-80790-1,line,80730,80790,33.0,9999.0,0.0
80730-80795-1,line,80730,80795,33.0,9999.0,0.0
80730-80797-1,line,80730,80797,33.0,9999.0,0.0
80730-80798-1,line,80730,80798,33.0,9999.0,0.0
81830-81831-1,line,81830,81831,33.0,9999.0,0.0
81830-81832-1,line,81830,81832,33.0,9999.0,0.0
83030-83090-1,line,83030,83090,33.0,9999.0,0.0
83031-83090-1,line,83031,83090,33.0,9999.0,0.0
83031-83090-2,line,83031,83090,33.0,9999.0,0.0
83031-83091-1,line,83031,83091,33.0,9999.0,0.0
83090-83092-1,line,83090,83092,33.0,9999.0,0.0
83530-83590-1,line,83530,83590,33.0,9999.0,0.0
83531-83590-1,line,83531,83590,33.0,9999.0,0.0
83531-83590-2,line,83531,83590,33.0,9999.0,0.0
83531-83592-1,line,83531,83592,33.0,9999.0,0.0
83590-83591-1,line,83590,83591,33.0,9999.0,0.0
84030-84090-1,line,84030,84090,33.0,218.0,0.0
84090-84095-1,line,84090,84095,33.0,9999.0,0.0
84090-84096-1,line,84090,84096,33.0,9999.0,0.0
84090-84097-1,line,84090,84097,33.0,9999.0,0.0
84430-84490-1,line,84430,84490,33.0,9999.0,0.0
84490-84491-1,line,84490,84491,33.0,9999.0,0.0
84530-84590-1,line,84530,84590,33.0,9999.0,0.0
85530-85590-1,line,85530,85590,33.0,9999.0,0.0
85590-85591-1,line,85590,85591,33.0,9999.0,0.0
85590-85592-1,line,85590,85592,33.0,9999.0,0.0
85590-85592-2,line,85590,85592,33.0,9999.0,0.0
85590-85593-1,line,85590,85593,33.0,9999.0,0.0
86330-86332-1,line,86330,86332,33.0,9999.0,0.0
86530-86590-1,line,86530,86590,33.0,9999.0,0.0
87530-87590-1,line,87530,87590,33.0,9999.0,0.0
87531-87584-1,line,87531,87584,33.0,9999.0,0.0
87532-87580-1,line,87532,87580,33.0,9999.0,0.0
87533-87582-1,line,87533,87582,33.0,9999.0,0.0
87534-87583-1,line,87534,87583,33.0,9999.0,0.0
87535-87581-1,line,87535,87581,33.0,9999.0,0.0
87535-87581-2,line,87535,87581,33.0,9999.0,0.0
87535-87590-1,line,87535,87590,33.0,9999.0,0.0
87535-87590-2,line,87535,87590,33.0,9999.0,0.0
87580-87590-1,line,87580,87590,33.0,9999.0,0.0
87580-87591-1,line,87580,87591,33.0,9999.0,0.0
87581-87593-1,line,87581,87593,33.0,9999.0,0.0
87582-87590-1,line,87582,87590,33.0,9999.0,0.0
87582-87594-1,line,87582,87594,33.0,9999.0,0.0
87583-87584-1,line,87583,87584,33.0,9999.0,0.0
87583-87590-1,line,87583,87590,33.0,9999.0,0.0
87584-87595-1,line,87584,87595,33.0,9999.0,0.0
87590-87592-1,line,87590,87592,33.0,9999.0,0.0
87590-87596-1,line,87590,87596,33.0,9999.0,0.0
87930-87991-1,line,87930,87991,33.0,105.0,0.0
87930-87992-1,line,87930,87992,33.0,9999.0,0.0
87930-87993-1,line,87930,87993,33.0,9999.0,0.0
87930-87994-1,line,87930,87994,33.0,9999.0,0.0
87930-87995-1,line,87930,87995,33.0,9999.0,0.0
88530-88539-2,line,88530,88539,33.0,211.0,0.0
89201-89202-1,line,89201,89202,20.0,100.0,0.0
89231-89232-1,line,89231,89232,33.0,33.2,0.0
89231-89232-2,line,89231,89232,33.0,33.2,0.0
89530-89590-1,line,89530,89590,33.0,9999.0,0.0
89531-89535-1,line,89531,89535,33.0,9999.0,0.0
89531-89582-1,line,89531,89582,33.0,9999.0,0.0
89531-89590-1,line,89531,89590,33.0,9999.0,0.0
89532-89582-1,line,89532,89582,33.0,9999.0,0.0
89533-89580-1,line,89533,89580,33.0,9999.0,0.0
89534-89581-1,line,89534,89581,33.0,9999.0,0.0
89535-89590-1,line,89535,89590,33.0,9999.0,0.0
89580-89581-1,line,89580,89581,33.0,9999.0,0.0
89580-89590-1,line,89580,89590,33.0,9999.0,0.0
89581-89591-1,line,89581,89591,33.0,9999.0,0.0
89582-89583-1,line,89582,89583,33.0,9999.0,0.0
89583-89592-1,line,89583,89592,33.0,9999.0,0.0
89583-89593-1,line,89583,89593,33.0,9999.0,0.0
90230-90231-1,line,90230,90231,33.0,9999.0,0.0
90230-90232-1,line,90230,90232,33.0,9999.0,0.0
90230-90233-1,line,90230,90233,33.0,9999.0,0.0
90230-90234-1,line,90230,90234,33.0,9999.0,0.0
90230-90235-1,line,90230,90235,33.0,9999.0,0.0
90230-90237-1,line,90230,90237,33.0,9999.0,0.0
90530-90540-1,line,90530,90540,33.0,9999.0,0.0
T2561-10-2,transformer,2561,10,110.0,9999.0,0.0
T3781-10-1,transformer,3781,10,110.0,9999.0,0.0
T2561-11-1,transformer,2561,11,110.0,9999.0,0.0
T3781-11-2,transformer,3781,11,110.0,9999.0,0.0
T3861-13-2,transformer,3861,13,110.0,9999.0,0.0
T4651-13-2,transformer,4651,13,110.0,9999.0,0.0
T2551-14-2,transformer,2551,14,110.0,9999.0,0.0
T3081-14-1,transformer,3081,14,110.0,9999.0,0.0
T3081-15-3,transformer,3081,15,110.0,9999.0,0.0
T3871-15-1,transformer,3871,15,110.0,9999.0,0.0
T1021-10204-1,transformer,1021,10204,110.0,9999.0,0.0
T1021-10205-2,transformer,1021,10205,110.0,9999.0,0.0
T1021-10271-1,transformer,1021,10271,110.0,9999.0,0.0
T1021-10272-2,transformer,1021,10272,110.0,9999.0,0.0
T1021-10273-3,transformer,1021,10273,110.0,9999.0,0.0
T1021-10274-4,transformer,1021,10274,110.0,9999.0,0.0
T1041-10401-1,transformer,1041,10401,110.0,9999.0,0.0
T1042-10471-1,transformer,1042,10471,220.0,9999.0,0.0
T1052-10472-1,transformer,1052,10472,220.0,9999.0,0.0
T1052-10473-1,transformer,1052,10473,220.0,9999.0,0.0
T1061-10602-1,transformer,1061,10602,110.0,9999.0,0.0
T1061-10604-1,transformer,1061,10604,110.0,9999.0,0.0
T1062-10474-1,transformer,1062,10474,220.0,9999.0,0.0
T1081-10801-1,transformer,1081,10801,110.0,9999.0,0.0
T1091-10901-1,transformer,1091,10901,110.0,9999.0,0.0
T1091-10901-2,transformer,1091,10901,110.0,9999.0,0.0
T1121-11201-1,transformer,1121,11201,110.0,9999.0,0.0
T1121-11201-2,transformer,1121,11201,110.0,9999.0,0.0
T1121-11204-1,transformer,1121,11204,110.0,9999.0,0.0
T1121-11204-2,transformer,1121,11204,110.0,9999.0,0.0
T1131-11302-1,transformer,1131,11302,110.0,120.0,0.0
T1141-11404-1,transformer,1141,11404,110.0,9999.0,0.0
T1141-11404-2,transformer,1141,11404,110.0,9999.0,0.0
T1201-12001-1,transformer,1201,12001,110.0,9999.0,0.0
T1201-12001-2,transformer,1201,12001,110.0,9999.0,0.0
T1211-12101-1,transformer,1211,12101,110.0,110.0,0.0
T1221-12201-1,transformer,1221,12201,110.0,9999.0,0.0
T1221-12201-2,transformer,1221,12201,110.0,9999.0,0.0
T1231-12302-1,transformer,1231,12302,110.0,70.0,0.0
T1251-12502-1,transformer,1251,12502,110.0,35.0,0.0
T1251-12504-1,transformer,1251,12504,110.0,9999.0,0.0
T1251-12514-1,transformer,1251,12514,110.0,9999.0,0.0
T1271-12702-1,transformer,1271,12702,110.0,9999.0,0.0
T1271-12702-2,transformer,1271,12702,110.0,9999.0,0.0
T1281-12804-1,transformer,1281,12804,110.0,9999.0,0.0
T1301-13001-1,transformer,1301,13001,110.0,9999.0,0.0
T1301-13001-2,transformer,1301,13001,110.0,9999.0,0.0
T1311-13114-1,transformer,1311,13114,110.0,9999.0,0.0
T1311-68272-2,transformer,1311,68272,110.0,9999.0,0.0
T1321-13204-1,transformer,1321,13204,110.0,9999.0,0.0
T1331-13302-1,transformer,1331,13302,110.0,9999.0,0.0
T1331-13302-2,transformer,1331,13302,110.0,9999.0,0.0
T1331-13303-1,transformer,1331,13303,110.0,9999.0,0.0
T1341-13404-1,transformer,1341,13404,110.0,9999.0,0.0
T1341-13404-2,transformer,1341,13404,110.0,9999.0,0.0
T1351-13501-1,transformer,1351,13501,110.0,9999.0,0.0
T1351-13501-2,transformer,1351,13501,110.0,9999.0,0.0
T1361-13601-1,transformer,1361,13601,110.0,9999.0,0.0
T1361-13601-3,transformer,1361,13601,110.0,9999.0,0.0
T1361-13604-1,transformer,1361,13604,110.0,9999.0,0.0
T1371-13702-1,transformer,1371,13702,110.0,9999.0,0.0
T1371-13702-2,transformer,1371,13702,110.0,9999.0,0.0
T1381-13802-1,transformer,1381,13802,110.0,9999.0,0.0
T1381-13802-2,transformer,1381,13802,110.0,9999.0,0.0
T1381-13804-1,transformer,1381,13804,110.0,9999.0,0.0
T1381-13804-2,transformer,1381,13804,110.0,9999.0,0.0
T1401-14002-2,transformer,1401,14002,110.0,9999.0,0.0
T1401-14004-1,transformer,1401,14004,110.0,9999.0,0.0
T1401-14004-2,transformer,1401,14004,110.0,9999.0,0.0
T1411-14102-1,transformer,1411,14102,110.0,9999.0,0.0
T1411-14102-2,transformer,1411,14102,110.0,9999.0,0.0
T1411-14102-3,transformer,1411,14102,110.0,9999.0,0.0
T1421-14204-1,transformer,1421,14204,110.0,9999.0,0.0
T1421-14204-2,transformer,1421,14204,110.0,9999.0,0.0
T1431-14304-1,transformer,1431,14304,110.0,9999.0,0.0
T1441-14401-1,transformer,1441,14401,110.0,9999.0,0.0
T1441-14404-2,transformer,1441,14404,110.0,9999.0,0.0
T1441-14404-3,transformer,1441,14404,110.0,9999.0,0.0
T1451-14502-1,transformer,1451,14502,110.0,9999.0,0.0
T1451-14502-2,transformer,1451,14502,110.0,9999.0,0.0
T1451-14502-3,transformer,1451,14502,110.0,9999.0,0.0
T1451-14502-4,transformer,1451,14502,110.0,9999.0,0.0
T1451-14502-5,transformer,1451,14502,110.0,9999.0,0.0
T1461-14604-1,transformer,1461,14604,110.0,9999.0,0.0
T1481-14804-1,transformer,1481,14804,110.0,9999.0,0.0
T1481-14804-2,transformer,1481,14804,110.0,9999.0,0.0
T1491-14912-1,transformer,1491,14912,110.0,9999.0,0.0
T1501-15001-1,transformer,1501,15001,110.0,9999.0,0.0
T1511-15102-1,transformer,1511,15102,110.0,9999.0,0.0
T1511-15103-2,transformer,1511,15103,110.0,9999.0,0.0
T1521-15204-1,transformer,1521,15204,110.0,9999.0,0.0
T1522-15202-1,transformer,1522,15202,220.0,9999.0,0.0
T1522-15202-2,transformer,1522,15202,220.0,9999.0,0.0
T1522-15202-3,transformer,1522,15202,220.0,9999.0,0.0
T1522-15202-4,transformer,1522,15202,220.0,9999.0,0.0
T1531-15302-1,transformer,1531,15302,110.0,9999.0,0.0
T1531-15302-2,transformer,1531,15302,110.0,9999.0,0.0
T1541-15402-1,transformer,1541,15402,110.0,9999.0,0.0
T1541-15402-2,transformer,1541,15402,110.0,9999.0,0.0
T1551-15502-1,transformer,1551,15502,110.0,9999.0,0.0
T1551-15504-1,transformer,1551,15504,110.0,9999.0,0.0
T1551-15552-1,transformer,1551,15552,110.0,9999.0,0.0
T1561-15602-1,transformer,1561,15602,110.0,9999.0,0.0
T1561-15602-2,transformer,1561,15602,110.0,9999.0,0.0
T1571-15704-1,transformer,1571,15704,110.0,9999.0,0.0
T1581-15801-1,transformer,1581,15801,110.0,9999.0,0.0
T1581-15801-2,transformer,1581,15801,110.0,9999.0,0.0
T1621-16202-1,transformer,1621,16202,110.0,9999.0,0.0
T1621-16202-2,transformer,1621,16202,110.0,9999.0,0.0
T1631-16302-1,transformer,1631,16302,110.0,31.5,0.0
T1631-16312-2,transformer,1631,16312,110.0,63.0,0.0
T1651-16502-1,transformer,1651,16502,110.0,45.0,0.0
T1661-16604-1,transformer,1661,16604,110.0,9999.0,0.0
T1661-16614-2,transformer,1661,16614,110.0,9999.0,0.0
T1671-16703-1,transformer,1671,16703,110.0,9999.0,0.0
T1681-16873-1,transformer,1681,16873,110.0,9999.0,0.0
T1691-16901-1,transformer,1691,16901,110.0,9999.0,0.0
T1691-16901-2,transformer,1691,16901,110.0,9999.0,0.0
T1701-17073-1,transformer,1701,17073,110.0,9999.0,0.0
T1711-17302-1,transformer,1711,17302,110.0,9999.0,0.0
T1721-17204-1,transformer,1721,17204,110.0,9999.0,0.0
T1721-17204-2,transformer,1721,17204,110.0,9999.0,0.0
T1731-17302-1,transformer,1731,17302,110.0,9999.0,0.0
T1741-17404-1,transformer,1741,17404,110.0,9999.0,0.0
T1741-17404-2,transformer,1741,17404,110.0,9999.0,0.0
T1761-17671-1,transformer,1761,17671,110.0,9999.0,0.0
T1761-17672-1,transformer,1761,17672,110.0,9999.0,0.0
T1781-17802-1,transformer,1781,17802,110.0,9999.0,0.0
T1801-18001-1,transformer,1801,18001,110.0,9999.0,0.0
T1801-18001-2,transformer,1801,18001,110.0,9999.0,0.0
T1810-18101-2,transformer,1810,18101,110.0,9999.0,0.0
T1810-18101-3,transformer,1810,18101,110.0,9999.0,0.0
T1810-18101-4,transformer,1810,18101,110.0,9999.0,0.0
T1811-18102-1,transformer,1811,18102,110.0,9999.0,0.0
T1811-18102-2,transformer,1811,18102,110.0,9999.0,0.0
T1811-18102-3,transformer,1811,18102,110.0,9999.0,0.0
T1811-18102-4,transformer,1811,18102,110.0,9999.0,0.0
T1821-18204-1,transformer,1821,18204,110.0,9999.0,0.0
T1821-18204-2,transformer,1821,18204,110.0,9999.0,0.0
T1831-18304-1,transformer,1831,18304,110.0,9999.0,0.0
T1841-18402-2,transformer,1841,18402,110.0,9999.0,0.0
T1841-18404-1,transformer,1841,18404,110.0,9999.0,0.0
T1851-18501-1,transformer,1851,18501,110.0,9999.0,0.0
T1851-18501-2,transformer,1851,18501,110.0,9999.0,0.0
T1851-18504-1,transformer,1851,18504,110.0,9999.0,0.0
T1851-18504-2,transformer,1851,18504,110.0,9999.0,0.0
T1861-18604-1,transformer,1861,18604,110.0,9999.0,0.0
T1861-18604-2,transformer,1861,18604,110.0,9999.0,0.0
T1871-18701-1,transformer,1871,18701,110.0,9999.0,0.0
T1871-18701-2,transformer,1871,18701,110.0,9999.0,0.0
T1871-18701-3,transformer,1871,18701,110.0,9999.0,0.0
T1881-18804-1,transformer,1881,18804,110.0,9999.0,0.0
T1881-18814-2,transformer,1881,18814,110.0,9999.0,0.0
T1901-19004-1,transformer,1901,19004,110.0,9999.0,0.0
T1901-19004-2,transformer,1901,19004,110.0,9999.0,0.0
T1921-19204-1,transformer,1921,19204,110.0,9999.0,0.0
T1931-19302-1,transformer,1931,19302,110.0,31.5,0.0
T1941-19471-1,transformer,1941,19471,110.0,9999.0,0.0
T1951-19504-1,transformer,1951,19504,110.0,9999.0,0.0
T1961-19601-1,transformer,1961,19601,110.0,9999.0,0.0
T1961-19601-2,transformer,1961,19601,110.0,9999.0,0.0
T1971-19702-1,transformer,1971,19702,110.0,63.0,0.0
T1971-19712-1,transformer,1971,19712,110.0,63.0,0.0
T1991-19902-1,transformer,1991,19902,110.0,9999.0,0.0
T2021-20201-1,transformer,2021,20201,110.0,9999.0,0.0
T2021-20201-2,transformer,2021,20201,110.0,9999.0,0.0
T2041-20401-1,transformer,2041,20401,110.0,9999.0,0.0
T2041-20402-1,transformer,2041,20402,110.0,9999.0,0.0
T2041-20402-2,transformer,2041,20402,110.0,9999.0,0.0
T2072-20701-1,transformer,2072,20701,220.0,9999.0,0.0
T2072-20701-2,transformer,2072,20701,220.0,9999.0,0.0
T2072-20701-3,transformer,2072,20701,220.0,9999.0,0.0
T2072-20701-4,transformer,2072,20701,220.0,9999.0,0.0
T2101-21004-1,transformer,2101,21004,110.0,9999.0,0.0
T2101-21004-2,transformer,2101,21004,110.0,9999.0,0.0
T2111-20903-2,transformer,2111,20903,110.0,9999.0,0.0
T2111-20903-4,transformer,2111,20903,110.0,9999.0,0.0
T2111-21103-1,transformer,2111,21103,110.0,9999.0,0.0
T2121-21204-1,transformer,2121,21204,110.0,9999.0,0.0
T2121-21204-2,transformer,2121,21204,110.0,9999.0,0.0
T2131-21302-1,transformer,2131,21302,110.0,9999.0,0.0
T2141-21404-1,transformer,2141,21404,110.0,9999.0,0.0
T2141-21404-2,transformer,2141,21404,110.0,9999.0,0.0
T2161-21604-1,transformer,2161,21604,110.0,9999.0,0.0
T2171-21702-1,transformer,2171,21702,110.0,9999.0,0.0
T2181-21804-1,transformer,2181,21804,110.0,9999.0,0.0
T2181-21804-2,transformer,2181,21804,110.0,9999.0,0.0
T2221-22204-1,transformer,2221,22204,110.0,9999.0,0.0
T2225-22208-1,transformer,2225,22208,110.0,9999.0,0.0
T2231-22302-1,transformer,2231,22302,110.0,70.0,0.0
T2241-22404-1,transformer,2241,22404,110.0,9999.0,0.0
T2251-22501-1,transformer,2251,22501,110.0,9999.0,0.0
T2251-22501-2,transformer,2251,22501,110.0,9999.0,0.0
T2281-22814-1,transformer,2281,22814,110.0,9999.0,0.0
T2301-23002-1,transformer,2301,23002,110.0,9999.0,0.0
T2361-23601-1,transformer,2361,23601,110.0,9999.0,0.0
T2361-23601-2,transformer,2361,23601,110.0,9999.0,0.0
T2361-23604-1,transformer,2361,23604,110.0,9999.0,0.0
T2361-23604-2,transformer,2361,23604,110.0,9999.0,0.0
T2391-23902-2,transformer,2391,23902,110.0,9999.0,0.0
T2401-24002-1,transformer,2401,24002,110.0,9999.0,0.0
T2421-24202-1,transformer,2421,24202,110.0,9999.0,0.0
T2421-24202-2,transformer,2421,24202,110.0,9999.0,0.0
T2421-24202-3,transformer,2421,24202,110.0,9999.0,0.0
T2481-24804-1,transformer,2481,24804,110.0,9999.0,0.0
T2491-24804-2,transformer,2491,24804,110.0,9999.0,0.0
T2541-25404-1,transformer,2541,25404,110.0,9999.0,0.0
T2571-25604-3,transformer,2571,25604,110.0,9999.0,0.0
T2571-25604-4,transformer,2571,25604,110.0,9999.0,0.0
T2591-25901-1,transformer,2591,25901,110.0,9999.0,0.0
T2591-25901-2,transformer,2591,25901,110.0,9999.0,0.0
T2671-26704-1,transformer,2671,26704,110.0,9999.0,0.0
T2681-26802-1,transformer,2681,26802,110.0,9999.0,0.0
T2691-26903-1,transformer,2691,26903,110.0,9999.0,0.0
T2701-27004-1,transformer,2701,27004,110.0,9999.0,0.0
T2701-27004-2,transformer,2701,27004,110.0,9999.0,0.0
T2721-27204-1,transformer,2721,27204,110.0,9999.0,0.0
T2731-27302-1,transformer,2731,27302,110.0,31.5,0.0
T2741-27404-1,transformer,2741,27404,110.0,9999.0,0.0
T2741-27404-2,transformer,2741,27404,110.0,9999.0,0.0
T2742-27474-1,transformer,2742,27474,220.0,9999.0,0.0
T2761-27604-1,transformer,2761,27604,110.0,9999.0,0.0
T2761-27604-2,transformer,2761,27604,110.0,9999.0,0.0
T2771-27702-1,transformer,2771,27702,110.0,100.0,0.0
T2771-27712-1,transformer,2771,27712,110.0,9999.0,0.0
T2781-27801-1,transformer,2781,27801,110.0,9999.0,0.0
T2781-27801-2,transformer,2781,27801,110.0,9999.0,0.0
T2781-27804-1,transformer,2781,27804,110.0,9999.0,0.0
T2781-27804-2,transformer,2781,27804,110.0,9999.0,0.0
T2781-27805-3,transformer,2781,27805,110.0,9999.0,0.0
T2791-27903-1,transformer,2791,27903,110.0,9999.0,0.0
T2801-28002-1,transformer,2801,28002,110.0,9999.0,0.0
T2821-28201-1,transformer,2821,28201,110.0,9999.0,0.0
T2821-28201-2,transformer,2821,28201,110.0,9999.0,0.0
T2821-28204-1,transformer,2821,28204,110.0,9999.0,0.0
T2852-28571-1,transformer,2852,28571,220.0,9999.0,0.0
T2861-28601-1,transformer,2861,28601,110.0,9999.0,0.0
T2861-28601-2,transformer,2861,28601,110.0,9999.0,0.0
T2861-28604-1,transformer,2861,28604,110.0,9999.0,0.0
T2861-28611-4,transformer,2861,28611,110.0,9999.0,0.0
T2861-69182-1,transformer,2861,69182,110.0,9999.0,0.0
T2881-28804-1,transformer,2881,28804,110.0,9999.0,0.0
T2941-29401-1,transformer,2941,29401,110.0,9999.0,0.0
T2941-29401-2,transformer,2941,29401,110.0,9999.0,0.0
T2951-29501-1,transformer,2951,29501,110.0,9999.0,0.0
T2951-29501-2,transformer,2951,29501,110.0,9999.0,0.0
T2972-29673-2,transformer,2972,29673,220.0,9999.0,0.0
T3061-30671-1,transformer,3061,30671,110.0,9999.0,0.0
T3081-30803-1,transformer,3081,30803,110.0,9999.0,0.0
T3091-30804-4,transformer,3091,30804,110.0,9999.0,0.0
T3091-30804-5,transformer,3091,30804,110.0,9999.0,0.0
T3101-31004-1,transformer,3101,31004,110.0,9999.0,0.0
T3122-31202-1,transformer,3122,31202,220.0,9999.0,0.0
T3122-31271-1,transformer,3122,31271,220.0,9999.0,0.0
T3122-31273-1,transformer,3122,31273,220.0,9999.0,0.0
T3221-32201-1,transformer,3221,32201,110.0,9999.0,0.0
T3221-32204-2,transformer,3221,32204,110.0,9999.0,0.0
T3221-32204-3,transformer,3221,32204,110.0,9999.0,0.0
T3241-32404-1,transformer,3241,32404,110.0,9999.0,0.0
T3241-32404-2,transformer,3241,32404,110.0,9999.0,0.0
T3241-32424-1,transformer,3241,32424,110.0,9999.0,0.0
T3251-32504-1,transformer,3251,32504,110.0,9999.0,0.0
T3251-32554-1,transformer,3251,32554,110.0,9999.0,0.0
T3261-32604-1,transformer,3261,32604,110.0,9999.0,0.0
T3261-32604-2,transformer,3261,32604,110.0,9999.0,0.0
T3301-33004-1,transformer,3301,33004,110.0,9999.0,0.0
T3301-33004-2,transformer,3301,33004,110.0,9999.0,0.0
T3321-33201-1,transformer,3321,33201,110.0,9999.0,0.0
T3321-33201-2,transformer,3321,33201,110.0,9999.0,0.0
T3331-33361-1,transformer,3331,33361,110.0,110.0,0.0
T3352-33502-1,transformer,3352,33502,220.0,9999.0,0.0
T3352-33502-2,transformer,3352,33502,220.0,9999.0,0.0
T3352-33502-3,transformer,3352,33502,220.0,9999.0,0.0
T3381-33801-1,transformer,3381,33801,110.0,9999.0,0.0
T3381-33801-2,transformer,3381,33801,110.0,9999.0,0.0
T3391-33902-1,transformer,3391,33902,110.0,9999.0,0.0
T3401-34001-1,transformer,3401,34001,110.0,9999.0,0.0
T3401-34001-2,transformer,3401,34001,110.0,9999.0,0.0
T3431-34301-1,transformer,3431,34301,110.0,9999.0,0.0
T3431-34301-2,transformer,3431,34301,110.0,9999.0,0.0
T3431-34301-3,transformer,3431,34301,110.0,9999.0,0.0
T3461-34602-1,transformer,3461,34602,110.0,9999.0,0.0
T3481-34803-1,transformer,3481,34803,110.0,9999.0,0.0
T3491-34904-1,transformer,3491,34904,110.0,9999.0,0.0
T3501-35004-1,transformer,3501,35004,110.0,9999.0,0.0
T3511-35103-1,transformer,3511,35103,110.0,9999.0,0.0
T3531-35303-1,transformer,3531,35303,110.0,9999.0,0.0
T3541-35404-1,transformer,3541,35404,110.0,9999.0,0.0
T3541-35404-2,transformer,3541,35404,110.0,9999.0,0.0
T3561-35604-1,transformer,3561,35604,110.0,9999.0,0.0
T3561-35604-2,transformer,3561,35604,110.0,9999.0,0.0
T3571-35702-1,transformer,3571,35702,110.0,9999.0,0.0
T3571-35703-1,transformer,3571,35703,110.0,9999.0,0.0
T3581-35804-1,transformer,3581,35804,110.0,9999.0,0.0
T3581-35804-2,transformer,3581,35804,110.0,9999.0,0.0
T3591-35903-1,transformer,3591,35903,110.0,9999.0,0.0
T3601-36001-2,transformer,3601,36001,110.0,9999.0,0.0
T3611-36001-1,transformer,3611,36001,110.0,9999.0,0.0
T3621-36201-1,transformer,3621,36201,110.0,9999.0,0.0
T3621-36201-2,transformer,3621,36201,110.0,9999.0,0.0
T3621-36203-1,transformer,3621,36203,110.0,9999.0,0.0
T3621-36204-1,transformer,3621,36204,110.0,9999.0,0.0
T3641-36413-1,transformer,3641,36413,110.0,9999.0,0.0
T3651-36502-1,transformer,3651,36502,110.0,9999.0,0.0
T3651-36502-2,transformer,3651,36502,110.0,9999.0,0.0
T3681-36802-1,transformer,3681,36802,110.0,9999.0,0.0
T3681-36802-2,transformer,3681,36802,110.0,9999.0,0.0
T3751-37501-1,transformer,3751,37501,110.0,9999.0,0.0
T3751-37501-2,transformer,3751,37501,110.0,9999.0,0.0
T3761-37601-1,transformer,3761,37601,110.0,9999.0,0.0
T3761-37601-2,transformer,3761,37601,110.0,9999.0,0.0
T3761-37602-1,transformer,3761,37602,110.0,9999.0,0.0
T3761-37602-4,transformer,3761,37602,110.0,9999.0,0.0
T3801-38001-1,transformer,3801,38001,110.0,9999.0,0.0
T3801-38001-2,transformer,3801,38001,110.0,9999.0,0.0
T3801-38004-1,transformer,3801,38004,110.0,9999.0,0.0
T3821-38204-1,transformer,3821,38204,110.0,9999.0,0.0
T3821-38204-2,transformer,3821,38204,110.0,9999.0,0.0
T3861-38601-1,transformer,3861,38601,110.0,9999.0,0.0
T3871-38701-2,transformer,3871,38701,110.0,9999.0,0.0
T3881-38804-1,transformer,3881,38804,110.0,9999.0,0.0
T3891-38903-1,transformer,3891,38903,110.0,75.0,0.0
T3934-39471-1,transformer,3934,39471,380.0,9999.0,0.0
T3941-39401-1,transformer,3941,39401,110.0,31.5,0.0
T3944-39473-1,transformer,3944,39473,380.0,9999.0,0.0
T3954-39472-1,transformer,3954,39472,380.0,9999.0,0.0
T3961-39601-5,transformer,3961,39601,110.0,9999.0,0.0
T3961-39601-6,transformer,3961,39601,110.0,9999.0,0.0
T3981-39801-1,transformer,3981,39801,110.0,9999.0,0.0
T3991-39801-2,transformer,3991,39801,110.0,9999.0,0.0
T4001-40001-1,transformer,4001,40001,110.0,9999.0,0.0
T4001-40001-2,transformer,4001,40001,110.0,9999.0,0.0
T4001-40004-1,transformer,4001,40004,110.0,9999.0,0.0
T4001-40004-2,transformer,4001,40004,110.0,9999.0,0.0
T4021-40204-1,transformer,4021,40204,110.0,9999.0,0.0
T4021-40204-2,transformer,4021,40204,110.0,9999.0,0.0
T4041-40404-1,transformer,4041,40404,110.0,9999.0,0.0
T4041-40404-2,transformer,4041,40404,110.0,9999.0,0.0
T4061-40602-1,transformer,4061,40602,110.0,9999.0,0.0
T4061-40602-2,transformer,4061,40602,110.0,9999.0,0.0
T4061-40602-3,transformer,4061,40602,110.0,9999.0,0.0
T4061-40602-4,transformer,4061,40602,110.0,9999.0,0.0
T4071-40761-1,transformer,4071,40761,110.0,88.0,0.0
T4081-40801-1,transformer,4081,40801,110.0,9999.0,0.0
T4081-40801-2,transformer,4081,40801,110.0,9999.0,0.0
T4091-40902-1,transformer,4091,40902,110.0,9999.0,0.0
T4091-40912-1,transformer,4091,40912,110.0,9999.0,0.0
T4101-41002-1,transformer,4101,41002,110.0,9999.0,0.0
T4101-41002-2,transformer,4101,41002,110.0,9999.0,0.0
T4111-41102-1,transformer,4111,41102,110.0,9999.0,0.0
T4111-41102-2,transformer,4111,41102,110.0,9999.0,0.0
T4201-42004-1,transformer,4201,42004,110.0,9999.0,0.0
T4201-42004-2,transformer,4201,42004,110.0,9999.0,0.0
T4211-42101-1,transformer,4211,42101,110.0,9999.0,0.0
T4211-42101-2,transformer,4211,42101,110.0,9999.0,0.0
T4221-42204-1,transformer,4221,42204,110.0,9999.0,0.0
T4221-42204-2,transformer,4221,42204,110.0,9999.0,0.0
T4261-42604-1,transformer,4261,42604,110.0,9999.0,0.0
T4281-42802-1,transformer,4281,42802,110.0,9999.0,0.0
T4281-42802-2,transformer,4281,42802,110.0,9999.0,0.0
T4341-43401-1,transformer,4341,43401,110.0,9999.0,0.0
T4351-43401-2,transformer,4351,43401,110.0,9999.0,0.0
T4361-43604-1,transformer,4361,43604,110.0,9999.0,0.0
T4371-43704-1,transformer,4371,43704,110.0,9999.0,0.0
T4371-43704-2,transformer,4371,43704,110.0,9999.0,0.0
T4371-43742-1,transformer,4371,43742,110.0,9999.0,0.0
T4391-43903-1,transformer,4391,43903,110.0,9999.0,0.0
T4401-44001-1,transformer,4401,44001,110.0,9999.0,0.0
T4401-44001-2,transformer,4401,44001,110.0,9999.0,0.0
T4441-44471-3,transformer,4441,44471,110.0,9999.0,0.0
T4472-44702-1,transformer,4472,44702,220.0,9999.0,0.0
T4472-44703-1,transformer,4472,44703,220.0,9999.0,0.0
T4481-44804-1,transformer,4481,44804,110.0,9999.0,0.0
T4481-44804-2,transformer,4481,44804,110.0,9999.0,0.0
T4491-44901-1,transformer,4491,44901,110.0,9999.0,0.0
T4491-44901-2,transformer,4491,44901,110.0,9999.0,0.0
T4501-45001-1,transformer,4501,45001,110.0,9999.0,0.0
T4501-45001-2,transformer,4501,45001,110.0,9999.0,0.0
T4501-45001-3,transformer,4501,45001,110.0,9999.0,0.0
T4501-45001-4,transformer,4501,45001,110.0,9999.0,0.0
T4511-45101-1,transformer,4511,45101,110.0,9999.0,0.0
T4511-45101-2,transformer,4511,45101,110.0,9999.0,0.0
T4621-46210-1,transformer,4621,46210,110.0,9999.0,0.0
T4621-46210-2,transformer,4621,46210,110.0,9999.0,0.0
T4621-46214-3,transformer,4621,46214,110.0,9999.0,0.0
T4621-46214-4,transformer,4621,46214,110.0,9999.0,0.0
T4621-46224-5,transformer,4621,46224,110.0,9999.0,0.0
T4621-46224-6,transformer,4621,46224,110.0,9999.0,0.0
T4651-46501-1,transformer,4651,46501,110.0,9999.0,0.0
T4651-46501-2,transformer,4651,46501,110.0,9999.0,0.0
T4651-46504-4,transformer,4651,46504,110.0,9999.0,0.0
T4651-46513-1,transformer,4651,46513,110.0,9999.0,0.0
T4681-46804-1,transformer,4681,46804,110.0,9999.0,0.0
T4681-46804-2,transformer,4681,46804,110.0,9999.0,0.0
T4691-46902-1,transformer,4691,46902,110.0,9999.0,0.0
T4691-46902-2,transformer,4691,46902,110.0,9999.0,0.0
T4691-46902-3,transformer,4691,46902,110.0,9999.0,0.0
T4691-46902-4,transformer,4691,46902,110.0,9999.0,0.0
T4701-47004-1,transformer,4701,47004,110.0,9999.0,0.0
T4701-47004-2,transformer,4701,47004,110.0,9999.0,0.0
T4741-47402-1,transformer,4741,47402,110.0,9999.0,0.0
T4741-47402-2,transformer,4741,47402,110.0,9999.0,0.0
T4761-47601-1,transformer,4761,47601,110.0,9999.0,0.0
T4781-47802-1,transformer,4781,47802,110.0,90.0,0.0
T4781-47812-2,transformer,4781,47812,110.0,42.0,0.0
T4901-49001-1,transformer,4901,49001,110.0,9999.0,0.0
T4942-49403-2,transformer,4942,49403,220.0,110.0,0.0
T4951-49501-1,transformer,4951,49501,110.0,9999.0,0.0
T4951-49501-2,transformer,4951,49501,110.0,9999.0,0.0
T4951-49504-1,transformer,4951,49504,110.0,9999.0,0.0
T4961-49604-1,transformer,4961,49604,110.0,9999.0,0.0
T4961-49604-2,transformer,4961,49604,110.0,9999.0,0.0
T4981-49804-1,transformer,4981,49804,110.0,9999.0,0.0
T4981-49804-2,transformer,4981,49804,110.0,9999.0,0.0
T4991-49902-4,transformer,4991,49902,110.0,9999.0,0.0
T4991-49912-2,transformer,4991,49912,110.0,9999.0,0.0
T5001-50004-1,transformer,5001,50004,110.0,9999.0,0.0
T5022-50274-1,transformer,5022,50274,220.0,9999.0,0.0
T5031-50301-1,transformer,5031,50301,110.0,9999.0,0.0
T5031-50301-2,transformer,5031,50301,110.0,9999.0,0.0
T5051-50574-2,transformer,5051,50574,110.0,9999.0,0.0
T5061-50604-1,transformer,5061,50604,110.0,9999.0,0.0
T5071-50573-1,transformer,5071,50573,110.0,9999.0,0.0
T5091-50901-1,transformer,5091,50901,110.0,9999.0,0.0
T5091-50901-2,transformer,5091,50901,110.0,9999.0,0.0
T5111-51101-2,transformer,5111,51101,110.0,9999.0,0.0
T5111-51101-4,transformer,5111,51101,110.0,9999.0,0.0
T5111-51103-1,transformer,5111,51103,110.0,9999.0,0.0
T5111-51103-3,transformer,5111,51103,110.0,9999.0,0.0
T5122-50275-1,transformer,5122,50275,220.0,9999.0,0.0
T5131-51301-1,transformer,5131,51301,110.0,9999.0,0.0
T5131-51301-2,transformer,5131,51301,110.0,9999.0,0.0
T5181-51801-1,transformer,5181,51801,110.0,9999.0,0.0
T5181-51801-2,transformer,5181,51801,110.0,9999.0,0.0
T5181-51804-1,transformer,5181,51804,110.0,9999.0,0.0
T5181-51804-2,transformer,5181,51804,110.0,9999.0,0.0
T5221-52204-2,transformer,5221,52204,110.0,9999.0,0.0
T5222-50276-1,transformer,5222,50276,220.0,9999.0,0.0
T5231-52301-1,transformer,5231,52301,110.0,9999.0,0.0
T5231-52301-2,transformer,5231,52301,110.0,9999.0,0.0
T5241-52404-1,transformer,5241,52404,110.0,9999.0,0.0
T5241-52476-2,transformer,5241,52476,110.0,9999.0,0.0
T5251-52477-1,transformer,5251,52477,110.0,9999.0,0.0
T5261-52604-1,transformer,5261,52604,110.0,9999.0,0.0
T5261-52604-2,transformer,5261,52604,110.0,9999.0,0.0
T5271-52714-1,transformer,5271,52714,110.0,9999.0,0.0
T5274-52704-2,transformer,5274,52704,110.0,9999.0,0.0
T5274-52704-4,transformer,5274,52704,110.0,9999.0,0.0
T5274-52724-3,transformer,5274,52724,110.0,9999.0,0.0
T5281-52804-1,transformer,5281,52804,110.0,9999.0,0.0
T5281-52804-2,transformer,5281,52804,110.0,9999.0,0.0
T5291-52903-1,transformer,5291,52903,110.0,9999.0,0.0
T5301-53004-1,transformer,5301,53004,110.0,9999.0,0.0
T5301-53004-2,transformer,5301,53004,110.0,9999.0,0.0
T5301-53071-1,transformer,5301,53071,110.0,30.0,0.0
T5321-53204-1,transformer,5321,53204,110.0,9999.0,0.0
T5321-53204-2,transformer,5321,53204,110.0,9999.0,0.0
T5331-53302-1,transformer,5331,53302,110.0,9999.0,0.0
T5331-53302-2,transformer,5331,53302,110.0,9999.0,0.0
T5341-53404-2,transformer,5341,53404,110.0,9999.0,0.0
T5361-53604-1,transformer,5361,53604,110.0,9999.0,0.0
T5361-53614-2,transformer,5361,53614,110.0,9999.0,0.0
T5381-53804-1,transformer,5381,53804,110.0,9999.0,0.0
T5441-54404-1,transformer,5441,54404,110.0,9999.0,0.0
T5441-54404-2,transformer,5441,54404,110.0,9999.0,0.0
T5451-54503-1,transformer,5451,54503,110.0,9999.0,0.0
T5451-54513-1,transformer,5451,54513,110.0,9999.0,0.0
T5481-54801-1,transformer,5481,54801,110.0,9999.0,0.0
T5481-54801-2,transformer,5481,54801,110.0,9999.0,0.0
T5501-55002-1,transformer,5501,55002,110.0,9999.0,0.0
T5501-55002-2,transformer,5501,55002,110.0,9999.0,0.0
T5501-55004-1,transformer,5501,55004,110.0,9999.0,0.0
T5501-55004-2,transformer,5501,55004,110.0,9999.0,0.0
T5521-55201-1,transformer,5521,55201,110.0,9999.0,0.0
T5521-55201-2,transformer,5521,55201,110.0,9999.0,0.0
T6201-62004-1,transformer,6201,62004,110.0,9999.0,0.0
T6201-62005-1,transformer,6201,62005,110.0,9999.0,0.0
T6371-46511-1,transformer,6371,46511,110.0,9999.0,0.0
T6931-69302-1,transformer,6931,69302,110.0,9999.0,0.0
T10204-10212-1,transformer,10204,10212,38.0,9999.0,0.0
T10204-10213-1,transformer,10204,10213,38.0,9999.0,0.0
T10212-10275-4,transformer,10212,10275,20.0,9999.0,0.0
T10213-10276-4,transformer,10213,10276,20.0,9999.0,0.0
T10422-10470-1,transformer,10422,10470,220.0,9999.0,0.0
T10602-10671-1,transformer,10602,10671,20.0,9999.0,0.0
T10602-10672-1,transformer,10602,10672,20.0,9999.0,0.0
T10602-10673-1,transformer,10602,10673,20.0,9999.0,0.0
T10602-10674-1,transformer,10602,10674,20.0,9999.0,0.0
T11204-11202-2,transformer,11204,11202,38.0,9999.0,0.0
T11202-11271-2,transformer,11202,11271,20.0,9999.0,0.0
T11244-11212-1,transformer,11244,11212,38.0,9999.0,0.0
T11244-11212-2,transformer,11244,11212,38.0,9999.0,0.0
T11212-68209-1,transformer,11212,68209,20.0,9999.0,0.0
T11224-11242-1,transformer,11224,11242,38.0,9999.0,0.0
T11242-67045-1,transformer,11242,67045,20.0,9999.0,0.0
T11254-11252-1,transformer,11254,11252,38.0,9999.0,0.0
T11254-11252-2,transformer,11254,11252,38.0,9999.0,0.0
T11302-11371-1,transformer,11302,11371,20.0,9999.0,0.0
T11310-11303-2,transformer,11310,11303,110.0,9999.0,0.0
T11303-11372-1,transformer,11303,11372,33.0,9999.0,0.0
T11404-11402-1,transformer,11404,11402,38.0,9999.0,0.0
T11404-11402-2,transformer,11404,11402,38.0,9999.0,0.0
T12302-12371-1,transformer,12302,12371,20.0,9999.0,0.0
T12302-12372-1,transformer,12302,12372,20.0,9999.0,0.0
T12502-12571-1,transformer,12502,12571,20.0,9999.0,0.0
T12502-12572-1,transformer,12502,12572,20.0,9999.0,0.0
T12534-12503-1,transformer,12534,12503,38.0,9999.0,0.0
T12503-67030-1,transformer,12503,67030,20.0,9999.0,0.0
T12504-12532-1,transformer,12504,12532,38.0,9999.0,0.0
T12504-12582-1,transformer,12504,12582,38.0,9999.0,0.0
T12512-68148-1,transformer,12512,68148,20.0,9999.0,0.0
T12522-68267-1,transformer,12522,68267,20.0,9999.0,0.0
T12524-12542-1,transformer,12524,12542,38.0,9999.0,0.0
T12542-67073-1,transformer,12542,67073,20.0,9999.0,0.0
T12592-12574-1,transformer,12592,12574,20.0,9999.0,0.0
T12712-12771-1,transformer,12712,12771,20.0,9999.0,0.0
T12814-12802-1,transformer,12814,12802,38.0,9999.0,0.0
T12814-12802-2,transformer,12814,12802,38.0,40.0,0.0
T12802-12872-1,transformer,12802,12872,20.0,9999.0,0.0
T12802-12873-1,transformer,12802,12873,20.0,9999.0,0.0
T12802-68222-1,transformer,12802,68222,20.0,9999.0,0.0
T12804-12812-1,transformer,12804,12812,38.0,9999.0,0.0
T12812-12874-1,transformer,12812,12874,20.0,9999.0,0.0
T13001-13082-1,transformer,13001,13082,10.0,9999.0,0.0
T13011-68536-1,transformer,13011,68536,10.0,9999.0,0.0
T13023-68537-1,transformer,13023,68537,10.0,9999.0,0.0
T13134-13102-1,transformer,13134,13102,38.0,9999.0,0.0
T13102-13170-1,transformer,13102,13170,20.0,9999.0,0.0
T13102-13172-1,transformer,13102,13172,20.0,9999.0,0.0
T13114-13112-1,transformer,13114,13112,38.0,9999.0,0.0
T13112-13171-1,transformer,13112,13171,20.0,9999.0,0.0
T13303-13371-1,transformer,13303,13371,33.0,9999.0,0.0
T13424-13402-1,transformer,13424,13402,38.0,9999.0,0.0
T13402-13472-1,transformer,13402,13472,20.0,9999.0,0.0
T13404-13412-1,transformer,13404,13412,38.0,9999.0,0.0
T13412-13471-1,transformer,13412,13471,20.0,9999.0,0.0
T13444-13414-1,transformer,13444,13414,38.0,9999.0,0.0
T13414-13474-1,transformer,13414,13474,20.0,9999.0,0.0
T13434-13415-1,transformer,13434,13415,38.0,9999.0,0.0
T13415-13475-1,transformer,13415,13475,20.0,9999.0,0.0
T13416-13476-1,transformer,13416,13476,20.0,9999.0,0.0
T13484-13416-1,transformer,13484,13416,38.0,9999.0,0.0
T13424-13417-1,transformer,13424,13417,38.0,9999.0,0.0
T13417-13477-1,transformer,13417,13477,20.0,9999.0,0.0
T13494-13422-1,transformer,13494,13422,38.0,9999.0,0.0
T13454-13432-1,transformer,13454,13432,38.0,9999.0,0.0
T13432-13473-1,transformer,13432,13473,20.0,9999.0,0.0
T13442-13479-1,transformer,13442,13479,20.0,9999.0,0.0
T17044-13442-1,transformer,17044,13442,38.0,9999.0,0.0
T13604-13611-1,transformer,13604,13611,38.0,9999.0,0.0
T13611-68546-1,transformer,13611,68546,10.0,9999.0,0.0
T13802-13872-1,transformer,13802,13872,20.0,9999.0,0.0
T13810-13812-4,transformer,13810,13812,110.0,9999.0,0.0
T14034-14001-1,transformer,14034,14001,38.0,9999.0,0.0
T14002-14073-1,transformer,14002,14073,20.0,9999.0,0.0
T14006-68143-1,transformer,14006,68143,10.0,9999.0,0.0
T14010-14014-3,transformer,14010,14014,110.0,9999.0,0.0
T14013-14042-1,transformer,14013,14042,110.0,9999.0,0.0
T14013-14052-1,transformer,14013,14052,110.0,9999.0,0.0
T14042-67025-1,transformer,14042,67025,33.0,9999.0,0.0
T14052-67026-1,transformer,14052,67026,33.0,9999.0,0.0
T14414-14402-1,transformer,14414,14402,38.0,9999.0,0.0
T14402-14474-1,transformer,14402,14474,20.0,9999.0,0.0
T14404-14486-1,transformer,14404,14486,38.0,9999.0,0.0
T14412-14471-1,transformer,14412,14471,20.0,9999.0,0.0
T14412-14472-1,transformer,14412,14472,20.0,9999.0,0.0
T14614-14602-1,transformer,14614,14602,38.0,9999.0,0.0
T14602-68134-1,transformer,14602,68134,20.0,9999.0,0.0
T14804-14802-1,transformer,14804,14802,38.0,9999.0,0.0
T14802-14871-1,transformer,14802,14871,20.0,9999.0,0.0
T14912-14971-1,transformer,14912,14971,20.0,9999.0,0.0
T15010-15001-2,transformer,15010,15001,110.0,9999.0,0.0
T15103-15171-1,transformer,15103,15171,33.0,9999.0,0.0
T15132-15172-1,transformer,15132,15172,20.0,9999.0,0.0
T15142-15174-1,transformer,15142,15174,20.0,9999.0,0.0
T15162-15175-1,transformer,15162,15175,20.0,9999.0,0.0
T15204-15271-1,transformer,15204,15271,33.0,9999.0,0.0
T15220-15221-1,transformer,15220,15221,220.0,9999.0,0.0
T15220-15221-2,transformer,15220,15221,220.0,9999.0,0.0
T15402-15472-1,transformer,15402,15472,20.0,9999.0,0.0
T15402-15473-1,transformer,15402,15473,20.0,9999.0,0.0
T15512-15574-1,transformer,15512,15574,20.0,9999.0,0.0
T15514-15522-2,transformer,15514,15522,38.0,9999.0,0.0
T15522-15571-2,transformer,15522,15571,20.0,9999.0,0.0
T15534-15542-2,transformer,15534,15542,38.0,9999.0,0.0
T15542-15573-1,transformer,15542,15573,20.0,9999.0,0.0
T15552-15572-1,transformer,15552,15572,20.0,9999.0,0.0
T15704-15702-1,transformer,15704,15702,38.0,9999.0,0.0
T15702-15771-1,transformer,15702,15771,20.0,9999.0,0.0
T15702-15772-1,transformer,15702,15772,20.0,9999.0,0.0
T16361-16371-1,transformer,16361,16371,20.0,9999.0,0.0
T16361-16378-1,transformer,16361,16378,20.0,9999.0,0.0
T16361-16379-1,transformer,16361,16379,20.0,9999.0,0.0
T16362-16372-1,transformer,16362,16372,20.0,9999.0,0.0
T16362-16373-1,transformer,16362,16373,20.0,9999.0,0.0
T16364-16374-1,transformer,16364,16374,20.0,9999.0,0.0
T16365-16375-1,transformer,16365,16375,20.0,9999.0,0.0
T16366-16376-1,transformer,16366,16376,20.0,9999.0,0.0
T16367-16377-1,transformer,16367,16377,20.0,9999.0,0.0
T16384-16382-1,transformer,16384,16382,20.0,9999.0,0.0
T16394-16392-1,transformer,16394,16392,20.0,9999.0,0.0
T16502-16571-1,transformer,16502,16571,20.0,9999.0,0.0
T16502-67083-1,transformer,16502,67083,20.0,9999.0,0.0
T16601-16602-1,transformer,16601,16602,10.0,9999.0,0.0
T16604-16601-1,transformer,16604,16601,38.0,9999.0,0.0
T16602-16671-1,transformer,16602,16671,20.0,9999.0,0.0
T16602-16672-1,transformer,16602,16672,20.0,9999.0,0.0
T16604-16612-1,transformer,16604,16612,38.0,9999.0,0.0
T16604-16622-1,transformer,16604,16622,38.0,9999.0,0.0
T16604-16632-1,transformer,16604,16632,38.0,9999.0,0.0
T16604-16632-2,transformer,16604,16632,38.0,9999.0,0.0
T16604-16642-1,transformer,16604,16642,38.0,9999.0,0.0
T16612-16675-1,transformer,16612,16675,20.0,9999.0,0.0
T16622-16679-1,transformer,16622,16679,20.0,9999.0,0.0
T16632-16670-1,transformer,16632,16670,20.0,9999.0,0.0
T16632-16676-1,transformer,16632,16676,20.0,9999.0,0.0
T16642-16674-1,transformer,16642,16674,20.0,9999.0,0.0
T16703-16771-1,transformer,16703,16771,33.0,9999.0,0.0
T17010-17004-1,transformer,17010,17004,110.0,9999.0,0.0
T17010-17074-1,transformer,17010,17074,110.0,9999.0,0.0
T17044-17012-1,transformer,17044,17012,38.0,9999.0,0.0
T17012-17075-1,transformer,17012,17075,20.0,9999.0,0.0
T17044-17032-1,transformer,17044,17032,38.0,9999.0,0.0
T17032-17077-1,transformer,17032,17077,20.0,9999.0,0.0
T17032-68223-1,transformer,17032,68223,20.0,9999.0,0.0
T17810-17802-2,transformer,17810,17802,110.0,9999.0,0.0
T18010-18004-1,transformer,18010,18004,110.0,9999.0,0.0
T18010-18004-2,transformer,18010,18004,110.0,9999.0,0.0
T18204-18202-1,transformer,18204,18202,38.0,9999.0,0.0
T18202-18271-1,transformer,18202,18271,20.0,9999.0,0.0
T18304-18312-1,transformer,18304,18312,38.0,9999.0,0.0
T18322-18372-1,transformer,18322,18372,20.0,9999.0,0.0
T18404-18412-1,transformer,18404,18412,38.0,9999.0,0.0
T18404-18474-1,transformer,18404,18474,38.0,9999.0,0.0
T18404-18476-1,transformer,18404,18476,38.0,9999.0,0.0
T18412-18471-1,transformer,18412,18471,20.0,9999.0,0.0
T18412-18472-1,transformer,18412,18472,20.0,9999.0,0.0
T18614-18601-1,transformer,18614,18601,38.0,9999.0,0.0
T18614-18601-2,transformer,18614,18601,38.0,9999.0,0.0
T18634-18602-1,transformer,18634,18602,38.0,9999.0,0.0
T18634-18602-2,transformer,18634,18602,38.0,9999.0,0.0
T18624-18611-1,transformer,18624,18611,38.0,9999.0,0.0
T18624-18611-2,transformer,18624,18611,38.0,9999.0,0.0
T18804-18802-1,transformer,18804,18802,38.0,9999.0,0.0
T18834-18812-1,transformer,18834,18812,38.0,9999.0,0.0
T18832-68093-1,transformer,18832,68093,20.0,9999.0,0.0
T19014-19002-1,transformer,19014,19002,38.0,9999.0,0.0
T19002-19087-1,transformer,19002,19087,20.0,9999.0,0.0
T19004-19073-1,transformer,19004,19073,38.0,9999.0,0.0
T19004-19086-1,transformer,19004,19086,38.0,9999.0,0.0
T19014-19071-1,transformer,19014,19071,38.0,9999.0,0.0
T19071-19081-1,transformer,19071,19081,20.0,9999.0,0.0
T19071-19082-1,transformer,19071,19082,20.0,9999.0,0.0
T19072-19083-1,transformer,19072,19083,20.0,9999.0,0.0
T19072-19084-1,transformer,19072,19084,20.0,9999.0,0.0
T19073-19085-1,transformer,19073,19085,20.0,9999.0,0.0
T19312-19371-1,transformer,19312,19371,20.0,9999.0,0.0
T19317-19318-1,transformer,19317,19318,2.0,9999.0,0.0
T19322-19372-1,transformer,19322,19372,20.0,9999.0,0.0
T19702-19771-1,transformer,19702,19771,20.0,9999.0,0.0
T19712-19772-1,transformer,19712,19772,20.0,9999.0,0.0
T19712-19773-1,transformer,19712,19773,20.0,9999.0,0.0
T19902-19971-1,transformer,19902,19971,20.0,9999.0,0.0
T19902-19972-1,transformer,19902,19972,20.0,9999.0,0.0
T19902-19973-1,transformer,19902,19973,20.0,9999.0,0.0
T19902-19974-1,transformer,19902,19974,20.0,9999.0,0.0
T20900-20913-1,transformer,20900,20913,110.0,9999.0,0.0
T20903-67058-1,transformer,20903,67058,33.0,9999.0,0.0
T20913-67062-1,transformer,20913,67062,33.0,9999.0,0.0
T21004-21071-2,transformer,21004,21071,38.0,9999.0,0.0
T21024-21022-1,transformer,21024,21022,38.0,9999.0,0.0
T21103-68092-1,transformer,21103,68092,33.0,9999.0,0.0
T21204-21212-1,transformer,21204,21212,38.0,9999.0,0.0
T21302-21371-1,transformer,21302,21371,20.0,9999.0,0.0
T21404-21481-1,transformer,21404,21481,38.0,9999.0,0.0
T21404-21482-1,transformer,21404,21482,38.0,9999.0,0.0
T21404-21483-1,transformer,21404,21483,38.0,9999.0,0.0
T21414-21412-1,transformer,21414,21412,38.0,9999.0,0.0
T21414-21412-2,transformer,21414,21412,38.0,9999.0,0.0
T21422-68190-1,transformer,21422,68190,20.0,9999.0,0.0
T21614-21601-1,transformer,21614,21601,38.0,9999.0,0.0
T21611-21671-1,transformer,21611,21671,10.0,9999.0,0.0
T21634-21612-1,transformer,21634,21612,38.0,9999.0,0.0
T21624-21641-1,transformer,21624,21641,38.0,9999.0,0.0
T21624-21641-2,transformer,21624,21641,38.0,9999.0,0.0
T21702-21791-1,transformer,21702,21791,20.0,9999.0,0.0
T21864-21801-1,transformer,21864,21801,38.0,9999.0,0.0
T21824-21802-1,transformer,21824,21802,38.0,9999.0,0.0
T21811-21873-1,transformer,21811,21873,10.0,9999.0,0.0
T21812-21871-1,transformer,21812,21871,20.0,9999.0,0.0
T21812-21872-1,transformer,21812,21872,20.0,9999.0,0.0
T21812-68241-1,transformer,21812,68241,20.0,9999.0,0.0
T21824-21821-1,transformer,21824,21821,38.0,9999.0,0.0
T21844-21822-1,transformer,21844,21822,38.0,9999.0,0.0
T21854-68230-1,transformer,21854,68230,38.0,9999.0,0.0
T68313-21874-1,transformer,68313,21874,20.0,9999.0,0.0
T22224-22201-1,transformer,22224,22201,38.0,9999.0,0.0
T22204-22231-1,transformer,22204,22231,38.0,9999.0,0.0
T22208-22282-1,transformer,22208,22282,38.0,9999.0,0.0
T22212-22272-1,transformer,22212,22272,20.0,9999.0,0.0
T22284-22212-1,transformer,22284,22212,38.0,9999.0,0.0
T22244-22215-1,transformer,22244,22215,38.0,9999.0,0.0
T22215-22278-1,transformer,22215,22278,20.0,9999.0,0.0
T22221-22273-1,transformer,22221,22273,10.0,9999.0,0.0
T22234-22232-1,transformer,22234,22232,38.0,9999.0,0.0
T22252-22275-1,transformer,22252,22275,20.0,9999.0,0.0
T22254-22262-1,transformer,22254,22262,38.0,9999.0,0.0
T22262-22274-1,transformer,22262,22274,20.0,9999.0,0.0
T22264-22292-1,transformer,22264,22292,38.0,9999.0,0.0
T22271-22276-1,transformer,22271,22276,20.0,9999.0,0.0
T22302-22371-1,transformer,22302,22371,20.0,9999.0,0.0
T22404-22412-1,transformer,22404,22412,38.0,9999.0,0.0
T22404-22422-1,transformer,22404,22422,38.0,9999.0,0.0
T22404-22432-1,transformer,22404,22432,38.0,9999.0,0.0
T22404-22442-1,transformer,22404,22442,38.0,9999.0,0.0
T22412-22471-2,transformer,22412,22471,20.0,9999.0,0.0
T22422-22472-2,transformer,22422,22472,20.0,9999.0,0.0
T22432-22473-1,transformer,22432,22473,20.0,9999.0,0.0
T22452-22474-1,transformer,22452,22474,20.0,9999.0,0.0
T22610-22671-1,transformer,22610,22671,110.0,9999.0,0.0
T22610-22672-2,transformer,22610,22672,110.0,9999.0,0.0
T22804-22802-1,transformer,22804,22802,38.0,9999.0,0.0
T22802-22871-2,transformer,22802,22871,20.0,9999.0,0.0
T22811-22804-2,transformer,22811,22804,110.0,9999.0,0.0
T22824-22812-1,transformer,22824,22812,38.0,9999.0,0.0
T22812-22872-1,transformer,22812,22872,20.0,9999.0,0.0
T23012-23071-1,transformer,23012,23071,20.0,9999.0,0.0
T23604-23685-1,transformer,23604,23685,38.0,9999.0,0.0
T23610-23684-1,transformer,23610,23684,110.0,9999.0,0.0
T23610-23694-1,transformer,23610,23694,110.0,9999.0,0.0
T23614-23611-1,transformer,23614,23611,38.0,9999.0,0.0
T23614-23611-2,transformer,23614,23611,38.0,9999.0,0.0
T23612-23621-1,transformer,23612,23621,20.0,9999.0,0.0
T23684-23682-1,transformer,23684,23682,20.0,9999.0,0.0
T23694-23692-1,transformer,23694,23692,20.0,9999.0,0.0
T23902-67069-1,transformer,23902,67069,33.0,9999.0,0.0
T24002-67066-1,transformer,24002,67066,20.0,9999.0,0.0
T25614-25602-1,transformer,25614,25602,38.0,9999.0,0.0
T25614-25602-2,transformer,25614,25602,38.0,9999.0,0.0
T26703-26773-1,transformer,26703,26773,20.0,9999.0,0.0
T26704-26732-1,transformer,26704,26732,38.0,9999.0,0.0
T26705-26771-1,transformer,26705,26771,20.0,9999.0,0.0
T26709-26711-1,transformer,26709,26711,20.0,7.5,0.0
T26903-26971-1,transformer,26903,26971,33.0,9999.0,0.0
T27004-27002-1,transformer,27004,27002,38.0,9999.0,0.0
T27002-27071-1,transformer,27002,27071,20.0,9999.0,0.0
T27281-27204-2,transformer,27281,27204,110.0,9999.0,0.0
T27302-27371-1,transformer,27302,27371,20.0,9999.0,0.0
T27302-27372-1,transformer,27302,27372,20.0,9999.0,0.0
T27424-27432-1,transformer,27424,27432,38.0,9999.0,0.0
T27442-27475-1,transformer,27442,27475,20.0,9999.0,0.0
T27702-27774-1,transformer,27702,27774,20.0,9999.0,0.0
T27703-27771-1,transformer,27703,27771,20.0,9999.0,0.0
T27722-27772-1,transformer,27722,27772,20.0,9999.0,0.0
T27722-27773-1,transformer,27722,27773,20.0,9999.0,0.0
T27903-27971-1,transformer,27903,27971,33.0,9999.0,0.0
T28002-28071-2,transformer,28002,28071,22.0,9999.0,0.0
T28204-28202-1,transformer,28204,28202,38.0,9999.0,0.0
T28202-28271-1,transformer,28202,28271,20.0,9999.0,0.0
T28204-28282-1,transformer,28204,28282,38.0,9999.0,0.0
T28411-28402-1,transformer,28411,28402,110.0,9999.0,0.0
T28402-28471-1,transformer,28402,28471,20.0,9999.0,0.0
T28804-28812-1,transformer,28804,28812,38.0,9999.0,0.0
T28810-28824-1,transformer,28810,28824,110.0,9999.0,0.0
T28812-28874-1,transformer,28812,28874,20.0,9999.0,0.0
T28834-28872-1,transformer,28834,28872,38.0,9999.0,0.0
T28834-28873-1,transformer,28834,28873,38.0,9999.0,0.0
T30803-30871-1,transformer,30803,30871,33.0,9999.0,0.0
T31014-31001-1,transformer,31014,31001,38.0,9999.0,0.0
T31014-31001-2,transformer,31014,31001,38.0,9999.0,0.0
T31024-31022-1,transformer,31024,31022,38.0,9999.0,0.0
T31022-68136-1,transformer,31022,68136,20.0,9999.0,0.0
T31202-31272-1,transformer,31202,31272,20.0,9999.0,0.0
T32204-32202-1,transformer,32204,32202,38.0,9999.0,0.0
T32202-32271-2,transformer,32202,32271,20.0,9999.0,0.0
T32204-32272-1,transformer,32204,32272,38.0,9999.0,0.0
T32424-32472-1,transformer,32424,32472,33.0,9999.0,0.0
T32502-32508-1,transformer,32502,32508,20.0,9999.0,0.0
T32564-32502-1,transformer,32564,32502,38.0,9999.0,0.0
T32514-32532-1,transformer,32514,32532,38.0,9999.0,0.0
T32524-32542-1,transformer,32524,32542,38.0,9999.0,0.0
T32532-32576-8,transformer,32532,32576,20.0,9999.0,0.0
T32532-32577-1,transformer,32532,32577,20.0,9999.0,0.0
T33014-33002-2,transformer,33014,33002,38.0,9999.0,0.0
T33002-33071-1,transformer,33002,33071,20.0,9999.0,0.0
T33034-33012-1,transformer,33034,33012,38.0,9999.0,0.0
T33012-33072-1,transformer,33012,33072,20.0,9999.0,0.0
T33902-33971-2,transformer,33902,33971,20.0,9999.0,0.0
T34803-34872-1,transformer,34803,34872,33.0,9999.0,0.0
T34813-34871-1,transformer,34813,34871,33.0,9999.0,0.0
T34904-34971-1,transformer,34904,34971,33.0,9999.0,0.0
T35004-35002-1,transformer,35004,35002,38.0,9999.0,0.0
T35002-35071-2,transformer,35002,35071,20.0,9999.0,0.0
T35103-35171-1,transformer,35103,35171,33.0,9999.0,0.0
T35303-35371-1,transformer,35303,35371,33.0,9999.0,0.0
T35611-35602-1,transformer,35611,35602,110.0,9999.0,0.0
T35602-35671-1,transformer,35602,35671,20.0,9999.0,0.0
T35702-35771-1,transformer,35702,35771,33.0,9999.0,0.0
T35703-35772-1,transformer,35703,35772,33.0,9999.0,0.0
T35804-35802-1,transformer,35804,35802,38.0,9999.0,0.0
T35804-35802-2,transformer,35804,35802,38.0,9999.0,0.0
T35802-35871-1,transformer,35802,35871,20.0,9999.0,0.0
T35802-35872-1,transformer,35802,35872,20.0,9999.0,0.0
T35802-35873-1,transformer,35802,35873,20.0,9999.0,0.0
T35802-35878-1,transformer,35802,35878,20.0,9999.0,0.0
T35802-35879-1,transformer,35802,35879,20.0,9999.0,0.0
T35802-35880-1,transformer,35802,35880,20.0,9999.0,0.0
T35802-64813-1,transformer,35802,64813,20.0,9999.0,0.0
T35804-35813-1,transformer,35804,35813,38.0,9999.0,0.0
T35804-35815-1,transformer,35804,35815,38.0,9999.0,0.0
T35804-35815-2,transformer,35804,35815,38.0,9999.0,0.0
T35804-35832-1,transformer,35804,35832,38.0,9999.0,0.0
T35813-35875-1,transformer,35813,35875,20.0,9999.0,0.0
T35814-35822-1,transformer,35814,35822,38.0,9999.0,0.0
T35815-35877-1,transformer,35815,35877,20.0,9999.0,0.0
T35832-35876-1,transformer,35832,35876,20.0,9999.0,0.0
T35903-35971-1,transformer,35903,35971,33.0,9999.0,0.0
T36210-36202-1,transformer,36210,36202,110.0,9999.0,0.0
T36202-36271-1,transformer,36202,36271,20.0,9999.0,0.0
T36202-36272-1,transformer,36202,36272,20.0,9999.0,0.0
T36203-36273-1,transformer,36203,36273,33.0,9999.0,0.0
T36214-36222-1,transformer,36214,36222,38.0,9999.0,0.0
T36222-67084-1,transformer,36222,67084,20.0,9999.0,0.0
T36411-36402-1,transformer,36411,36402,110.0,9999.0,0.0
T36412-36471-1,transformer,36412,36471,20.0,9999.0,0.0
T36412-68306-1,transformer,36412,68306,20.0,9999.0,0.0
T36422-36476-1,transformer,36422,36476,20.0,9999.0,0.0
T36452-36472-1,transformer,36452,36472,20.0,9999.0,0.0
T36462-36473-1,transformer,36462,36473,20.0,9999.0,0.0
T36462-68307-1,transformer,36462,68307,20.0,9999.0,0.0
T36482-36474-1,transformer,36482,36474,20.0,9999.0,0.0
T36492-36475-1,transformer,36492,36475,20.0,9999.0,0.0
T36492-68323-1,transformer,36492,68323,20.0,9999.0,0.0
T38004-38002-1,transformer,38004,38002,38.0,9999.0,0.0
T38004-38002-2,transformer,38004,38002,38.0,9999.0,0.0
T38002-38071-1,transformer,38002,38071,20.0,9999.0,0.0
T38004-38072-1,transformer,38004,38072,38.0,9999.0,0.0
T38004-38074-1,transformer,38004,38074,38.0,9999.0,0.0
T38214-38201-1,transformer,38214,38201,38.0,9999.0,0.0
T38214-38201-2,transformer,38214,38201,38.0,9999.0,0.0
T38203-38202-1,transformer,38203,38202,38.0,9999.0,0.0
T38202-68175-1,transformer,38202,68175,20.0,9999.0,0.0
T38244-38211-1,transformer,38244,38211,38.0,9999.0,0.0
T38254-38212-1,transformer,38254,38212,38.0,9999.0,0.0
T38212-38271-1,transformer,38212,38271,20.0,9999.0,0.0
T38254-38213-1,transformer,38254,38213,38.0,9999.0,0.0
T38213-38272-1,transformer,38213,38272,20.0,9999.0,0.0
T38215-38273-2,transformer,38215,38273,20.0,9999.0,0.0
T38284-38215-2,transformer,38284,38215,38.0,9999.0,0.0
T38233-38232-1,transformer,38233,38232,38.0,9999.0,0.0
T38232-68294-1,transformer,38232,68294,20.0,9999.0,0.0
T38264-38241-1,transformer,38264,38241,38.0,9999.0,0.0
T38241-68240-1,transformer,38241,68240,10.0,9999.0,0.0
T38242-68265-1,transformer,38242,68265,20.0,9999.0,0.0
T38244-38274-1,transformer,38244,38274,38.0,9999.0,0.0
T38804-38802-1,transformer,38804,38802,38.0,9999.0,0.0
T38804-38802-2,transformer,38804,38802,38.0,9999.0,0.0
T38802-38870-1,transformer,38802,38870,20.0,9999.0,0.0
T38802-38872-1,transformer,38802,38872,20.0,9999.0,0.0
T38903-67044-1,transformer,38903,67044,33.0,9999.0,0.0
T39401-39474-1,transformer,39401,39474,20.0,9999.0,0.0
T40404-40412-1,transformer,40404,40412,38.0,9999.0,0.0
T40412-40471-1,transformer,40412,40471,20.0,9999.0,0.0
T40761-40771-1,transformer,40761,40771,20.0,9999.0,0.0
T40761-40772-2,transformer,40761,40772,20.0,9999.0,0.0
T40761-40773-3,transformer,40761,40773,20.0,9999.0,0.0
T40902-40971-1,transformer,40902,40971,20.0,9999.0,0.0
T40922-40972-1,transformer,40922,40972,20.0,9999.0,0.0
T40932-40973-1,transformer,40932,40973,20.0,9999.0,0.0
T40932-68308-1,transformer,40932,68308,20.0,9999.0,0.0
T42004-42001-1,transformer,42004,42001,38.0,9999.0,0.0
T42014-42011-1,transformer,42014,42011,38.0,9999.0,0.0
T42214-42201-1,transformer,42214,42201,38.0,9999.0,0.0
T42604-42602-2,transformer,42604,42602,38.0,9999.0,0.0
T42602-42672-2,transformer,42602,42672,20.0,9999.0,0.0
T42602-42673-2,transformer,42602,42673,20.0,9999.0,0.0
T42602-42674-1,transformer,42602,42674,20.0,9999.0,0.0
T42602-42675-2,transformer,42602,42675,20.0,9999.0,0.0
T42602-42676-2,transformer,42602,42676,20.0,9999.0,0.0
T42802-42871-1,transformer,42802,42871,20.0,9999.0,0.0
T42802-42872-1,transformer,42802,42872,20.0,9999.0,0.0
T43604-43602-1,transformer,43604,43602,38.0,9999.0,0.0
T43602-43671-1,transformer,43602,43671,20.0,9999.0,0.0
T43724-43712-1,transformer,43724,43712,38.0,9999.0,0.0
T43712-43774-1,transformer,43712,43774,20.0,9999.0,0.0
T43712-68254-1,transformer,43712,68254,20.0,9999.0,0.0
T43714-43722-1,transformer,43714,43722,38.0,9999.0,0.0
T43714-43722-2,transformer,43714,43722,38.0,9999.0,0.0
T43722-43771-1,transformer,43722,43771,20.0,9999.0,0.0
T43722-43771-2,transformer,43722,43771,20.0,9999.0,0.0
T43752-68312-1,transformer,43752,68312,20.0,9999.0,0.0
T43903-43971-1,transformer,43903,43971,33.0,9999.0,0.0
T44011-44071-1,transformer,44011,44071,10.0,9999.0,0.0
T44011-44072-1,transformer,44011,44072,10.0,9999.0,0.0
T44702-44772-1,transformer,44702,44772,20.0,9999.0,0.0
T44834-44811-1,transformer,44834,44811,38.0,9999.0,0.0
T44834-44811-2,transformer,44834,44811,38.0,9999.0,0.0
T44814-44812-1,transformer,44814,44812,38.0,9999.0,0.0
T46511-46503-1,transformer,46511,46503,11.0,9999.0,0.0
T46854-46801-1,transformer,46854,46801,38.0,9999.0,0.0
T46854-46801-2,transformer,46854,46801,38.0,9999.0,0.0
T46844-46802-1,transformer,46844,46802,38.0,9999.0,0.0
T46802-46870-1,transformer,46802,46870,20.0,9999.0,0.0
T46834-46812-1,transformer,46834,46812,38.0,9999.0,0.0
T46812-46874-1,transformer,46812,46874,20.0,9999.0,0.0
T46824-46822-1,transformer,46824,46822,38.0,9999.0,0.0
T46822-46873-1,transformer,46822,46873,20.0,9999.0,0.0
T47014-47002-1,transformer,47014,47002,38.0,9999.0,0.0
T47014-47002-2,transformer,47014,47002,38.0,9999.0,0.0
T47802-47871-1,transformer,47802,47871,20.0,9999.0,0.0
T47802-47873-1,transformer,47802,47873,20.0,9999.0,0.0
T47812-47872-2,transformer,47812,47872,20.0,9999.0,0.0
T49403-49471-1,transformer,49403,49471,33.0,9999.0,0.0
T49514-49502-1,transformer,49514,49502,38.0,9999.0,0.0
T49502-49571-1,transformer,49502,49571,20.0,9999.0,0.0
T49502-68094-1,transformer,49502,68094,20.0,9999.0,0.0
T49502-68108-1,transformer,49502,68108,20.0,9999.0,0.0
T49504-49513-1,transformer,49504,49513,38.0,9999.0,0.0
T49513-49572-2,transformer,49513,49572,20.0,9999.0,0.0
T49602-49608-1,transformer,49602,49608,20.0,9999.0,0.0
T49614-49602-1,transformer,49614,49602,38.0,9999.0,0.0
T49604-49613-1,transformer,49604,49613,38.0,9999.0,0.0
T49604-49683-1,transformer,49604,49683,38.0,9999.0,0.0
T49613-49672-1,transformer,49613,49672,20.0,9999.0,0.0
T49814-49802-1,transformer,49814,49802,38.0,9999.0,0.0
T49812-68101-1,transformer,49812,68101,20.0,9999.0,0.0
T49842-68087-1,transformer,49842,68087,20.0,9999.0,0.0
T49902-49971-1,transformer,49902,49971,20.0,9999.0,0.0
T49902-49973-1,transformer,49902,49973,20.0,9999.0,0.0
T49912-49994-1,transformer,49912,49994,20.0,9999.0,0.0
T49932-49976-1,transformer,49932,49976,20.0,9999.0,0.0
T49942-49975-1,transformer,49942,49975,20.0,9999.0,0.0
T49952-49977-1,transformer,49952,49977,20.0,9999.0,0.0
T49962-49974-1,transformer,49962,49974,20.0,9999.0,0.0
T49982-49972-1,transformer,49982,49972,20.0,9999.0,0.0
T49994-49992-1,transformer,49994,49992,20.0,9999.0,0.0
T50014-50012-1,transformer,50014,50012,38.0,9999.0,0.0
T50012-50071-1,transformer,50012,50071,20.0,9999.0,0.0
T50014-50022-1,transformer,50014,50022,38.0,9999.0,0.0
T50301-50371-1,transformer,50301,50371,10.0,9999.0,0.0
T51911-51902-1,transformer,51911,51902,110.0,9999.0,0.0
T51902-51971-1,transformer,51902,51971,33.0,9999.0,0.0
T51911-51922-1,transformer,51911,51922,110.0,9999.0,0.0
T51922-51972-1,transformer,51922,51972,33.0,9999.0,0.0
T52234-52201-1,transformer,52234,52201,38.0,9999.0,0.0
T52214-52202-1,transformer,52214,52202,38.0,9999.0,0.0
T52202-68311-1,transformer,52202,68311,20.0,9999.0,0.0
T52204-52212-1,transformer,52204,52212,38.0,9999.0,0.0
T52204-52232-1,transformer,52204,52232,38.0,9999.0,0.0
T52211-68128-1,transformer,52211,68128,10.0,9999.0,0.0
T52212-52271-1,transformer,52212,52271,20.0,9999.0,0.0
T52414-67059-1,transformer,52414,67059,38.0,9999.0,0.0
T52604-52602-1,transformer,52604,52602,38.0,9999.0,0.0
T52602-52671-1,transformer,52602,52671,20.0,9999.0,0.0
T52602-52672-1,transformer,52602,52672,20.0,9999.0,0.0
T52602-52677-1,transformer,52602,52677,20.0,9999.0,0.0
T52610-52614-3,transformer,52610,52614,110.0,9999.0,0.0
T52615-52612-1,transformer,52615,52612,38.0,9999.0,0.0
T52612-52673-1,transformer,52612,52673,20.0,9999.0,0.0
T52625-52622-1,transformer,52625,52622,38.0,9999.0,0.0
T52622-68219-1,transformer,52622,68219,20.0,9999.0,0.0
T52634-52632-1,transformer,52634,52632,38.0,9999.0,0.0
T52632-52676-1,transformer,52632,52676,20.0,9999.0,0.0
T52644-52642-1,transformer,52644,52642,38.0,9999.0,0.0
T52642-52675-1,transformer,52642,52675,20.0,9999.0,0.0
T52702-52700-1,transformer,52702,52700,20.0,9999.0,0.0
T52705-52702-1,transformer,52705,52702,38.0,45.0,0.0
T52705-52712-1,transformer,52705,52712,38.0,9999.0,0.0
T52712-52778-1,transformer,52712,52778,20.0,9999.0,0.0
T52714-52752-1,transformer,52714,52752,38.0,9999.0,0.0
T52764-52722-1,transformer,52764,52722,38.0,9999.0,0.0
T52722-52771-1,transformer,52722,52771,20.0,9999.0,0.0
T52732-52773-1,transformer,52732,52773,20.0,9999.0,0.0
T52794-52732-1,transformer,52794,52732,38.0,9999.0,0.0
T52744-52742-1,transformer,52744,52742,38.0,9999.0,0.0
T52742-68410-1,transformer,52742,68410,20.0,9999.0,0.0
T52784-52782-1,transformer,52784,52782,38.0,9999.0,0.0
T52782-68181-1,transformer,52782,68181,20.0,9999.0,0.0
T52804-52802-1,transformer,52804,52802,38.0,9999.0,0.0
T52804-52812-1,transformer,52804,52812,38.0,9999.0,0.0
T52804-52813-1,transformer,52804,52813,38.0,9999.0,0.0
T52804-52814-1,transformer,52804,52814,38.0,9999.0,0.0
T52804-52815-1,transformer,52804,52815,38.0,9999.0,0.0
T52804-52816-1,transformer,52804,52816,38.0,9999.0,0.0
T52804-52817-1,transformer,52804,52817,38.0,9999.0,0.0
T52812-52873-1,transformer,52812,52873,20.0,9999.0,0.0
T52813-52871-1,transformer,52813,52871,20.0,9999.0,0.0
T52814-52875-1,transformer,52814,52875,20.0,9999.0,0.0
T52815-52876-1,transformer,52815,52876,20.0,9999.0,0.0
T52816-52872-1,transformer,52816,52872,20.0,9999.0,0.0
T52817-52878-1,transformer,52817,52878,20.0,9999.0,0.0
T52903-52971-1,transformer,52903,52971,33.0,9999.0,0.0
T53014-53002-1,transformer,53014,53002,38.0,9999.0,0.0
T53012-68154-1,transformer,53012,68154,20.0,9999.0,0.0
T53022-68158-1,transformer,53022,68158,20.0,9999.0,0.0
T53034-53032-1,transformer,53034,53032,38.0,9999.0,0.0
T53032-68131-1,transformer,53032,68131,20.0,9999.0,0.0
T53034-53042-1,transformer,53034,53042,38.0,9999.0,0.0
T53034-53052-1,transformer,53034,53052,38.0,9999.0,0.0
T53062-68157-1,transformer,53062,68157,20.0,9999.0,0.0
T53072-67213-1,transformer,53072,67213,20.0,9999.0,0.0
T53214-53211-1,transformer,53214,53211,38.0,9999.0,0.0
T53214-53211-2,transformer,53214,53211,38.0,9999.0,0.0
T53404-53401-1,transformer,53404,53401,38.0,9999.0,0.0
T53401-53473-1,transformer,53401,53473,10.0,9999.0,0.0
T53404-53411-1,transformer,53404,53411,38.0,9999.0,0.0
T53404-53412-1,transformer,53404,53412,38.0,9999.0,0.0
T53411-53472-1,transformer,53411,53472,10.0,9999.0,0.0
T53412-53471-1,transformer,53412,53471,20.0,9999.0,0.0
T53414-53431-1,transformer,53414,53431,38.0,9999.0,0.0
T53414-53431-2,transformer,53414,53431,38.0,9999.0,0.0
T53421-53474-1,transformer,53421,53474,10.0,9999.0,0.0
T53604-53612-1,transformer,53604,53612,38.0,9999.0,0.0
T53604-53615-1,transformer,53604,53615,38.0,9999.0,0.0
T53604-53616-1,transformer,53604,53616,38.0,9999.0,0.0
T53612-53672-1,transformer,53612,53672,20.0,9999.0,0.0
T53624-53613-1,transformer,53624,53613,38.0,9999.0,0.0
T53613-53673-1,transformer,53613,53673,20.0,9999.0,0.0
T53615-53671-1,transformer,53615,53671,20.0,9999.0,0.0
T53616-53674-1,transformer,53616,53674,20.0,9999.0,0.0
T53801-53802-1,transformer,53801,53802,10.0,9999.0,0.0
T53804-53801-1,transformer,53804,53801,38.0,9999.0,0.0
T53802-53871-1,transformer,53802,53871,20.0,9999.0,0.0
T54414-54401-1,transformer,54414,54401,38.0,9999.0,0.0
T54414-54401-2,transformer,54414,54401,38.0,9999.0,0.0
T54424-54402-1,transformer,54424,54402,38.0,9999.0,0.0
T54424-54402-2,transformer,54424,54402,38.0,9999.0,0.0
T54404-54484-1,transformer,54404,54484,38.0,9999.0,0.0
T54424-54412-1,transformer,54424,54412,38.0,9999.0,0.0
T54425-54471-2,transformer,54425,54471,20.0,9999.0,0.0
T54426-54472-2,transformer,54426,54472,20.0,9999.0,0.0
T54426-68408-1,transformer,54426,68408,20.0,9999.0,0.0
T54431-54473-1,transformer,54431,54473,10.0,9999.0,0.0
T54484-54474-1,transformer,54484,54474,20.0,9999.0,0.0
T54503-54571-1,transformer,54503,54571,33.0,9999.0,0.0
T55004-55001-1,transformer,55004,55001,38.0,9999.0,0.0
T55001-68325-1,transformer,55001,68325,10.0,9999.0,0.0
T55004-55012-1,transformer,55004,55012,38.0,9999.0,0.0
T55004-55022-1,transformer,55004,55022,38.0,9999.0,0.0
T55004-55032-1,transformer,55004,55032,38.0,9999.0,0.0
T55004-55076-1,transformer,55004,55076,38.0,9999.0,0.0
T55012-55071-1,transformer,55012,55071,20.0,9999.0,0.0
T55022-55072-1,transformer,55022,55072,20.0,9999.0,0.0
T55024-55042-1,transformer,55024,55042,38.0,9999.0,0.0
T55024-55042-2,transformer,55024,55042,38.0,9999.0,0.0
T55032-55073-1,transformer,55032,55073,20.0,9999.0,0.0
T55052-55074-1,transformer,55052,55074,20.0,9999.0,0.0
T62004-62002-1,transformer,62004,62002,38.0,9999.0,0.0
T62004-62002-2,transformer,62004,62002,38.0,9999.0,0.0
T62005-67034-1,transformer,62005,67034,33.0,9999.0,0.0
T66094-66095-1,transformer,66094,66095,110.0,9999.0,0.0
T68290-68296-1,transformer,68290,68296,38.0,9999.0,0.0
T68296-68297-1,transformer,68296,68297,20.0,9999.0,0.0
T69302-69335-1,transformer,69302,69335,20.0,9999.0,0.0
T70010-70030-1,transformer,70010,70030,110.0,9999.0,0.0
T70311-70330-1,transformer,70311,70330,110.0,9999.0,0.0
T70312-70330-1,transformer,70312,70330,110.0,9999.0,0.0
T70510-70507-1,transformer,70510,70507,110.0,9999.0,0.0
T70510-70508-1,transformer,70510,70508,110.0,9999.0,0.0
T70510-70516-1,transformer,70510,70516,110.0,9999.0,0.0
T70520-70513-1,transformer,70520,70513,275.0,9999.0,0.0
T70520-70514-1,transformer,70520,70514,275.0,9999.0,0.0
T70520-70515-1,transformer,70520,70515,275.0,9999.0,0.0
T71011-71031-1,transformer,71011,71031,110.0,9999.0,0.0
T71011-71032-1,transformer,71011,71032,110.0,9999.0,0.0
T71012-71031-1,transformer,71012,71031,110.0,9999.0,0.0
T71012-71032-1,transformer,71012,71032,110.0,9999.0,0.0
T71511-71530-1,transformer,71511,71530,110.0,9999.0,0.0
T71511-71530-2,transformer,71511,71530,110.0,9999.0,0.0
T71512-71530-1,transformer,71512,71530,110.0,9999.0,0.0
T71512-71530-2,transformer,71512,71530,110.0,9999.0,0.0
T72511-72530-1,transformer,72511,72530,110.0,9999.0,0.0
T72512-72530-1,transformer,72512,72530,110.0,9999.0,0.0
T73011-73031-1,transformer,73011,73031,110.0,9999.0,0.0
T73012-73032-1,transformer,73012,73032,110.0,9999.0,0.0
T73500-73501-1,transformer,73500,73501,110.0,100.0,0.0
T73510-73530-1,transformer,73510,73530,110.0,9999.0,0.0
T74011-74030-1,transformer,74011,74030,110.0,9999.0,0.0
T74012-74030-1,transformer,74012,74030,110.0,9999.0,0.0
T74511-74514-1,transformer,74511,74514,110.0,9999.0,0.0
T74711-74730-1,transformer,74711,74730,110.0,9999.0,0.0
T74712-74730-1,transformer,74712,74730,110.0,9999.0,0.0
T75010-75030-1,transformer,75010,75030,110.0,9999.0,0.0
T75010-75030-2,transformer,75010,75030,110.0,9999.0,0.0
T75510-75508-1,transformer,75510,75508,110.0,9999.0,0.0
T75510-75515-1,transformer,75510,75515,110.0,9999.0,0.0
T75510-75530-1,transformer,75510,75530,110.0,9999.0,0.0
T75510-75530-2,transformer,75510,75530,110.0,9999.0,0.0
T75520-75516-1,transformer,75520,75516,275.0,9999.0,0.0
T75610-75630-1,transformer,75610,75630,110.0,9999.0,0.0
T75810-75830-1,transformer,75810,75830,110.0,9999.0,0.0
T75810-75830-2,transformer,75810,75830,110.0,9999.0,0.0
T76011-76031-1,transformer,76011,76031,110.0,9999.0,0.0
T76012-76031-1,transformer,76012,76031,110.0,9999.0,0.0
T76511-76532-1,transformer,76511,76532,110.0,9999.0,0.0
T76512-76532-1,transformer,76512,76532,110.0,9999.0,0.0
T76513-76531-1,transformer,76513,76531,110.0,9999.0,0.0
T76514-76531-1,transformer,76514,76531,110.0,9999.0,0.0
T77010-77030-1,transformer,77010,77030,110.0,9999.0,0.0
T77010-77030-2,transformer,77010,77030,110.0,9999.0,0.0
T77210-77230-1,transformer,77210,77230,110.0,9999.0,0.0
T77511-77530-1,transformer,77511,77530,110.0,9999.0,0.0
T77511-77530-2,transformer,77511,77530,110.0,9999.0,0.0
T78511-78530-1,transformer,78511,78530,110.0,9999.0,0.0
T78512-78530-1,transformer,78512,78530,110.0,9999.0,0.0
T79010-79030-1,transformer,79010,79030,110.0,9999.0,0.0
T79010-79030-2,transformer,79010,79030,110.0,9999.0,0.0
T79010-79030-3,transformer,79010,79030,110.0,9999.0,0.0
T80011-80030-1,transformer,80011,80030,110.0,9999.0,0.0
T80012-80030-1,transformer,80012,80030,110.0,9999.0,0.0
T80511-80531-1,transformer,80511,80531,110.0,9999.0,0.0
T80710-80730-1,transformer,80710,80730,110.0,9999.0,0.0
T81510-81530-1,transformer,81510,81530,110.0,9999.0,0.0
T81510-81531-1,transformer,81510,81531,110.0,9999.0,0.0
T81810-81830-1,transformer,81810,81830,110.0,9999.0,0.0
T82001-82011-1,transformer,82001,82011,17.0,9999.0,0.0
T82020-82001-1,transformer,82020,82001,275.0,9999.0,0.0
T82002-82012-1,transformer,82002,82012,17.0,9999.0,0.0
T82020-82002-1,transformer,82020,82002,275.0,9999.0,0.0
T82020-82006-1,transformer,82020,82006,275.0,9999.0,0.0
T82020-82007-1,transformer,82020,82007,275.0,9999.0,0.0
T82511-82530-1,transformer,82511,82530,110.0,9999.0,0.0
T82512-82530-1,transformer,82512,82530,110.0,9999.0,0.0
T83011-83030-1,transformer,83011,83030,110.0,9999.0,0.0
T83012-83030-1,transformer,83012,83030,110.0,9999.0,0.0
T83510-83530-1,transformer,83510,83530,110.0,9999.0,0.0
T83510-83530-2,transformer,83510,83530,110.0,9999.0,0.0
T84011-84030-1,transformer,84011,84030,110.0,9999.0,0.0
T84012-84030-1,transformer,84012,84030,110.0,9999.0,0.0
T84411-84430-1,transformer,84411,84430,110.0,9999.0,0.0
T84412-84430-1,transformer,84412,84430,110.0,9999.0,0.0
T84511-84530-1,transformer,84511,84530,110.0,9999.0,0.0
T84512-84530-1,transformer,84512,84530,110.0,9999.0,0.0
T85510-85530-1,transformer,85510,85530,110.0,9999.0,0.0
T85510-85530-2,transformer,85510,85530,110.0,9999.0,0.0
T86311-86330-1,transformer,86311,86330,110.0,9999.0,0.0
T86312-86330-1,transformer,86312,86330,110.0,9999.0,0.0
T86511-86530-1,transformer,86511,86530,110.0,9999.0,0.0
T86512-86530-1,transformer,86512,86530,110.0,9999.0,0.0
T87510-87530-1,transformer,87510,87530,110.0,9999.0,0.0
T87510-87530-2,transformer,87510,87530,110.0,9999.0,0.0
T87900-87930-1,transformer,87900,87930,110.0,9999.0,0.0
T88011-88030-1,transformer,88011,88030,110.0,9999.0,0.0
T88012-88030-1,transformer,88012,88030,110.0,9999.0,0.0
T88511-88530-1,transformer,88511,88530,110.0,9999.0,0.0
T88512-88530-1,transformer,88512,88530,110.0,9999.0,0.0
T89210-89201-1,transformer,89210,89201,110.0,9999.0,0.0
T89201-89232-1,transformer,89201,89232,20.0,9999.0,0.0
T89311-89330-1,transformer,89311,89330,110.0,9999.0,0.0
T89312-89330-1,transformer,89312,89330,110.0,9999.0,0.0
T89510-89530-1,transformer,89510,89530,110.0,9999.0,0.0
T89510-89530-2,transformer,89510,89530,110.0,9999.0,0.0
T90011-90031-1,transformer,90011,90031,110.0,9999.0,0.0
T90210-90230-1,transformer,90210,90230,110.0,9999.0,0.0
T90310-90330-1,transformer,90310,90330,110.0,9999.0,0.0
T90511-90530-1,transformer,90511,90530,110.0,9999.0,0.0
T90512-90530-1,transformer,90512,90530,110.0,9999.0,0.0
T1072-1041-10421-2-w3,transformer,star:1072-1041-10421-2,10421,10.5,125.0,0.0
T1122-1121-11221-1-w3,transformer,star:1122-1121-11221-1,11221,10.5,63.0,0.0
T1122-1121-11222-2-w3,transformer,star:1122-1121-11222-2,11222,10.5,125.0,0.0
T1212-1211-12121-1-w3,transformer,star:1212-1211-12121-1,12121,10.5,250.0,0.0
T1212-12111-12122-2-w3,transformer,star:1212-12111-12122-2,12122,10.5,250.0,0.0
T1472-1471-14721-1-w3,transformer,star:1472-1471-14721-1,14721,10.5,250.0,0.0
T1602-1601-16022-1-w3,transformer,star:1602-1601-16022-1,16022,10.5,250.0,0.0
T1602-16011-16021-1-w3,transformer,star:1602-16011-16021-1,16021,10.5,250.0,0.0
T1642-1641-16421-1-w3,transformer,star:1642-1641-16421-1,16421,10.5,238.0,0.0
T1642-1641-16422-2-w3,transformer,star:1642-1641-16422-2,16422,10.5,250.0,0.0
T1642-16411-16424-4-w3,transformer,star:1642-16411-16424-4,16424,10.5,175.0,0.0
T1742-1741-17421-1-w3,transformer,star:1742-1741-17421-1,17421,10.5,250.0,0.0
T1742-1741-17422-2-w3,transformer,star:1742-1741-17422-2,17422,10.5,250.0,0.0
T1742-17411-17423-3-w3,transformer,star:1742-17411-17423-3,17423,10.5,250.0,0.0
T1742-17411-17424-4-w3,transformer,star:1742-17411-17424-4,17424,10.5,250.0,0.0
T1941-19473-19472-1-w1,transformer,star:1941-19473-19472-1,1941,110.0,140.0,0.0
T1941-19473-19472-1-w2,transformer,star:1941-19473-19472-1,19473,11.5,140.0,0.0
T1941-19473-19472-1-w3,transformer,star:1941-19473-19472-1,19472,11.5,140.0,0.0
T2002-2001-20021-1-w3,transformer,star:2002-2001-20021-1,20021,10.5,250.0,0.0
T2042-2041-20421-1-w3,transformer,star:2042-2041-20421-1,20421,10.5,250.0,0.0
T2042-20416-20424-4-w3,transformer,star:2042-20416-20424-4,20424,10.5,250.0,0.0
T2052-2041-20422-2-w3,transformer,star:2052-2041-20422-2,20422,10.5,250.0,0.0
T2204-2202-22021-1-w3,transformer,star:2204-2202-22021-1,22021,17.5,500.0,0.0
T2204-2202-22022-2-w3,transformer,star:2204-2202-22022-2,22022,17.5,500.0,0.0
T2522-2521-25221-1-w3,transformer,star:2522-2521-25221-1,25221,10.5,125.0,0.0
T2522-2521-25222-2-w3,transformer,star:2522-2521-25222-2,25222,10.5,125.0,0.0
T2562-2561-25621-1-w3,transformer,star:2562-2561-25621-1,25621,10.5,250.0,0.0
T2562-2571-25622-2-w3,transformer,star:2562-2571-25622-2,25622,10.5,250.0,0.0
T2563-2561-25624-4-w3,transformer,star:2563-2561-25624-4,25624,10.5,250.0,0.0
T2563-2571-25625-5-w3,transformer,star:2563-2571-25625-5,25625,10.5,250.0,0.0
T2671-26700-26701-1-w1,transformer,star:2671-26700-26701-1,2671,110.0,9999.0,0.0
T2671-26700-26701-1-w2,transformer,star:2671-26700-26701-1,26700,20.0,999.0,0.0
T2671-26700-26701-1-w3,transformer,star:2671-26700-26701-1,26701,11.0,999.0,0.0
T2742-2741-27421-1-w3,transformer,star:2742-2741-27421-1,27421,10.5,125.0,0.0
T2742-2741-27422-2-w3,transformer,star:2742-2741-27422-2,27422,10.5,125.0,0.0
T2842-2841-28421-1-w3,transformer,star:2842-2841-28421-1,28421,10.5,250.0,0.0
T2962-29672-29671-1-w1,transformer,star:2962-29672-29671-1,2962,220.0,433.0,0.0
T2962-29672-29671-1-w2,transformer,star:2962-29672-29671-1,29672,16.0,288.0,0.0
T2962-29672-29671-1-w3,transformer,star:2962-29672-29671-1,29671,10.5,150.0,0.0
T3082-3081-30822-2-w3,transformer,star:3082-3081-30822-2,30822,10.5,250.0,0.0
T3082-3091-30824-4-w3,transformer,star:3082-3091-30824-4,30824,10.5,250.0,0.0
T3192-3191-31922-1-w3,transformer,star:3192-3191-31922-1,31922,10.5,250.0,0.0
T3192-31911-31927-2-w3,transformer,star:3192-31911-31927-2,31927,10.5,250.0,0.0
T3202-3201-32021-1-w3,transformer,star:3202-3201-32021-1,32021,10.5,250.0,0.0
T3203-3209-32022-2-w3,transformer,star:3203-3209-32022-2,32022,10.5,250.0,0.0
T3282-3281-32821-1-w3,transformer,star:3282-3281-32821-1,32821,10.5,63.0,0.0
T3282-3281-32822-2-w3,transformer,star:3282-3281-32822-2,32822,10.5,63.0,0.0
T3282-3281-32823-3-w3,transformer,star:3282-3281-32823-3,32823,10.5,250.0,0.0
T3282-32810-32824-4-w3,transformer,star:3282-32810-32824-4,32824,10.5,125.0,0.0
T3332-3331-33321-1-w3,transformer,star:3332-3331-33321-1,33321,10.5,250.0,0.0
T3332-3331-33323-3-w3,transformer,star:3332-3331-33323-3,33323,10.5,250.0,0.0
T3342-3341-33421-1-w3,transformer,star:3342-3341-33421-1,33421,10.5,125.0,0.0
T3342-3341-33422-2-w3,transformer,star:3342-3341-33422-2,33422,10.5,125.0,0.0
T3462-3461-34621-1-w3,transformer,star:3462-3461-34621-1,34621,10.5,250.0,0.0
T3462-3461-34622-2-w3,transformer,star:3462-3461-34622-2,34622,10.5,250.0,0.0
T3472-3471-34721-1-w3,transformer,star:3472-3471-34721-1,34721,10.5,250.0,0.0
T3472-3471-34722-2-w3,transformer,star:3472-3471-34722-2,34722,10.5,250.0,0.0
T3472-3471-34723-3-w3,transformer,star:3472-3471-34723-3,34723,10.5,250.0,0.0
T3472-3471-34724-4-w3,transformer,star:3472-3471-34724-4,34724,10.5,250.0,0.0
T3522-3521-35221-1-w3,transformer,star:3522-3521-35221-1,35221,10.5,125.0,0.0
T3522-3521-35223-3-w3,transformer,star:3522-3521-35223-3,35223,10.5,125.0,0.0
T3522-35211-35222-2-w3,transformer,star:3522-35211-35222-2,35222,10.5,125.0,0.0
T3522-35211-35224-4-w3,transformer,star:3522-35211-35224-4,35224,10.5,250.0,0.0
T3522-35231-35236-1-w3,transformer,star:3522-35231-35236-1,35236,10.5,300.0,0.0
T3522-35231-35238-3-w3,transformer,star:3522-35231-35238-3,35238,10.5,300.0,0.0
T3522-35232-35237-2-w3,transformer,star:3522-35232-35237-2,35237,10.5,600.0,0.0
T3642-3641-36421-1-w3,transformer,star:3642-3641-36421-1,36421,10.5,250.0,0.0
T3842-3851-38423-3-w3,transformer,star:3842-3851-38423-3,38423,10.5,125.0,0.0
T3842-3851-38424-4-w3,transformer,star:3842-3851-38424-4,38424,10.5,250.0,0.0
T3852-3841-38421-1-w3,transformer,star:3852-3841-38421-1,38421,10.5,125.0,0.0
T3852-3841-38422-2-w3,transformer,star:3852-3841-38422-2,38422,10.5,238.0,0.0
T3934-3942-39402-1-w3,transformer,star:3934-3942-39402-1,39402,17.5,500.0,0.0
T3940-3941-39423-1-w3,transformer,star:3940-3941-39423-1,39423,10.5,250.0,0.0
T3954-3942-39421-2-w3,transformer,star:3954-3942-39421-2,39421,17.5,500.0,0.0
T4242-42471-42472-1-w1,transformer,star:4242-42471-42472-1,4242,220.0,300.0,0.0
T4242-42471-42472-1-w2,transformer,star:4242-42471-42472-1,42471,10.5,300.0,0.0
T4242-42471-42472-1-w3,transformer,star:4242-42471-42472-1,42472,10.5,300.0,0.0
T4384-4382-43821-1-w3,transformer,star:4384-4382-43821-1,43821,17.5,500.0,0.0
T4472-4461-44623-3-w3,transformer,star:4472-4461-44623-3,44623,10.5,250.0,0.0
T4472-4471-44624-4-w3,transformer,star:4472-4471-44624-4,44624,10.5,250.0,0.0
T4722-4721-47221-1-w3,transformer,star:4722-4721-47221-1,47221,10.5,238.0,0.0
T4722-47210-47222-2-w3,transformer,star:4722-47210-47222-2,47222,10.5,250.0,0.0
T4942-4941-49422-2-w3,transformer,star:4942-4941-49422-2,49422,10.5,125.0,0.0
T4943-4941-49421-1-w3,transformer,star:4943-4941-49421-1,49421,10.5,125.0,0.0
T5042-5041-50421-1-w3,transformer,star:5042-5041-50421-1,50421,10.5,250.0,0.0
T5142-51410-51422-2-w3,transformer,star:5142-51410-51422-2,51422,10.5,238.0,0.0
T5172-51771-51772-1-w1,transformer,star:5172-51771-51772-1,5172,220.0,495.0,0.0
T5172-51771-51772-1-w2,transformer,star:5172-51771-51772-1,51771,15.75,325.0,0.0
T5172-51771-51772-1-w3,transformer,star:5172-51771-51772-1,51772,15.0,170.0,0.0
T5202-52071-52072-1-w1,transformer,star:5202-52071-52072-1,5202,220.0,175.0,0.0
T5202-52071-52072-1-w2,transformer,star:5202-52071-52072-1,52071,10.5,87.5,0.0
T5202-52071-52072-1-w3,transformer,star:5202-52071-52072-1,52072,10.5,87.5,0.0
T5202-52073-52074-2-w1,transformer,star:5202-52073-52074-2,5202,220.0,175.0,0.0
T5202-52073-52074-2-w2,transformer,star:5202-52073-52074-2,52073,10.5,87.5,0.0
T5202-52073-52074-2-w3,transformer,star:5202-52073-52074-2,52074,10.5,87.5,0.0
T5464-5462-54621-1-w3,transformer,star:5464-5462-54621-1,54621,17.5,500.0,0.0
T5464-5462-54624-4-w3,transformer,star:5464-5462-54624-4,54624,17.5,500.0,0.0
T5464-54622-54623-2-w3,transformer,star:5464-54622-54623-2,54623,17.5,550.0,0.0
T30820-3081-30821-1-w3,transformer,star:30820-3081-30821-1,30821,10.5,250.0,0.0
T30820-3091-30826-3-w3,transformer,star:30820-3091-30826-3,30826,10.5,250.0,0.0
T70510-70520-70561-1-w3,transformer,star:70510-70520-70561-1,70561,22.0,30.0,0.0
T70510-70520-70562-1-w3,transformer,star:70510-70520-70562-1,70562,22.0,30.0,0.0
T74511-74520-74561-1-w3,transformer,star:74511-74520-74561-1,74561,22.0,30.0,0.0
T74511-74520-74562-1-w3,transformer,star:74511-74520-74562-1,74562,22.0,30.0,0.0
T74512-74520-74563-1-w3,transformer,star:74512-74520-74563-1,74563,22.0,30.0,0.0
T75510-75520-75561-1-w3,transformer,star:75510-75520-75561-1,75561,22.0,60.0,0.0
T75511-75520-75562-1-w3,transformer,star:75511-75520-75562-1,75562,22.0,30.0,0.0
T81010-81020-81061-1-w3,transformer,star:81010-81020-81061-1,81061,22.0,45.0,0.0
T81010-81020-81062-1-w3,transformer,star:81010-81020-81062-1,81062,22.0,60.0,0.0
T81011-81020-81063-1-w3,transformer,star:81011-81020-81063-1,81063,22.0,60.0,0.0
T81510-81520-81561-1-w3,transformer,star:81510-81520-81561-1,81561,22.0,45.0,0.0
T81510-81520-81562-1-w3,transformer,star:81510-81520-81562-1,81562,22.0,45.0,0.0
T82020-82003-82004-1-w1,transformer,star:82020-82003-82004-1,82020,275.0,110.0,0.0
T82020-82003-82004-1-w2,transformer,star:82020-82003-82004-1,82003,11.5,55.0,0.0
T82020-82003-82004-1-w3,transformer,star:82020-82003-82004-1,82004,11.5,55.0,0.0
T90011-90020-90061-1-w3,transformer,star:90011-90020-90061-1,90061,22.0,30.0,0.0
T90011-90020-90062-1-w3,transformer,star:90011-90020-90062-1,90062,22.0,30.0,0.0
T90012-90020-90063-1-w3,transformer,star:90012-90020-90063-1,90063,22.0,60.0,0.0
T90310-90320-90361-1-w3,transformer,star:90310-90320-90361-1,90361,22.0,60.0,0.0
T90310-90320-90362-1-w3,transformer,star:90310-90320-90362-1,90362,22.0,60.0,0.0
