name,bus0,bus1,x,r,b,s_nom,length,carrier,sub_network,s_nom_source,psse_ckt
1021-2121-1,1021,2121,7.634010999999999,3.31661,4.9999999999999996e-05,121.0,18.15,AC,0,RATE1,1
1021-2341-1,1021,2341,2.7709,0.5929000000000001,0.0019173553719008267,192.0,21.0,AC,0,RATE1,1
1021-2361-1,1021,2361,13.410187999999998,5.851318,9.900826446280991e-05,121.0,32.32,AC,0,RATE1,1
1021-3541-1,1021,3541,4.476999999999999,0.8591,9.586776859504131e-05,210.0,11.7,AC,0,RATE1,1
1021-10210-1,1021,10210,0.012100000000000001,0.0,0.0,999.0,0.0,AC,0,RATE1,1
1021-10261-1,1021,10261,0.012100000000000001,0.0,0.0,123.0,0.0,AC,0,RATE1,1
1031-1181-1,1031,1181,20.6668,4.0051,0.00016528925619834712,210.0,52.6,AC,0,RATE1,1
1031-4221-1,1031,4221,20.6668,4.0051,0.00016528925619834712,210.0,52.6,AC,0,RATE1,1
1041-5481-1,1041,5481,1.2947,0.5929000000000001,8.264462809917356e-06,121.0,3.1,AC,0,RATE1,1
1042-1052-1,1042,1052,0.048400000000000006,0.0,0.0,593.0,0.0,AC,0,RATE1,1
1042-1072-1,1042,1072,0.29039999999999994,0.048400000000000006,7.933884297520661e-05,593.0,1.4,AC,0,RATE1,1
1042-3202-1,1042,3202,10.584596000000001,1.4500640000000002,7.121900826446281e-05,468.0,25.6,AC,0,RATE1,1
1042-4722-1,1042,4722,4.407788,0.528528,0.000520206611570248,513.0,14.39,AC,0,RATE1,1
1042-10422-1,1042,10422,0.19360000000000002,0.048400000000000006,5.475206611570248e-05,574.0,0.97,AC,0,RATE1,1
1052-1062-1,1052,1062,0.048400000000000006,0.0,0.0,999.0,0.0,AC,0,RATE1,1
1052-2852-1,1052,2852,0.7260000000000001,0.09680000000000001,0.00021384297520661157,573.0,3.78,AC,0,RATE1,1
1052-3202-2,1052,3202,10.7448,1.4520000000000002,6.921487603305785e-05,468.0,25.6,AC,0,RATE1,2
1061-10619-1,1061,10619,0.09680000000000001,0.048400000000000006,8.264462809917356e-07,123.0,0.21,AC,0,RATE1,1
1071-2231-1,1071,2231,3.3396,1.5125,2.1487603305785124e-05,123.0,8.0,AC,0,RATE1,1
1071-2361-1,1071,2361,15.899399999999998,7.1874,0.00010165289256198347,91.0,38.2,AC,0,RATE1,1
1071-4941-1,1071,4941,19.0091,8.2885,0.0001394214876033058,119.0,45.88,AC,0,RATE1,1
1081-32810-1,1081,32810,1.4882999999999997,0.4719,2.8925619834710747e-05,45.0,3.77,AC,0,RATE1,1
1091-2861-1,1091,2861,0.4598,0.21779999999999997,0.00020743801652892564,181.0,2.5,AC,0,RATE1,1
1091-3091-1,1091,3091,0.572209,0.54571,0.0009778512396694213,181.0,10.7,AC,0,RATE1,1
1101-2161-1,1101,2161,0.8349,0.3751,4.958677685950413e-06,45.0,2.0,AC,0,RATE1,1
1121-1301-1,1121,1301,9.5227,1.2342000000000002,5.867768595041323e-05,159.0,21.95,AC,0,RATE1,1
1121-3181-1,1121,3181,0.08470000000000001,0.09680000000000001,0.00012148760330578513,124.0,1.2,AC,0,RATE1,1
1121-4321-1,1121,4321,2.2264,0.4235,0.00019834710743801652,210.0,6.7,AC,0,RATE1,1
1121-4451-1,1121,4451,0.8954000000000001,0.18150000000000002,6.611570247933885e-06,210.0,2.25,AC,0,RATE1,1
1121-4451-2,1121,4451,0.9438,0.18150000000000002,7.438016528925619e-06,210.0,2.38,AC,0,RATE1,2
1122-1742-1,1122,1742,22.080080000000002,3.0008,0.0001681818181818182,513.0,53.61,AC,0,RATE1,1
1122-3642-1,1122,3642,16.359199999999998,2.2264,0.00010537190082644628,513.0,39.02,AC,0,RATE1,1
1122-11260-1,1122,11260,0.8228,0.09680000000000001,5.1652892561983475e-06,513.0,1.95,AC,0,RATE1,1
1131-2131-1,1131,2131,0.689942,0.147015,0.0004976859504132232,136.0,5.46,AC,0,RATE1,1
1131-11310-1,1131,11310,0.012100000000000001,0.0,0.0,210.0,0.0,AC,0,RATE1,1
1131-31911-1,1131,31911,2.517284,0.503844,5.6446280991735544e-05,210.0,6.71,AC,0,RATE1,1
1141-1911-1,1141,1911,0.4114,0.19360000000000002,0.00018677685950413222,140.0,2.25,AC,0,RATE1,1
1141-3501-1,1141,3501,14.036,2.7225,0.00010413223140495868,210.0,35.7,AC,0,RATE1,1
1141-4941-1,1141,4941,8.4216,1.6335,9.338842975206611e-05,190.0,21.63,AC,0,RATE1,1
1141-11461-1,1141,11461,0.012100000000000001,0.0,0.0,123.0,0.0,AC,0,RATE1,1
1151-1161-1,1151,1161,1.8029,0.3509,1.4049586776859503e-05,210.0,4.56,AC,0,RATE1,1
1151-3461-1,1151,3461,11.095699999999999,2.1538,8.264462809917356e-05,210.0,28.23,AC,0,RATE1,1
1161-1781-1,1161,1781,0.242,0.121,9.090909090909091e-06,96.0,0.65,AC,0,RATE1,1
1161-3901-1,1161,3901,10.8174,2.0933,8.016528925619834e-05,210.0,27.5,AC,0,RATE1,1
1161-5051-3,1161,5051,0.14519999999999997,0.07259999999999998,5.041322314049587e-05,120.0,1.0,AC,0,RATE1,3
1161-5071-4,1161,5071,0.14519999999999997,0.07259999999999998,5.041322314049587e-05,120.0,1.0,AC,0,RATE1,4
1161-17810-2,1161,17810,0.2541,0.121,9.917355371900826e-06,96.0,0.67,AC,0,RATE1,2
1181-1861-1,1181,1861,16.9158,3.2790999999999997,0.0001256198347107438,210.0,43.04,AC,0,RATE1,1
1181-2821-1,1181,2821,12.0274,2.3353,8.925619834710744e-05,210.0,30.6,AC,0,RATE1,1
1181-4961-1,1181,4961,7.284199999999999,1.4157000000000002,5.4545454545454546e-05,210.0,18.51,AC,0,RATE1,1
1181-4961-2,1181,4961,9.2323,1.7908000000000002,8.016528925619834e-05,210.0,23.56,AC,0,RATE1,2
1201-2561-1,1201,2561,1.2221,0.5687000000000001,0.0004528925619834711,136.0,9.0,AC,0,RATE1,1
1201-3781-1,1201,3781,0.6655,0.3146,0.0002462809917355372,115.0,4.9,AC,0,RATE1,1
1211-1751-1,1211,1751,1.8029,0.8591,0.0008297520661157025,140.0,10.0,AC,0,RATE1,1
1211-2771-1,1211,2771,0.298991,0.253374,0.0004473553719008264,220.0,4.91,AC,0,RATE1,1
1211-12111-1,1211,12111,0.012100000000000001,0.0,0.0,210.0,0.0,AC,0,RATE1,1
1212-1602-1,1212,1602,7.018,0.9602560000000001,5.161157024793388e-05,792.0,16.77,AC,0,RATE1,1
1212-3332-1,1212,3332,6.098400000000001,0.968,3.9876033057851245e-05,794.0,14.5,AC,0,RATE1,1
1221-1901-1,1221,1901,10.0793,4.561699999999999,6.446280991735537e-05,123.0,24.23,AC,0,RATE1,1
1221-3551-1,1221,3551,9.1355,4.1261,5.867768595041323e-05,123.0,21.94,AC,0,RATE1,1
1231-1841-1,1231,1841,2.8380549999999998,0.9721139999999999,0.0011286776859504132,68.0,22.4,AC,0,RATE1,1
1244-3204-1,1244,3204,0.1444,0.1444,1.2534626038781164e-05,1100.0,0.1,AC,0,RATE1,1
1251-2361-1,1251,2361,9.7042,1.8876,7.190082644628098e-05,210.0,24.69,AC,0,RATE1,1
1251-52219-1,1251,52219,7.1874,1.3914999999999997,5.371900826446281e-05,210.0,18.28,AC,0,RATE1,1
1261-3651-1,1261,3651,0.1331,0.07259999999999998,6.115702479338842e-05,140.0,0.73,AC,0,RATE1,1
1271-1491-1,1271,1491,4.2229,0.8228,3.6363636363636364e-05,210.0,10.75,AC,0,RATE1,1
1271-2041-1,1271,2041,6.606600000000001,1.2826,4.958677685950413e-05,210.0,15.93,AC,0,RATE1,1
1281-2221-1,1281,2221,11.4103,5.1546,8.099173553719009e-05,68.0,27.57,AC,0,RATE1,1
1301-17411-1,1301,17411,14.023900000000001,1.7908000000000002,8.59504132231405e-05,159.0,32.3,AC,0,RATE1,1
1311-3331-1,1311,3331,1.322046,0.24405700000000002,0.0008716528925619834,220.0,9.54,AC,0,RATE1,1
1321-13219-1,1321,13219,0.2057,0.07259999999999998,1.6528925619834712e-06,159.0,0.5,AC,0,RATE1,1
1331-2041-1,1331,2041,6.8486,2.0570000000000004,0.0003107438016528926,130.0,18.93,AC,0,RATE1,1
1331-4001-1,1331,4001,23.1715,9.583200000000001,0.0002628099173553719,123.0,56.78,AC,0,RATE1,1
1341-1701-1,1341,1701,13.4915,2.6136,9.999999999999999e-05,210.0,34.3,AC,0,RATE1,1
1341-5191-1,1341,5191,9.3654,2.9282,6.528925619834711e-05,159.0,23.2,AC,0,RATE1,1
1351-4081-1,1351,4081,3.680457,1.230812,0.00024330578512396693,121.0,11.2,AC,0,RATE1,1
1351-4201-1,1351,4201,2.065712,0.7268469999999999,0.00023214876033057853,122.0,7.2,AC,0,RATE1,1
1361-2001-1,1361,2001,9.0871,3.7752,6.033057851239669e-05,217.0,21.8,AC,0,RATE1,1
1361-2161-1,1361,2161,4.4528,0.8591,3.305785123966942e-05,210.0,11.3,AC,0,RATE1,1
1371-1451-1,1371,1451,0.121,0.024200000000000003,7.768595041322315e-05,192.0,0.85,AC,0,RATE1,1
1371-5111-1,1371,5111,0.16940000000000002,0.03629999999999999,0.00010991735537190081,192.0,1.2,AC,0,RATE1,1
1381-4721-1,1381,4721,0.7139,0.3267,4.958677685950413e-06,92.0,1.7,AC,0,RATE1,1
1392-3842-1,1392,3842,22.748,4.1624,0.0001440082644628099,420.0,53.05,AC,0,RATE1,1
1392-4943-1,1392,4943,23.232000000000003,4.1624,0.00020454545454545454,420.0,54.5,AC,0,RATE1,1
1401-1661-1,1401,1661,15.536399999999999,6.449300000000001,0.00011818181818181818,217.0,37.4,AC,0,RATE1,1
1401-3691-1,1401,3691,0.29039999999999994,0.07259999999999998,0.00020661157024793388,192.0,2.19,AC,0,RATE1,1
1401-14010-1,1401,14010,0.012100000000000001,0.0,0.0,999.0,0.0,AC,0,RATE1,1
1411-3081-1,1411,3081,1.1737,0.5687000000000001,0.0005388429752066115,136.0,6.5,AC,0,RATE1,1
1411-3081-2,1411,3081,1.1737,0.5687000000000001,0.0005388429752066115,136.0,6.5,AC,0,RATE1,2
1421-4651-1,1421,4651,0.7260000000000001,0.36300000000000004,0.0011256198347107437,151.0,7.7,AC,0,RATE1,1
1431-2651-1,1431,2651,5.287700000000001,1.0285000000000002,3.9669421487603306e-05,210.0,13.45,AC,0,RATE1,1
1431-3261-1,1431,3261,8.6515,1.6819,6.446280991735537e-05,210.0,22.0,AC,0,RATE1,1
1441-1501-1,1441,1501,1.089,0.484,7.438016528925619e-06,91.0,2.6,AC,0,RATE1,1
1441-2225-1,1441,2225,10.1882,1.9723,7.603305785123966e-05,210.0,25.9,AC,0,RATE1,1
1441-14461-1,1441,14461,0.012100000000000001,0.0,0.0,123.0,0.0,AC,0,RATE1,1
1441-15010-2,1441,15010,1.0406,0.4719,6.611570247933885e-06,91.0,2.5,AC,0,RATE1,2
1441-47210-1,1441,47210,10.4423,2.0206999999999997,0.00012148760330578513,192.0,26.89,AC,0,RATE1,1
1451-2041-1,1451,2041,0.33880000000000005,0.07259999999999998,0.000228099173553719,221.0,2.5,AC,0,RATE1,1
1461-14619-1,1461,14619,0.1331,0.048400000000000006,1.6528925619834712e-06,159.0,0.31,AC,0,RATE1,1
1471-1810-1,1471,1810,0.25603479,0.04281306700000001,0.00021206611570247932,229.0,0.0,AC,0,RATE1,1
1471-1810-2,1471,1810,0.25603479,0.04281306700000001,0.00021206611570247932,229.0,0.0,AC,0,RATE1,2
1471-3921-1,1471,3921,1.0285000000000002,1.4399000000000002,0.00045454545454545455,420.0,5.0,AC,0,RATE1,1
1471-4101-1,1471,4101,0.3509,0.08470000000000001,0.00020991735537190083,132.0,2.3,AC,0,RATE1,1
1472-2562-1,1472,2562,0.7260000000000001,0.19360000000000002,0.0006859504132231406,457.0,10.0,AC,0,RATE1,1
1472-5022-1,1472,5022,1.6456,0.484,0.0016051652892561984,570.0,23.4,AC,0,RATE1,1
1472-14720-1,1472,14720,3.7752,0.33880000000000005,0.0011309917355371902,593.0,20.0,AC,0,RATE1,1
1474-5464-1,1474,5464,5.129088,5.129088,0.0025636080332409974,1473.0,37.0,AC,0,RATE1,1
1481-2001-1,1481,2001,4.598,0.9438,0.00010743801652892562,192.0,12.32,AC,0,RATE1,1
1481-3401-1,1481,3401,1.1979000000000002,0.4598,8.264462809917356e-06,216.0,2.72,AC,0,RATE1,1
1491-2181-1,1491,2181,3.7510000000000003,0.7260000000000001,3.305785123966942e-05,210.0,9.55,AC,0,RATE1,1
1511-52610-1,1511,52610,2.355023,0.8160240000000001,0.0008174380165289257,181.0,13.62,AC,0,RATE1,1
1521-2401-1,1521,2401,1.8029,0.8591,0.0008297520661157025,124.0,10.0,AC,0,RATE1,1
1522-2042-1,1522,2042,2.1296,0.29039999999999994,1.384297520661157e-05,513.0,5.06,AC,0,RATE1,1
1522-5462-1,1522,5462,5.662800000000001,0.7744000000000001,3.65702479338843e-05,513.0,13.5,AC,0,RATE1,1
1522-15220-1,1522,15220,0.19360000000000002,0.048400000000000006,0.00017148760330578514,635.0,2.5,AC,0,RATE1,1
1522-15220-2,1522,15220,0.19360000000000002,0.048400000000000006,0.00017148760330578514,635.0,2.5,AC,0,RATE1,2
1531-3801-1,1531,3801,1.4762,0.5687000000000001,9.917355371900826e-06,121.0,3.52,AC,0,RATE1,1
1531-5481-1,1531,5481,7.5988,3.2428,4.958677685950413e-05,121.0,18.31,AC,0,RATE1,1
1541-4321-1,1541,4321,9.728399999999999,2.1538,0.000256198347107438,210.0,25.51,AC,0,RATE1,1
1541-5291-1,1541,5291,4.3802,0.847,3.7190082644628094e-05,210.0,11.15,AC,0,RATE1,1
1551-16011-1,1551,16011,4.8521,0.9800999999999999,0.00022314049586776862,210.0,13.5,AC,0,RATE1,1
1561-2861-1,1561,2861,0.2783,0.0605,0.00017107438016528923,140.0,1.87,AC,0,RATE1,1
1561-2861-2,1561,2861,0.30250000000000005,0.0605,0.00018429752066115703,140.0,2.02,AC,0,RATE1,2
1571-5191-1,1571,5191,14.568399999999999,6.5824,9.256198347107436e-05,91.0,35.0,AC,0,RATE1,1
1581-4491-1,1581,4491,0.8711999999999999,0.29039999999999994,4.3801652892561984e-05,133.0,2.66,AC,0,RATE1,1
1581-5521-1,1581,5521,0.6413,0.30250000000000005,0.00023636363636363636,115.0,4.7,AC,0,RATE1,1
1591-3381-1,1591,3381,2.6014999999999997,0.5082,1.9834710743801653e-05,210.0,6.59,AC,0,RATE1,1
1591-4001-1,1591,4001,7.465699999999999,1.4520000000000002,5.537190082644628e-05,210.0,18.97,AC,0,RATE1,1
1601-1611-1,1601,1611,11.646370999999998,2.2748000000000004,0.00012132231404958678,190.0,29.97,AC,0,RATE1,1
1601-2225-1,1601,2225,15.2097,2.9403,0.0001256198347107438,210.0,38.83,AC,0,RATE1,1
1601-3881-2,1601,3881,2.2264,0.43559999999999993,1.652892561983471e-05,191.0,5.66,AC,0,RATE1,2
1601-16011-1,1601,16011,0.012100000000000001,0.0,0.0,210.0,0.0,AC,0,RATE1,1
1602-3202-1,1602,3202,18.003832,2.415644,0.00011849173553719008,751.0,42.93,AC,0,RATE1,1
1611-3301-1,1611,3301,7.986000000000001,1.5488000000000002,5.9504132231404955e-05,210.0,20.3,AC,0,RATE1,1
1621-3061-1,1621,3061,1.2221,0.484,8.264462809917356e-06,217.0,2.74,AC,0,RATE1,1
1621-3221-1,1621,3221,5.926216999999999,2.4222989999999998,0.00012958677685950414,201.0,14.36,AC,0,RATE1,1
1631-2671-1,1631,2671,2.2748000000000004,0.44770000000000004,2.71900826446281e-05,210.0,5.83,AC,0,RATE1,1
1631-5041-1,1631,5041,5.287700000000001,2.3958000000000004,3.388429752066116e-05,210.0,12.7,AC,0,RATE1,1
1631-10619-1,1631,10619,5.384499999999999,1.0406,4.049586776859504e-05,210.0,13.68,AC,0,RATE1,1
1641-1821-1,1641,1821,8.9661,1.7423999999999997,6.694214876033058e-05,210.0,22.8,AC,0,RATE1,1
1641-2361-1,1641,2361,21.0177,4.0656,0.00015619834710743803,210.0,53.47,AC,0,RATE1,1
1641-2781-1,1641,2781,5.4329,1.0527,4.049586776859504e-05,210.0,13.8,AC,0,RATE1,1
1641-2781-2,1641,2781,4.4528,0.8591,3.305785123966942e-05,210.0,11.3,AC,0,RATE1,2
1641-2781-3,1641,2781,4.4528,0.8591,3.305785123966942e-05,210.0,11.3,AC,0,RATE1,3
1641-4951-1,1641,4951,8.47,1.9481,0.0005619834710743802,105.0,24.86,AC,0,RATE1,1
1641-16410-1,1641,16410,0.242,0.2541,0.00033801652892561984,124.0,3.36,AC,0,RATE1,1
1641-16411-1,1641,16411,0.012100000000000001,0.0,0.0,123.0,0.0,AC,0,RATE1,1
1641-16461-1,1641,16461,0.012100000000000001,0.0,0.0,123.0,0.0,AC,0,RATE1,1
1641-22811-1,1641,22811,23.8854,4.622199999999999,0.00017685950413223137,210.0,60.76,AC,0,RATE1,1
1641-50019-1,1641,50019,20.811999999999998,9.4138,0.00013305785123966942,121.0,50.02,AC,0,RATE1,1
1642-2522-1,1642,2522,36.9292,4.9852,0.00023801652892561982,436.0,88.09,AC,0,RATE1,1
1642-4522-1,1642,4522,37.122800000000005,4.9852,0.00023925619834710743,468.0,88.54,AC,0,RATE1,1
1642-5172-1,1642,5172,16.3108,2.2443079999999993,0.00011983471074380167,792.0,39.89,AC,0,RATE1,1
1651-5261-1,1651,5261,3.7510000000000003,1.694,2.3966942148760328e-05,121.0,9.0,AC,0,RATE1,1
1651-5281-1,1651,5281,5.4329,2.4200000000000004,0.00010909090909090909,123.0,13.5,AC,0,RATE1,1
1661-1821-1,1661,1821,22.6875,4.3923,0.00016859504132231404,210.0,57.7,AC,0,RATE1,1
1661-1951-1,1661,1951,9.428562,4.240324,0.00048429752066115705,121.0,26.71,AC,0,RATE1,1
1661-2281-1,1661,2281,10.914200000000001,2.1175,8.099173553719009e-05,210.0,27.76,AC,0,RATE1,1
1661-16661-1,1661,16661,0.012100000000000001,0.0,0.0,123.0,0.0,AC,0,RATE1,1
1661-16662-1,1661,16662,1.2100000000000002,0.0,0.0,881.0,0.0,AC,0,"station coupler, bounded by the weaker end",1
1671-1941-1,1671,1941,0.08470000000000001,0.024200000000000003,4.628099173553718e-05,140.0,0.5,AC,0,RATE1,1
1681-3881-1,1681,3881,0.9559000000000002,0.19360000000000002,7.438016528925619e-06,210.0,2.41,AC,0,RATE1,1
1681-32210-1,1681,32210,12.6203,2.4442,9.338842975206611e-05,210.0,32.09,AC,0,RATE1,1
1691-5131-1,1691,5131,0.6776000000000001,0.3509,0.0005991735537190082,116.0,5.59,AC,0,RATE1,1
1691-51319-1,1691,51319,0.44770000000000004,0.21779999999999997,0.00020413223140495866,100.0,3.38,AC,0,RATE1,1
1701-1761-1,1701,1761,2.2264,0.7018,1.5702479338842974e-05,68.0,5.5,AC,0,RATE1,1
1701-1981-1,1701,1981,24.103199999999998,4.6585,0.00017851239669421489,210.0,61.3,AC,0,RATE1,1
1701-5041-1,1701,5041,21.6227,7.852900000000001,0.00017438016528925618,191.0,52.63,AC,0,RATE1,1
1701-17010-1,1701,17010,0.012100000000000001,0.0,0.0,999.0,0.0,AC,0,RATE1,1
1701-17061-1,1701,17061,0.012100000000000001,0.0,0.0,123.0,0.0,AC,0,RATE1,1
1701-28712-2,1701,28712,10.691076,4.6706,7.834710743801653e-05,210.0,25.74,AC,0,RATE1,2
1711-3421-2,1711,3421,0.2541,0.121,0.00011239669421487603,114.0,1.35,AC,0,RATE1,2
1721-2161-1,1721,2161,6.1831,1.1979000000000002,4.628099173553718e-05,210.0,15.73,AC,0,RATE1,1
1721-2391-1,1721,2391,7.0664,1.3673,5.289256198347108e-05,210.0,17.95,AC,0,RATE1,1
1721-5381-1,1721,5381,7.1027,1.3794,5.289256198347108e-05,210.0,18.06,AC,0,RATE1,1
1721-14619-1,1721,14619,17.375600000000002,3.3638,0.00012892561983471074,210.0,44.2,AC,0,RATE1,1
1721-17261-1,1721,17261,0.012100000000000001,0.0,0.0,123.0,0.0,AC,0,RATE1,1
1731-3421-1,1731,3421,0.2541,0.121,0.00011239669421487603,114.0,1.35,AC,0,RATE1,1
1741-1851-1,1741,1851,0.9800999999999999,0.4598,0.00024380165289256196,123.0,4.0,AC,0,RATE1,1
1741-4511-1,1741,4511,0.30250000000000005,0.1573,0.00046776859504132234,127.0,3.2,AC,0,RATE1,1
1741-51319-1,1741,51319,0.048400000000000006,0.024200000000000003,8.264462809917356e-07,159.0,0.1,AC,0,RATE1,1
1742-2202-1,1742,2202,17.4724,2.3716000000000004,0.00022520661157024793,513.0,41.61,AC,0,RATE1,1
1742-3122-1,1742,3122,2.2414039999999997,0.134552,0.0006725206611570249,593.0,11.89,AC,0,RATE1,1
1742-17420-1,1742,17420,1.7423999999999997,0.484,0.0017148760330578513,570.0,25.0,AC,0,RATE1,1
1742-17420-2,1742,17420,1.7423999999999997,0.484,0.0017148760330578513,570.0,25.0,AC,0,RATE1,2
1742-17462-1,1742,17462,0.048400000000000006,0.0,0.0,513.0,0.0,AC,0,RATE1,1
1791-4201-1,1791,4201,8.699900000000001,2.6257,6.115702479338842e-05,159.0,21.6,AC,0,RATE1,1
1791-4481-1,1791,4481,7.5746,1.4641,5.6198347107438014e-05,210.0,19.25,AC,0,RATE1,1
1801-4111-1,1801,4111,5.445,1.6456,0.00022479338842975205,133.0,15.1,AC,0,RATE1,1
1801-17411-1,1801,17411,5.0457,1.6214,0.0004991735537190083,138.0,16.0,AC,0,RATE1,1
1811-3431-1,1811,3431,0.121,0.03629999999999999,8.264462809917356e-05,223.0,0.9,AC,0,RATE1,1
1811-3471-1,1811,3471,0.024200000000000003,0.012100000000000001,9.917355371900826e-06,169.0,0.1,AC,0,RATE1,1
1821-35011-1,1821,35011,26.813599999999997,11.507100000000001,0.00017355371900826448,122.0,64.76,AC,0,RATE1,1
1831-2091-1,1831,2091,13.09704,3.7669719999999995,0.00032884297520661157,159.0,33.33,AC,0,RATE1,1
1841-2351-1,1841,2351,1.0043,0.19360000000000002,8.264462809917356e-06,210.0,2.53,AC,0,RATE1,1
1841-5291-1,1841,5291,5.4692,1.331,4.462809917355372e-05,210.0,13.65,AC,0,RATE1,1
1841-5501-1,1841,5501,8.978200000000001,1.7423999999999997,6.694214876033058e-05,210.0,22.82,AC,0,RATE1,1
1861-2521-1,1861,2521,1.4157000000000002,0.6413,9.090909090909091e-06,121.0,3.4,AC,0,RATE1,1
1861-2521-2,1861,2521,1.3794,0.6292,9.090909090909091e-06,121.0,3.3,AC,0,RATE1,2
1861-10619-1,1861,10619,7.83233,1.5729999999999997,5.7851239669421495e-05,210.0,20.7,AC,0,RATE1,1
1871-2581-1,1871,2581,1.5367000000000002,0.4114,0.00030826446280991733,142.0,5.02,AC,0,RATE1,1
1871-20411-1,1871,20411,0.5203,0.10889999999999998,0.00016198347107438017,143.0,2.66,AC,0,RATE1,1
1881-2881-1,1881,2881,11.6765,5.082,7.438016528925619e-05,121.0,28.06,AC,0,RATE1,1
1881-3281-1,1881,3281,14.8951,4.6585,0.00010413223140495868,159.0,36.9,AC,0,RATE1,1
1881-4021-1,1881,4021,8.8451,1.7182,6.611570247933885e-05,210.0,22.5,AC,0,RATE1,1
1881-18810-1,1881,18810,0.43559999999999993,0.08470000000000001,0.00027355371900826444,140.0,3.0,AC,0,RATE1,1
1901-3341-1,1901,3341,2.2506,1.0164,1.4876033057851239e-05,123.0,5.4,AC,0,RATE1,1
1901-3341-2,1901,3341,2.1901,0.9922,1.4049586776859503e-05,123.0,5.27,AC,0,RATE1,2
1901-50619-1,1901,50619,7.3326,3.3154000000000003,4.710743801652893e-05,68.0,17.6,AC,0,RATE1,1
1921-1961-1,1921,1961,6.5703,2.9645000000000006,0.00015041322314049587,121.0,17.22,AC,0,RATE1,1
1921-4341-1,1921,4341,0.9559000000000002,0.4235,6.611570247933885e-06,33.0,2.3,AC,0,RATE1,1
1921-4351-2,1921,4351,0.9196,0.3993,5.785123966942148e-06,42.0,2.2,AC,0,RATE1,2
1921-4721-1,1921,4721,2.8556,1.2100000000000002,2.7272727272727273e-05,121.0,6.9,AC,0,RATE1,1
1921-5481-1,1921,5481,7.4415,3.2912,4.7933884297520656e-05,121.0,17.79,AC,0,RATE1,1
1931-4371-1,1931,4371,10.940456999999999,4.765585,7.223140495867768e-05,210.0,26.29,AC,0,RATE1,1
1931-4981-1,1931,4981,8.7967,3.6542000000000003,5.867768595041323e-05,210.0,21.1,AC,0,RATE1,1
1941-2401-1,1941,2401,5.8443000000000005,1.8271000000000002,4.132231404958678e-05,159.0,13.67,AC,0,RATE1,1
1941-4201-1,1941,4201,9.680000000000001,1.8755000000000002,7.190082644628098e-05,210.0,24.61,AC,0,RATE1,1
1941-4391-1,1941,4391,0.5324,0.10889999999999998,9.421487603305787e-05,210.0,2.0,AC,0,RATE1,1
1961-3201-1,1961,3201,3.1338999999999997,1.4157000000000002,2.8925619834710747e-05,121.0,7.59,AC,0,RATE1,1
1971-2731-1,1971,2731,0.11845900000000001,0.08470000000000001,8.983471074380164e-05,91.0,2.0,AC,0,RATE1,1
1971-16110-1,1971,16110,2.4804999999999997,0.484,2.2809917355371897e-05,190.0,6.3,AC,0,RATE1,1
1981-2821-1,1981,2821,4.2955,0.8349,3.2231404958677685e-05,210.0,10.9,AC,0,RATE1,1
1981-79016-1,1981,79016,11.444664,4.991250000000001,7.56198347107438e-05,121.0,27.5,AC,0,RATE1,1
1991-3641-1,1991,3641,1.064316,0.36457300000000004,0.00042322314049586773,91.0,8.4,AC,0,RATE1,1
2001-4791-1,2001,4791,7.5262,1.4641,6.115702479338842e-05,210.0,19.17,AC,0,RATE1,1
2001-5441-1,2001,5441,3.602775,0.8877769999999999,0.00045297520661157024,201.0,13.14,AC,0,RATE1,1
2002-2742-1,2002,2742,9.583200000000001,1.6456,9.194214876033059e-05,793.0,23.34,AC,0,RATE1,1
2002-3203-1,2002,3203,35.574,5.662800000000001,0.00024132231404958677,765.0,86.0,AC,0,RATE1,1
2011-2261-1,2011,2261,0.16940000000000002,0.03629999999999999,8.512396694214876e-05,228.0,0.9,AC,0,RATE1,1
2021-2591-1,2021,2591,0.10889999999999998,0.121,0.0001512396694214876,132.0,1.5,AC,0,RATE1,1
2021-3091-1,2021,3091,3.6420999999999997,1.3431,2.4793388429752065e-05,134.0,8.9,AC,0,RATE1,1
2041-2791-1,2041,2791,4.3439000000000005,0.847,3.2231404958677685e-05,210.0,11.05,AC,0,RATE1,1
2041-4621-1,2041,4621,5.2514,1.6335,3.7190082644628094e-05,171.0,13.0,AC,0,RATE1,1
2041-20411-1,2041,20411,0.012100000000000001,0.0,0.0,476.0,0.0,AC,0,RATE1,1
2042-2052-1,2042,2052,0.048400000000000006,0.0,0.0,999.0,0.0,AC,0,RATE1,1
2042-2072-1,2042,2072,0.33880000000000005,0.048400000000000006,0.00020247933884297523,730.0,2.0,AC,0,RATE1,1
2042-2072-2,2042,2072,0.29039999999999994,0.048400000000000006,0.00016611570247933882,730.0,1.64,AC,0,RATE1,2
2042-2562-1,2042,2562,1.5972,0.242,1.012396694214876e-05,513.0,3.73,AC,0,RATE1,1
2042-4012-1,2042,4012,0.7260000000000001,0.09680000000000001,0.00021095041322314047,593.0,3.73,AC,0,RATE1,1
2052-2563-2,2052,2563,1.5972,0.242,1.012396694214876e-05,513.0,3.73,AC,0,RATE1,2
2052-5462-2,2052,5462,7.502000000000001,1.0164,4.834710743801653e-05,513.0,17.83,AC,0,RATE1,2
2061-47210-1,2061,47210,0.29039999999999994,0.30250000000000005,0.0004148760330578513,124.0,4.12,AC,0,RATE1,1
2090-2111-1,2090,2111,0.49004999999999993,0.079981,0.00033223140495867765,220.0,3.42,AC,0,RATE1,1
2090-2781-1,2090,2781,3.75221,0.61105,0.0011368595041322312,185.0,25.53,AC,0,RATE1,1
2091-2171-1,2091,2171,1.815,0.3267,0.000884297520661157,190.0,11.7,AC,0,RATE1,1
2091-2331-1,2091,2331,0.33880000000000005,0.048400000000000006,0.00018925619834710743,228.0,2.0,AC,0,RATE1,1
2091-4951-1,2091,4951,7.6714,2.2881099999999996,0.0006724793388429753,220.0,22.71,AC,0,RATE1,1
2091-20900-1,2091,20900,0.08470000000000001,0.024200000000000003,4.628099173553718e-05,140.0,0.5,AC,0,RATE1,1
2101-4061-1,2101,4061,3.1218,1.4157000000000002,2.066115702479339e-05,121.0,7.5,AC,0,RATE1,1
2101-35211-1,2101,35211,7.0422,3.1702000000000004,4.462809917355372e-05,121.0,16.81,AC,0,RATE1,1
2121-21210-1,2121,21210,2.541,1.1374000000000002,2.1487603305785124e-05,121.0,6.13,AC,0,RATE1,1
2121-21261-1,2121,21261,0.012100000000000001,0.0,0.0,123.0,0.0,AC,0,RATE1,1
2141-4791-1,2141,4791,6.074200000000001,1.1858000000000002,4.958677685950413e-05,210.0,15.48,AC,0,RATE1,1
2141-6931-1,2141,6931,3.4001000000000006,0.6655,2.5619834710743802e-05,210.0,8.65,AC,0,RATE1,1
2151-3461-1,2151,3461,5.4692,0.9800999999999999,8.59504132231405e-05,210.0,13.9,AC,0,RATE1,1
2151-5281-1,2151,5281,12.6687,2.4562999999999997,0.0001140495867768595,210.0,32.33,AC,0,RATE1,1
2161-21661-1,2161,21661,0.012100000000000001,0.0,0.0,123.0,0.0,AC,0,RATE1,1
2181-2841-1,2181,2841,8.070699999999999,3.5452999999999997,5.206611570247934e-05,121.0,19.39,AC,0,RATE1,1
2181-3521-1,2181,3521,12.547699999999999,2.4320999999999997,9.338842975206611e-05,121.0,31.9,AC,0,RATE1,1
2181-4691-1,2181,4691,1.0648,0.2057,3.2231404958677685e-05,210.0,2.88,AC,0,RATE1,1
2191-4691-1,2191,4691,0.8228,0.121,0.0004735537190082644,228.0,5.0,AC,0,RATE1,1
2202-3342-1,2202,3342,24.877599999999997,3.3396,0.00016033057851239668,468.0,59.3,AC,0,RATE1,1
2202-3842-1,2202,3842,12.825999999999999,1.7423999999999997,8.243801652892562e-05,513.0,30.55,AC,0,RATE1,1
2202-3852-2,2202,3852,12.825999999999999,1.7423999999999997,8.264462809917356e-05,513.0,30.55,AC,0,RATE1,2
2202-5202-1,2202,5202,10.6964,1.4520000000000002,0.00029814049586776863,351.0,26.62,AC,0,RATE1,1
2204-5464-1,2204,5464,8.5196,0.4331999999999999,0.004234072022160665,1473.0,52.85,AC,0,RATE1,1
2204-22044-1,2204,22044,-10.108,0.0,0.0,1847.0,0.0,AC,0,RATE1,1
2211-2641-1,2211,2641,1.5367000000000002,0.7381,0.0007049586776859503,140.0,8.5,AC,0,RATE1,1
2211-5501-1,2211,5501,1.7666,0.847,0.0008123966942148761,140.0,9.8,AC,0,RATE1,1
2221-2225-1,2221,2225,0.012100000000000001,0.0,0.0,999.0,0.0,AC,0,RATE1,1
2221-3881-1,2221,3881,10.904399000000002,4.760503000000001,7.198347107438018e-05,217.0,26.22,AC,0,RATE1,1
2221-3891-1,2221,3891,4.8037,1.8755000000000002,2.9752066115702478e-05,217.0,10.88,AC,0,RATE1,1
2221-22261-1,2221,22261,0.012100000000000001,0.0,0.0,123.0,0.0,AC,0,RATE1,1
2241-22419-1,2241,22419,5.082,2.299,3.305785123966942e-05,123.0,12.2,AC,0,RATE1,1
2251-2571-1,2251,2571,1.7423999999999997,0.2057,0.0009157024793388429,136.0,9.24,AC,0,RATE1,1
2251-3421-1,2251,3421,0.5807999999999999,0.2783,0.0002652892561983471,151.0,3.2,AC,0,RATE1,1
2261-3311-1,2261,3311,0.048400000000000006,0.012100000000000001,2.4793388429752065e-05,228.0,0.26,AC,0,RATE1,1
2261-3381-1,2261,3381,6.025799999999999,1.4882999999999997,4.3801652892561984e-05,159.0,15.12,AC,0,RATE1,1
2261-22612-1,2261,22612,0.012100000000000001,0.0,0.0,380.0,0.0,AC,0,RATE1,1
2271-4941-1,2271,4941,0.5203,0.10889999999999998,0.00031900826446280996,140.0,3.5,AC,0,RATE1,1
2281-22811-1,2281,22811,0.012100000000000001,0.0,0.0,999.0,0.0,AC,0,RATE1,1
2281-22861-1,2281,22861,0.012100000000000001,0.0,0.0,123.0,0.0,AC,0,RATE1,1
2301-23019-1,2301,23019,0.024200000000000003,0.012100000000000001,8.264462809917356e-07,57.0,0.06,AC,0,RATE1,1
2312-4662-1,2312,4662,2.2264,0.19360000000000002,0.0005997933884297521,794.0,9.09,AC,0,RATE1,1
2312-4662-2,2312,4662,2.2264,0.19360000000000002,0.0005997933884297521,794.0,9.05,AC,0,RATE1,2
2321-3581-1,2321,3581,3.3396,1.5125,2.1487603305785124e-05,123.0,8.35,AC,0,RATE1,1
2321-4071-1,2321,4071,2.0812,0.9438,1.322314049586777e-05,121.0,5.0,AC,0,RATE1,1
2321-28710-1,2321,28710,10.998899999999999,4.6706,0.0001256198347107438,123.0,27.0,AC,0,RATE1,1
2351-3641-1,2351,3641,1.9965000000000002,0.38720000000000004,1.652892561983471e-05,210.0,5.06,AC,0,RATE1,1
2361-21210-1,2361,21210,4.767399999999999,2.1417,3.057851239669421e-05,121.0,11.41,AC,0,RATE1,1
2361-23610-1,2361,23610,5.7475,0.390588,0.0022396694214876036,220.0,31.0,AC,0,RATE1,1
2391-5301-1,2391,5301,8.349,1.6214,6.198347107438017e-05,210.0,21.24,AC,0,RATE1,1
2401-5321-1,2401,5321,6.792214000000001,1.935516,0.00022884297520661158,159.0,18.29,AC,0,RATE1,1
2421-3471-1,2421,3471,0.10889999999999998,0.024200000000000003,6.859504132231405e-05,184.0,0.75,AC,0,RATE1,1
2421-3471-2,2421,3471,0.10889999999999998,0.024200000000000003,6.859504132231405e-05,184.0,0.75,AC,0,RATE1,2
2441-2791-1,2441,2791,10.285000000000002,1.9965000000000002,0.00012396694214876033,190.0,26.5,AC,0,RATE1,1
2441-4501-1,2441,4501,0.19360000000000002,0.03629999999999999,4.958677685950413e-05,190.0,0.8,AC,0,RATE1,1
2481-24819-1,2481,24819,2.0812,0.9438,1.322314049586777e-05,123.0,5.0,AC,0,RATE1,1
2491-17411-1,2491,17411,3.1218,1.4157000000000002,1.9834710743801653e-05,123.0,7.5,AC,0,RATE1,1
2521-2681-1,2521,2681,4.4165,1.9965000000000002,2.8099173553719007e-05,68.0,10.6,AC,0,RATE1,1
2521-4981-1,2521,4981,21.0177,9.4985,0.00013388429752066115,121.0,50.5,AC,0,RATE1,1
2521-5341-1,2521,5341,12.704999999999998,2.4562999999999997,9.421487603305787e-05,210.0,32.3,AC,0,RATE1,1
2521-66094-1,2521,66094,8.530499999999998,1.6577000000000002,6.363636363636364e-05,210.0,21.7,AC,0,RATE1,1
2522-3522-1,2522,3522,47.256308,6.264896,0.0003000206611570248,475.0,110.08,AC,0,RATE1,1
2522-5042-1,2522,5042,22.76736,3.1459999999999995,0.0001587396694214876,513.0,56.01,AC,0,RATE1,1
2541-2941-1,2541,2941,0.484,0.21779999999999997,0.00024793388429752067,114.0,2.28,AC,0,RATE1,1
2541-5231-1,2541,5231,0.5082,0.242,0.00023223140495867768,136.0,2.8,AC,0,RATE1,1
2551-2951-1,2551,2951,0.43559999999999993,0.2057,0.00019917355371900828,133.0,2.4,AC,0,RATE1,1
2551-3081-1,2551,3081,1.1858000000000002,0.5324,0.0006008264462809918,114.0,5.6,AC,0,RATE1,1
2561-3781-1,2561,3781,0.8349,0.36300000000000004,0.0011669421487603305,114.0,7.9,AC,0,RATE1,1
2561-4491-1,2561,4491,1.1979000000000002,0.3993,5.041322314049587e-05,116.0,3.52,AC,0,RATE1,1
2561-25610-1,2561,25610,1.2100000000000002,0.0,0.0,2364.0,0.0,AC,0,"station coupler, bounded by the weaker end",1
2561-25674-1,2561,25674,0.012100000000000001,0.0,0.0,2364.0,0.0,AC,0,"station coupler, bounded by the weaker end",1
2562-2563-1,2562,2563,0.048400000000000006,0.0,0.0,999.0,0.0,AC,0,RATE1,1
2562-4012-1,2562,4012,0.29039999999999994,0.048400000000000006,7.933884297520661e-05,593.0,1.4,AC,0,RATE1,1
2563-4242-1,2563,4242,0.8228,0.242,0.0008130165289256198,548.0,11.85,AC,0,RATE1,1
2571-2701-1,2571,2701,5.832199999999999,2.6378000000000004,3.8842975206611575e-05,122.0,14.02,AC,0,RATE1,1
2571-2761-1,2571,2761,1.3914999999999997,0.6050000000000001,0.0019495867768595041,125.0,13.2,AC,0,RATE1,1
2571-4401-1,2571,4401,0.5807999999999999,0.2783,0.00021652892561983472,116.0,4.3,AC,0,RATE1,1
2571-5031-1,2571,5031,12.583999999999998,4.767399999999999,0.0004661157024793388,123.0,32.22,AC,0,RATE1,1
2581-3761-1,2581,3761,3.1702000000000004,0.9800999999999999,0.00010495867768595041,121.0,8.37,AC,0,RATE1,1
2591-18010-1,2591,18010,1.2826,0.484,0.00015950413223140498,132.0,4.4,AC,0,RATE1,1
2601-4041-1,2601,4041,5.4329,1.0406,0.00039999999999999996,210.0,15.87,AC,0,RATE1,1
2601-4371-1,2601,4371,1.4399000000000002,0.2662,0.00037024793388429746,210.0,5.7,AC,0,RATE1,1
2651-3551-1,2651,3551,5.445,1.0527,4.049586776859504e-05,210.0,13.85,AC,0,RATE1,1
2661-2671-1,2661,2671,0.024200000000000003,0.012100000000000001,9.917355371900826e-06,140.0,0.1,AC,0,RATE1,1
2691-2841-1,2691,2841,5.5418,1.0769,4.628099173553718e-05,210.0,14.12,AC,0,RATE1,1
2691-4501-1,2691,4501,2.3716000000000004,0.4598,2.231404958677686e-05,210.0,6.05,AC,0,RATE1,1
2701-5031-1,2701,5031,6.6792,2.0933,0.00042727272727272726,157.0,18.0,AC,0,RATE1,1
2712-5142-1,2712,5142,1.8392,0.19360000000000002,0.0004074380165289256,794.0,6.9,AC,0,RATE1,1
2712-34620-1,2712,34620,1.1132,0.09680000000000001,0.00043429752066115703,842.0,5.4,AC,0,RATE1,1
2721-27219-1,2721,27219,0.4235,0.19360000000000002,3.3057851239669424e-06,123.0,1.0,AC,0,RATE1,1
2741-3441-1,2741,3441,10.5875,2.0570000000000004,0.00047107438016528926,210.0,29.8,AC,0,RATE1,1
2741-5441-1,2741,5441,4.6101,0.8954000000000001,3.471074380165289e-05,210.0,11.7,AC,0,RATE1,1
2741-5441-2,2741,5441,5.082,0.9922,3.801652892561983e-05,210.0,12.9,AC,0,RATE1,2
2741-5451-1,2741,5451,7.6835,1.4882999999999997,8.512396694214876e-05,210.0,19.7,AC,0,RATE1,1
2742-3342-1,2742,3342,29.572400000000002,4.549600000000001,0.00019359504132231408,794.0,70.4,AC,0,RATE1,1
2742-3642-1,2742,3642,20.1344,2.7104000000000004,0.00014557851239669421,513.0,48.08,AC,0,RATE1,1
2742-3662-1,2742,3662,0.09680000000000001,0.048400000000000006,2.2727272727272726e-05,593.0,0.4,AC,0,RATE1,1
2742-27460-1,2742,27460,6.2436,1.694,0.006173553719008264,570.0,90.0,AC,0,RATE1,1
2761-3421-1,2761,3421,0.6292,0.2662,0.0008719008264462809,119.0,0.0,AC,0,RATE1,1
2771-16110-1,2771,16110,1.026322,1.1401830000000002,0.0011322314049586777,120.0,15.17,AC,0,RATE1,1
2781-4951-1,2781,4951,0.326216,0.31121200000000004,0.0005576033057851239,106.0,6.12,AC,0,RATE1,1
2801-2871-1,2801,2871,1.6698,0.7623000000000001,1.652892561983471e-05,123.0,4.0,AC,0,RATE1,1
2821-28261-1,2821,28261,0.012100000000000001,0.0,0.0,123.0,0.0,AC,0,RATE1,1
2841-3821-1,2841,3821,10.537647999999999,3.1979089999999997,0.00010132231404958678,121.0,26.39,AC,0,RATE1,1
2841-4221-1,2841,4221,2.2626999999999997,0.9559000000000002,1.4876033057851239e-05,121.0,5.33,AC,0,RATE1,1
2841-4221-2,2841,4221,2.4804999999999997,0.484,1.9008264462809916e-05,210.0,6.3,AC,0,RATE1,2
2841-4221-3,2841,4221,2.06305,0.6534,5.7851239669421495e-05,121.0,5.48,AC,0,RATE1,3
2841-28411-1,2841,28411,0.07259999999999998,0.024200000000000003,4.628099173553718e-05,223.0,0.5,AC,0,RATE1,1
2842-3522-1,2842,3522,13.600400000000002,1.8392,8.760330578512397e-05,476.0,32.41,AC,0,RATE1,1
2842-3852-1,2842,3852,17.714399999999998,2.3716000000000004,0.0001140495867768595,436.0,42.19,AC,0,RATE1,1
2852-4722-1,2852,4722,2.3657920000000003,0.14761999999999997,0.0008550826446280992,627.0,9.5,AC,0,RATE1,1
2861-3091-1,2861,3091,2.9765999999999995,0.9559000000000002,7.520661157024793e-05,115.0,8.1,AC,0,RATE1,1
2861-3091-2,2861,3091,2.9765999999999995,0.9559000000000002,7.520661157024793e-05,115.0,8.1,AC,0,RATE1,2
2861-4281-1,2861,4281,0.2541,0.121,9.173553719008265e-05,131.0,1.82,AC,0,RATE1,1
2861-4281-2,2861,4281,0.242,0.10889999999999998,8.760330578512397e-05,131.0,1.74,AC,0,RATE1,2
2861-5331-1,2861,5331,0.6776000000000001,0.14519999999999997,0.00046280991735537196,223.0,5.09,AC,0,RATE1,1
2870-2871-1,2870,2871,0.012100000000000001,0.0,0.0,1867.0,0.0,AC,0,RATE1,1
2870-4091-1,2870,4091,1.089,0.24502499999999997,0.0007396694214876033,136.0,7.69,AC,0,RATE1,1
2870-17010-1,2870,17010,10.691076,1.9723,0.00013041322314049587,209.0,26.07,AC,0,RATE1,1
2870-28712-1,2870,28712,0.012100000000000001,0.0,0.0,999.0,0.0,AC,0,RATE1,1
2871-28019-1,2871,28019,0.09680000000000001,0.03629999999999999,5.785123966942148e-06,217.0,0.25,AC,0,RATE1,1
2892-3462-1,2892,3462,0.048400000000000006,0.048400000000000006,3.4297520661157025e-05,570.0,0.5,AC,0,RATE1,1
2921-3381-1,2921,3381,2.2748000000000004,0.44770000000000004,2.8925619834710747e-05,210.0,5.82,AC,0,RATE1,1
2921-4121-1,2921,4121,7.126900000000001,1.3794,5.289256198347108e-05,210.0,18.13,AC,0,RATE1,1
2931-4741-1,2931,4741,2.4442,0.4719,1.8181818181818182e-05,210.0,6.2,AC,0,RATE1,1
2931-23019-1,2931,23019,10.526999999999997,2.0448999999999997,7.851239669421487e-05,210.0,26.78,AC,0,RATE1,1
2941-4651-1,2941,4651,1.1858000000000002,0.5445,0.0006016528925619835,114.0,5.63,AC,0,RATE1,1
2951-3081-1,2951,3081,0.6534,0.3146,0.00029917355371900827,133.0,3.6,AC,0,RATE1,1
2962-4012-1,2962,4012,0.048400000000000006,0.048400000000000006,8.677685950413222e-06,593.0,0.15,AC,0,RATE1,1
2972-4012-1,2972,4012,0.048400000000000006,0.048400000000000006,8.677685950413222e-06,593.0,0.15,AC,0,RATE1,1
3061-3881-1,3061,3881,7.558628,3.3006379999999997,4.991735537190083e-05,217.0,18.16,AC,0,RATE1,1
3081-3871-1,3081,3871,1.1374000000000002,0.5324,0.0004223140495867769,134.0,8.4,AC,0,RATE1,1
3082-3122-1,3082,3122,2.273832,0.13648800000000003,0.0006821487603305785,634.0,12.06,AC,0,RATE1,1
3082-3472-2,3082,3472,4.840000000000001,1.7423999999999997,0.0003272727272727273,692.0,10.0,AC,0,RATE1,2
3082-30820-1,3082,30820,0.048400000000000006,0.0,0.0,802.0,0.0,AC,0,RATE1,1
3091-5331-1,3091,5331,0.4235,0.09680000000000001,0.00028925619834710745,223.0,3.18,AC,0,RATE1,1
3101-31019-1,3101,31019,0.07259999999999998,0.024200000000000003,8.264462809917356e-07,91.0,0.15,AC,0,RATE1,1
3111-3201-1,3111,3201,0.19360000000000002,0.2057,0.0002818181818181818,124.0,2.8,AC,0,RATE1,1
3122-5122-1,3122,5122,0.29039999999999994,0.048400000000000006,7.417355371900828e-05,593.0,1.31,AC,0,RATE1,1
3190-3461-1,3190,3461,6.025799999999999,1.8392,4.214876033057851e-05,159.0,14.95,AC,0,RATE1,1
3190-5261-2,3190,5261,1.613172,0.42519399999999996,2.900826446280992e-05,121.0,4.21,AC,0,RATE1,2
3191-31911-1,3191,31911,0.012100000000000001,0.0,0.0,1867.0,0.0,AC,0,RATE1,1
3191-52610-1,3191,52610,1.5851000000000002,0.320287,4.388429752066115e-05,210.0,4.3,AC,0,RATE1,1
3192-3332-1,3192,3332,15.7784,2.1871959999999997,0.00012545454545454546,792.0,37.8,AC,0,RATE1,1
3192-3462-1,3192,3462,8.5668,1.3068,0.00011157024793388431,762.0,20.76,AC,0,RATE1,1
3192-3462-2,3192,3462,3.872,0.255068,0.0018532231404958677,660.0,21.37,AC,0,RATE1,2
3192-31920-1,3192,31920,0.048400000000000006,0.048400000000000006,2.066115702479339e-07,794.0,0.0,AC,0,RATE1,1
3201-3209-1,3201,3209,0.012100000000000001,0.0,0.0,999.0,0.0,AC,0,RATE1,1
3201-3221-1,3201,3221,4.6827,0.9075,3.471074380165289e-05,210.0,11.9,AC,0,RATE1,1
3201-14619-1,3201,14619,7.635100000000001,1.4762,5.702479338842975e-05,210.0,19.4,AC,0,RATE1,1
3202-3203-1,3202,3203,0.048400000000000006,0.0,0.0,999.0,0.0,AC,0,RATE1,1
3202-3282-1,3202,3282,33.396,6.291999999999999,0.00022107438016528925,564.0,82.16,AC,0,RATE1,1
3202-32060-1,3202,32060,6.2436,1.694,0.006173553719008264,570.0,90.0,AC,0,RATE1,1
3203-4722-1,3203,4722,8.082799999999999,1.1132,5.309917355371901e-05,436.0,19.25,AC,0,RATE1,1
3209-3531-1,3209,3531,3.2307000000000006,1.4641,3.305785123966942e-05,123.0,7.83,AC,0,RATE1,1
3209-6931-1,3209,6931,16.2987,3.1581,0.00012066115702479338,210.0,41.46,AC,0,RATE1,1
3209-32210-2,3209,32210,5.1788,2.2142999999999997,3.388429752066116e-05,121.0,12.5,AC,0,RATE1,2
3221-3961-2,3221,3961,1.8634,0.56749,3.2231404958677685e-05,130.0,4.65,AC,0,RATE1,2
3231-3471-1,3231,3471,0.10889999999999998,0.024200000000000003,6.859504132231405e-05,223.0,0.75,AC,0,RATE1,1
3231-3651-1,3231,3651,0.10889999999999998,0.024200000000000003,6.859504132231405e-05,223.0,0.75,AC,0,RATE1,1
3241-3841-1,3241,3841,8.663599999999999,2.6982999999999997,6.033057851239669e-05,159.0,21.4,AC,0,RATE1,1
3241-4081-1,3241,4081,3.5937,1.1253,2.5619834710743802e-05,159.0,8.88,AC,0,RATE1,1
3241-32461-1,3241,32461,0.012100000000000001,0.0,0.0,123.0,0.0,AC,0,RATE1,1
3251-5281-1,3251,5281,0.359249,0.6422680000000001,0.0009080991735537191,141.0,11.99,AC,0,RATE1,1
3261-3341-1,3261,3341,14.277999999999999,6.461400000000001,9.09090909090909e-05,121.0,34.3,AC,0,RATE1,1
3261-3441-1,3261,3441,10.3213,2.0086,0.00047107438016528926,210.0,29.15,AC,0,RATE1,1
3261-32661-1,3261,32661,0.012100000000000001,0.0,0.0,123.0,0.0,AC,0,RATE1,1
3271-3471-1,3271,3471,0.2541,0.0605,0.00017355371900826448,223.0,1.9,AC,0,RATE1,1
3271-3681-1,3271,3681,0.2299,0.048400000000000006,0.0001553719008264463,223.0,1.7,AC,0,RATE1,1
3281-3541-1,3281,3541,3.7510000000000003,1.694,2.3966942148760328e-05,121.0,9.0,AC,0,RATE1,1
3281-3631-1,3281,3631,5.8564,1.3189000000000002,4.297520661157025e-05,159.0,14.77,AC,0,RATE1,1
3281-5091-1,3281,5091,1.5851000000000002,0.3146,2.1487603305785124e-05,210.0,4.05,AC,0,RATE1,1
3281-32810-1,3281,32810,0.012100000000000001,0.0,0.0,999.0,0.0,AC,0,RATE1,1
3282-4942-1,3282,4942,38.47800000000001,6.95024,0.0002486570247933884,354.0,89.7,AC,0,RATE1,1
3282-34620-1,3282,34620,29.475600000000004,4.114000000000001,0.00023471074380165293,513.0,70.57,AC,0,RATE1,1
3301-43619-1,3301,43619,8.8935,1.7182,6.611570247933885e-05,210.0,22.6,AC,0,RATE1,1
3321-4221-1,3321,4221,2.541,1.1495,1.652892561983471e-05,123.0,6.1,AC,0,RATE1,1
3330-3331-1,3330,3331,0.012100000000000001,0.0,0.0,210.0,0.0,AC,0,RATE1,1
3330-28810-1,3330,28810,2.662,0.6690090000000001,0.0015371900826446282,166.0,19.1,AC,0,RATE1,1
3341-33410-1,3341,33410,0.4719,0.21779999999999997,0.00021983471074380162,140.0,2.65,AC,0,RATE1,1
3352-3842-1,3352,3842,5.082,0.6500119999999999,0.00022925619834710743,820.0,13.5,AC,0,RATE1,1
3352-5462-1,3352,5462,5.1788,0.7744000000000001,0.00019421487603305787,823.0,13.5,AC,0,RATE1,1
3361-22614-1,3361,22614,0.024200000000000003,0.012100000000000001,9.090909090909091e-06,228.0,0.09,AC,0,RATE1,1
3391-28810-1,3391,28810,1.569007,0.363968,0.001023801652892562,122.0,11.31,AC,0,RATE1,1
3401-5441-1,3401,5441,0.415514,0.08845099999999999,0.0003187603305785124,121.0,3.3,AC,0,RATE1,1
3421-4401-1,3421,4401,0.8107,0.3751,0.0003016528925619835,116.0,6.0,AC,0,RATE1,1
3431-3471-1,3431,3471,0.10889999999999998,0.024200000000000003,6.859504132231405e-05,169.0,0.75,AC,0,RATE1,1
3461-3481-1,3461,3481,0.048400000000000006,0.012100000000000001,2.8099173553719007e-05,140.0,0.3,AC,0,RATE1,1
3461-4681-1,3461,4681,12.910699999999999,4.0172,0.0001512396694214876,159.0,32.42,AC,0,RATE1,1
3461-5281-1,3461,5281,16.383399999999998,7.284199999999999,0.00010495867768595041,123.0,39.37,AC,0,RATE1,1
3462-3940-1,3462,3940,0.800052,0.067276,0.00048801652892561985,660.0,5.4,AC,0,RATE1,1
3462-3942-2,3462,3942,0.800052,0.067276,0.00048801652892561985,660.0,5.4,AC,0,RATE1,2
3462-5142-2,3462,5142,1.0406,0.15715479999999998,5.309917355371901e-05,513.0,2.6,AC,0,RATE1,2
3462-34620-1,3462,34620,0.048400000000000006,0.0,0.0,999.0,0.0,AC,0,RATE1,1
3464-3934-1,3464,3934,0.33067599999999997,1.210072,0.0003801315789473684,1210.0,6.0,AC,0,RATE1,1
3471-3651-2,3471,3651,0.1331,0.03629999999999999,9.09090909090909e-05,175.0,0.6,AC,0,RATE1,2
3471-3681-1,3471,3681,0.03629999999999999,0.012100000000000001,1.8181818181818182e-05,128.0,0.2,AC,0,RATE1,1
3472-3842-1,3472,3842,4.840000000000001,1.7908000000000002,0.00034876033057851236,692.0,13.7,AC,0,RATE1,1
3472-3852-2,3472,3852,4.840000000000001,1.8876,0.00037809917355371904,693.0,13.98,AC,0,RATE1,2
3472-30820-1,3472,30820,3.388,0.484,0.00031528925619834716,548.0,10.0,AC,0,RATE1,1
3491-3561-1,3491,3561,9.280700000000001,4.1987,0.0001165289256198347,123.0,22.7,AC,0,RATE1,1
3491-4961-1,3491,4961,7.3326,3.3154000000000003,0.00010413223140495868,123.0,18.0,AC,0,RATE1,1
3501-4671-1,3501,4671,2.1658999999999997,0.4235,1.652892561983471e-05,210.0,5.5,AC,0,RATE1,1
3501-4701-1,3501,4701,6.4735000000000005,2.9282,5.6198347107438014e-05,123.0,15.76,AC,0,RATE1,1
3501-4971-1,3501,4971,16.6133,3.2185999999999995,0.0001231404958677686,210.0,42.25,AC,0,RATE1,1
3501-35011-1,3501,35011,0.012100000000000001,0.0,0.0,999.0,0.0,AC,0,RATE1,1
3511-4001-1,3511,4001,4.6827,2.2384999999999997,0.002155371900826446,124.0,26.0,AC,0,RATE1,1
3521-4061-1,3521,4061,5.4087,2.4562999999999997,3.471074380165289e-05,121.0,13.0,AC,0,RATE1,1
3521-4781-1,3521,4781,15.2097,2.9403,0.00013305785123966942,210.0,38.82,AC,0,RATE1,1
3521-35261-1,3521,35261,0.012100000000000001,0.0,0.0,123.0,0.0,AC,0,RATE1,1
3522-66121-1,3522,66121,6.0016,0.968,4.0702479338842975e-05,823.0,14.5,AC,0,RATE1,1
3531-3801-1,3531,3801,1.2826,0.5687000000000001,2.066115702479339e-05,123.0,3.13,AC,0,RATE1,1
3541-3901-1,3541,3901,2.9645000000000006,0.6413,2.231404958677686e-05,210.0,6.48,AC,0,RATE1,1
3541-4681-1,3541,4681,11.655446,5.000083,0.00010223140495867769,121.0,28.35,AC,0,RATE1,1
3541-32810-2,3541,32810,4.791600000000001,2.1658999999999997,7.355371900826446e-05,104.0,11.7,AC,0,RATE1,2
3551-4481-1,3551,4481,3.1581,0.6171000000000001,6.859504132231405e-05,210.0,8.36,AC,0,RATE1,1
3554-22044-1,3554,22044,14.44,1.2995999999999999,0.00015650969529085873,1944.0,45.0,AC,0,RATE1,1
3554-39444-1,3554,39444,52.994800000000005,4.7652,0.0005941828254847645,1944.0,164.8,AC,0,RATE1,1
3561-35211-1,3561,35211,16.8069,7.5988,0.00010743801652892562,121.0,40.4,AC,0,RATE1,1
3561-35611-1,3561,35611,0.024200000000000003,0.012100000000000001,1.1570247933884296e-05,223.0,0.12,AC,0,RATE1,1
3561-35661-1,3561,35661,0.012100000000000001,0.0,0.0,123.0,0.0,AC,0,RATE1,1
3571-4481-1,3571,4481,19.0454,3.6905,0.00014132231404958678,210.0,48.45,AC,0,RATE1,1
3571-5081-1,3571,5081,1.5488000000000002,0.30250000000000005,1.1570247933884296e-05,210.0,3.94,AC,0,RATE1,1
3581-3591-1,3581,3591,4.936800000000001,1.5488000000000002,3.471074380165289e-05,159.0,12.23,AC,0,RATE1,1
3581-5361-1,3581,5361,14.152764999999999,6.173541,9.809917355371901e-05,123.0,34.05,AC,0,RATE1,1
3581-28019-1,3581,28019,15.923599999999999,6.981700000000001,0.00011231404958677686,121.0,38.4,AC,0,RATE1,1
3581-35861-1,3581,35861,0.012100000000000001,0.0,0.0,123.0,0.0,AC,0,RATE1,1
3581-35862-1,3581,35862,1.2100000000000002,0.0,0.0,123.0,0.0,AC,0,RATE1,1
3581-89516-1,3581,89516,9.256499999999999,4.1866,5.9504132231404955e-05,123.0,22.25,AC,0,RATE1,1
3591-5191-1,3591,5191,13.3826,4.1745,9.338842975206611e-05,159.0,33.13,AC,0,RATE1,1
3601-39610-1,3601,39610,0.3751,0.16940000000000002,0.00013636363636363637,68.0,2.7,AC,0,RATE1,1
3611-39610-2,3611,39610,0.3751,0.18150000000000002,0.00013801652892561983,119.0,2.74,AC,0,RATE1,2
3621-5301-1,3621,5301,4.331799999999999,1.9601999999999997,2.8099173553719007e-05,122.0,10.4,AC,0,RATE1,1
3621-36210-1,3621,36210,0.012100000000000001,0.0,0.0,999.0,0.0,AC,0,RATE1,1
3631-4261-1,3631,4261,7.840799999999999,3.5452999999999997,5.041322314049587e-05,123.0,18.83,AC,0,RATE1,1
3631-66096-1,3631,66096,2.2869,0.4719,0.001587603305785124,190.0,17.3,AC,0,RATE1,1
3641-36411-1,3641,36411,0.012100000000000001,0.0,0.0,152.0,0.1,AC,0,RATE1,1
3691-4041-1,3691,4041,10.9021,2.1175,0.00027272727272727274,192.0,29.13,AC,0,RATE1,1
3751-4651-1,3751,4651,0.5445,0.2662,0.00024876033057851237,138.0,3.0,AC,0,RATE1,1
3751-5231-1,3751,5231,0.2541,0.121,0.0001165289256198347,136.0,1.4,AC,0,RATE1,1
3761-20411-1,3761,20411,1.1979000000000002,0.3267,0.00013471074380165288,121.0,4.13,AC,0,RATE1,1
3781-5521-1,3781,5521,0.19360000000000002,0.09680000000000001,7.107438016528925e-05,115.0,1.4,AC,0,RATE1,1
3821-35211-1,3821,35211,6.291999999999999,2.8435,4.049586776859504e-05,121.0,15.1,AC,0,RATE1,1
3841-5211-1,3841,5211,7.272099999999999,1.4157000000000002,5.4545454545454546e-05,210.0,18.5,AC,0,RATE1,1
3841-27219-1,3841,27219,0.8349,0.2662,1.5702479338842974e-05,120.0,2.2,AC,0,RATE1,1
3841-27281-1,3841,27281,1.0527,0.36300000000000004,6.611570247933885e-06,122.0,2.2,AC,0,RATE1,1
3851-4621-1,3851,4621,3.6663,1.1132,4.297520661157025e-05,210.0,9.01,AC,0,RATE1,1
3851-4741-1,3851,4741,2.7950999999999997,0.5445,2.066115702479339e-05,210.0,7.1,AC,0,RATE1,1
3851-13219-1,3851,13219,12.4751,3.8962,8.760330578512397e-05,159.0,30.9,AC,0,RATE1,1
3852-5202-1,3852,5202,21.3928,2.8072,0.00037995867768595044,351.0,53.1,AC,0,RATE1,1
3861-4651-1,3861,4651,0.5687000000000001,0.3146,0.0006165289256198347,107.0,4.9,AC,0,RATE1,1
3861-4651-2,3861,4651,0.7502,0.3509,0.0002793388429752066,115.0,5.55,AC,0,RATE1,2
3881-16011-1,3881,16011,1.1979000000000002,0.2541,0.0008206611570247933,220.0,5.66,AC,0,RATE1,1
3901-3981-1,3901,3981,0.30250000000000005,0.1331,2.4793388429752066e-06,45.0,0.7,AC,0,RATE1,1
3901-3991-2,3901,3991,0.29039999999999994,0.1331,1.6528925619834712e-06,45.0,0.7,AC,0,RATE1,2
3911-3921-1,3911,3921,0.3993,0.08470000000000001,0.00027520661157024796,190.0,3.0,AC,0,RATE1,1
3911-4101-1,3911,4101,0.33880000000000005,0.07259999999999998,0.00022975206611570246,190.0,2.5,AC,0,RATE1,1
3934-3944-1,3934,3944,0.1444,0.0,0.0,1847.0,0.0,AC,0,"station coupler, bounded by the weaker end",1
3934-4384-1,3934,4384,38.465272,5.287927999999999,0.00033831024930747926,1454.0,104.14,AC,0,RATE1,1
3940-3942-1,3940,3942,0.048400000000000006,0.0,0.0,999.0,0.0,AC,0,RATE1,1
3941-52219-1,3941,52219,2.8676999999999997,0.5566,2.1487603305785124e-05,210.0,7.29,AC,0,RATE1,1
3942-4522-1,3942,4522,5.2175199999999995,0.7163200000000001,3.5764462809917355e-05,610.0,12.7,AC,0,RATE1,1
3942-39420-1,3942,39420,6.9212,1.8876,0.006859504132231405,570.0,100.0,AC,0,RATE1,1
3944-3954-1,3944,3954,0.1444,0.0,0.0,500.0,0.0,AC,0,"station coupler, bounded by the weaker end",1
3944-39444-1,3944,39444,-38.20824,0.0,0.0,1847.0,0.0,AC,0,RATE1,1
3961-5181-1,3961,5181,0.197956,0.16770600000000002,0.00029611570247933887,219.0,3.25,AC,0,RATE1,1
3961-5181-2,3961,5181,0.17048900000000003,0.144474,0.00025512396694214875,219.0,2.8,AC,0,RATE1,2
3961-32210-1,3961,32210,1.5729999999999997,0.3146,1.2396694214876033e-05,210.0,4.0,AC,0,RATE1,1
3961-39610-1,3961,39610,0.012100000000000001,0.0,0.0,999.0,0.0,AC,0,RATE1,1
4001-4971-1,4001,4971,1.6819,0.3267,1.2396694214876033e-05,210.0,4.25,AC,0,RATE1,1
4001-40061-1,4001,40061,0.012100000000000001,0.0,0.0,999.0,0.0,AC,0,RATE1,1
4021-32210-1,4021,32210,11.482899999999999,2.2264,8.512396694214876e-05,159.0,28.1,AC,0,RATE1,1
4041-5241-1,4041,5241,3.388,1.5729999999999997,2.9752066115702478e-05,217.0,8.39,AC,0,RATE1,1
4041-5251-2,4041,5251,3.4596319999999996,1.5110480000000002,3.099173553719008e-05,123.0,7.49,AC,0,RATE1,2
4041-5341-1,4041,5341,7.9738999999999995,2.06547,0.0065595041322314045,228.0,58.0,AC,0,RATE1,1
4041-40461-1,4041,40461,0.012100000000000001,0.0,0.0,123.0,0.0,AC,0,RATE1,1
4041-40462-1,4041,40462,0.012100000000000001,0.0,0.0,999.0,0.0,AC,0,RATE1,1
4111-17411-1,4111,17411,0.5687000000000001,0.2662,0.0002570247933884297,116.0,3.1,AC,0,RATE1,1
4121-23019-1,4121,23019,2.2748000000000004,0.44770000000000004,8.677685950413224e-05,157.0,6.18,AC,0,RATE1,1
4201-13219-1,4201,13219,4.9247000000000005,1.5488000000000002,3.471074380165289e-05,159.0,12.2,AC,0,RATE1,1
4211-4651-1,4211,4651,0.2299,0.09680000000000001,0.0003107438016528926,136.0,2.1,AC,0,RATE1,1
4242-4462-1,4242,4462,0.33880000000000005,0.09680000000000001,0.00030867768595041326,570.0,4.5,AC,0,RATE1,1
4361-43619-1,4361,43619,4.5859000000000005,2.0691,2.9752066115702478e-05,123.0,11.0,AC,0,RATE1,1
4382-5172-1,4382,5172,4.114000000000001,0.5807999999999999,2.8305785123966943e-05,513.0,10.04,AC,0,RATE1,1
4384-43844-1,4384,43844,-28.605639999999998,0.0,0.0,1847.0,0.0,AC,0,RATE1,1
4391-4481-1,4391,4481,16.2261,3.1459999999999995,0.00023719008264462812,210.0,42.14,AC,0,RATE1,1
4441-50619-1,4441,50619,9.3291,4.2229,5.9504132231404955e-05,68.0,22.4,AC,0,RATE1,1
4451-4901-1,4451,4901,0.1573,0.03629999999999999,1.6528925619834712e-06,210.0,0.38,AC,0,RATE1,1
4461-4651-3,4461,4651,0.242,0.024200000000000003,0.00038264462809917355,254.0,1.4,AC,0,RATE1,3
4462-4472-1,4462,4472,17.714399999999998,0.0,0.0,450.0,1.0,AC,0,RATE1,1
4462-4922-1,4462,4922,0.048400000000000006,0.048400000000000006,4.132231404958678e-06,593.0,0.06,AC,0,RATE1,1
4462-44661-1,4462,44661,0.048400000000000006,0.0,0.0,2206.0,0.0,AC,0,"station coupler, bounded by the weaker end",1
4462-44731-1,4462,44731,5.662800000000001,0.484,0.001696694214876033,593.0,30.0,AC,0,RATE1,1
4471-4651-4,4471,4651,0.242,0.024200000000000003,0.00038264462809917355,258.0,1.4,AC,0,RATE1,4
4472-17431-1,4472,17431,1.0164,0.29039999999999994,0.0009946280991735537,570.0,14.5,AC,0,RATE1,1
4472-30820-1,4472,30820,0.8711999999999999,0.242,0.0008574380165289257,570.0,12.5,AC,0,RATE1,1
4472-30820-2,4472,30820,0.8228,0.242,0.0007752066115702479,570.0,11.3,AC,0,RATE1,2
4472-44662-1,4472,44662,0.048400000000000006,0.0,0.0,3846.0,0.0,AC,0,"station coupler, bounded by the weaker end",1
4472-44732-1,4472,44732,5.662800000000001,0.484,0.001696694214876033,593.0,30.0,AC,0,RATE1,1
4472-44733-1,4472,44733,5.662800000000001,0.484,0.001696694214876033,593.0,30.0,AC,0,RATE1,1
4501-4691-1,4501,4691,1.1011000000000002,0.21779999999999997,3.2231404958677685e-05,210.0,2.95,AC,0,RATE1,1
4522-5142-1,4522,5142,3.388,0.5807999999999999,0.00019999999999999998,570.0,10.3,AC,0,RATE1,1
4651-6371-1,4651,6371,0.018028999999999996,0.032912,0.00017033057851239668,141.0,0.62,AC,0,RATE1,1
4664-5464-1,4664,5464,16.028399999999998,1.444,0.00017479224376731303,997.0,50.0,AC,0,RATE1,1
4664-43844-1,4664,43844,25.703200000000002,2.1660000000000004,0.0002796398891966759,997.0,80.0,AC,0,RATE1,1
4701-4711-1,4701,4711,0.012100000000000001,0.0,0.0,999.0,0.0,AC,0,RATE1,1
4711-35011-2,4711,35011,5.202999999999999,2.3594999999999997,4.214876033057851e-05,123.0,12.55,AC,0,RATE1,2
4721-5181-1,4721,5181,4.529393,1.9819799999999999,3.991735537190082e-05,220.0,11.04,AC,0,RATE1,1
4761-47210-1,4761,47210,0.8833,0.3993,5.785123966942148e-06,92.0,2.1,AC,0,RATE1,1
4781-4961-1,4781,4961,5.275600000000001,2.3836999999999997,3.487603305785124e-05,112.0,12.67,AC,0,RATE1,1
4922-5022-1,4922,5022,0.048400000000000006,0.048400000000000006,4.132231404958678e-06,593.0,0.06,AC,0,RATE1,1
4941-5351-1,4941,5351,21.2113,4.1019,0.0002603305785123967,210.0,54.6,AC,0,RATE1,1
4941-22419-1,4941,22419,4.6948,0.9075,5.702479338842975e-05,210.0,12.0,AC,0,RATE1,1
4941-50019-1,4941,50019,5.662800000000001,2.5652,5.1239669421487605e-05,111.0,8.5,AC,0,RATE1,1
4942-4943-1,4942,4943,0.048400000000000006,0.0,0.0,999.0,0.0,AC,0,RATE1,1
4961-49662-1,4961,49662,0.012100000000000001,0.0,0.0,655.0,0.0,AC,0,"station coupler, bounded by the weaker end",1
4981-5041-1,4981,5041,4.4891000000000005,2.0328,2.8925619834710747e-05,123.0,10.77,AC,0,RATE1,1
4981-5041-2,4981,5041,4.622199999999999,2.0933,2.9752066115702478e-05,123.0,11.19,AC,0,RATE1,2
4981-49861-1,4981,49861,0.012100000000000001,0.0,0.0,123.0,0.0,AC,0,RATE1,1
4991-5361-1,4991,5361,1.8392,0.8349,1.2396694214876033e-05,123.0,4.4,AC,0,RATE1,1
5001-50019-1,5001,50019,0.8349,0.38720000000000004,5.785123966942148e-06,123.0,2.0,AC,0,RATE1,1
5041-17010-2,5041,17010,19.3479,3.7388999999999997,0.00014380165289256197,210.0,49.67,AC,0,RATE1,2
5061-50619-1,5061,50619,0.8349,0.38720000000000004,5.785123966942148e-06,45.0,2.0,AC,0,RATE1,1
5081-22419-1,5081,22419,1.331,0.2662,9.917355371900826e-06,210.0,3.36,AC,0,RATE1,1
5091-10210-1,5091,10210,2.0691,0.3993,5.702479338842975e-05,210.0,5.47,AC,0,RATE1,1
5111-20411-1,5111,20411,0.32742600000000005,0.022264,0.00012793388429752068,238.0,1.77,AC,0,RATE1,1
5122-5222-1,5122,5222,0.048400000000000006,0.0,0.0,1867.0,0.0,AC,0,RATE1,1
5140-5142-1,5140,5142,0.048400000000000006,0.0,0.0,999.0,0.0,AC,0,RATE1,1
5141-51410-1,5141,51410,0.012100000000000001,0.0,0.0,999.0,0.0,AC,0,RATE1,1
5181-47210-2,5181,47210,3.7026,0.7260000000000001,3.8842975206611575e-05,210.0,9.5,AC,0,RATE1,2
5211-22613-1,5211,22613,9.8857,1.9118000000000004,7.355371900826446e-05,210.0,25.12,AC,0,RATE1,1
5221-52219-1,5221,52219,1.2100000000000002,0.5566,8.264462809917356e-06,123.0,2.9,AC,0,RATE1,1
5261-52661-1,5261,52661,0.012100000000000001,0.0,0.0,123.0,0.0,AC,0,RATE1,1
5271-5274-1,5271,5274,0.012100000000000001,0.0,0.0,999.0,0.0,AC,0,RATE1,1
5271-32810-1,5271,32810,11.495,2.2264,8.512396694214876e-05,210.0,29.24,AC,0,RATE1,1
5274-5381-1,5274,5381,5.1788,1.0043,3.8842975206611575e-05,210.0,13.15,AC,0,RATE1,1
5281-43619-1,5281,43619,4.4528,0.8591,3.305785123966942e-05,191.0,11.3,AC,0,RATE1,1
5281-52861-1,5281,52861,0.012100000000000001,0.0,0.0,123.0,0.0,AC,0,RATE1,1
5301-31019-1,5301,31019,10.0914,1.9601999999999997,7.520661157024793e-05,210.0,25.67,AC,0,RATE1,1
5301-53061-1,5301,53061,0.012100000000000001,0.0,0.0,123.0,0.0,AC,0,RATE1,1
5321-22614-1,5321,22614,7.7318999999999996,1.5004,5.7851239669421495e-05,210.0,19.67,AC,0,RATE1,1
5351-31019-1,5351,31019,0.36300000000000004,0.0605,0.00010578512396694216,210.0,1.54,AC,0,RATE1,1
5451-5501-1,5451,5501,5.916899999999999,1.1495,7.190082644628098e-05,210.0,15.2,AC,0,RATE1,1
5462-54622-1,5462,54622,0.048400000000000006,0.0,0.0,593.0,0.0,AC,0,RATE1,1
5462-66121-1,5462,66121,20.328,3.2428,0.00013822314049586777,823.0,49.2,AC,0,RATE1,1
5464-54640-1,5464,54640,0.1444,0.1444,2.9639889196675898e-05,685.0,0.5,AC,0,RATE1,1
5464-90440-1,5464,90440,44.9084,3.8988,0.0004893351800554016,1731.0,0.0,AC,0,RATE1,1
5501-55061-1,5501,55061,0.012100000000000001,0.0,0.0,123.0,0.0,AC,0,RATE1,1
6201-12111-1,6201,12111,4.331799999999999,0.7260000000000001,0.0031867768595041325,221.0,31.7,AC,0,RATE1,1
6931-68090-1,6931,68090,0.2783,0.1331,0.00012479338842975206,124.0,1.5,AC,0,RATE1,1
11260-11261-1,11260,11261,2.0812,0.5807999999999999,0.0020578512396694213,570.0,30.0,AC,0,RATE1,1
11260-11261-2,11260,11261,2.0812,0.5807999999999999,0.0020578512396694213,570.0,30.0,AC,0,RATE1,2
13810-47210-2,13810,47210,0.7381,0.2541,5.785123966942148e-06,121.0,1.8,AC,0,RATE1,2
14010-14013-1,14010,14013,0.5324,0.121,0.0003636363636363636,221.0,4.0,AC,0,RATE1,1
14010-14016-1,14010,14016,1.3068,0.2541,9.917355371900826e-06,210.0,3.3,AC,0,RATE1,1
17411-24819-1,17411,24819,1.2100000000000002,0.5566,8.264462809917356e-06,123.0,2.9,AC,0,RATE1,1
22610-22614-1,22610,22614,0.012100000000000001,0.0,0.0,999.0,0.0,AC,0,RATE1,1
22612-22613-1,22612,22613,0.012100000000000001,0.0,0.0,380.0,0.0,AC,0,RATE1,1
22613-22614-1,22613,22614,0.012100000000000001,0.0,0.0,380.0,0.0,AC,0,RATE1,1
28710-28712-1,28710,28712,0.012100000000000001,0.0,0.0,306.0,0.0,AC,0,"station coupler, bounded by the weaker end",1
28710-51911-1,28710,51911,0.968,0.2057,0.001077685950413223,183.0,9.61,AC,0,RATE1,1
35011-66094-1,35011,66094,3.5816000000000003,0.7018,2.7272727272727273e-05,210.0,9.1,AC,0,RATE1,1
35231-90020-1,35231,90020,15.88125,1.96625,0.000167801652892562,881.0,50.0,AC,0,RATE1,1
35232-90020-2,35232,90020,15.88125,1.96625,0.000167801652892562,881.0,50.0,AC,0,RATE1,2
47210-47261-1,47210,47261,0.012100000000000001,0.0,0.0,123.0,0.0,AC,0,RATE1,1
66121-66122-1,66121,66122,3.8236000000000008,0.33880000000000005,0.0011367768595041323,593.0,20.1,AC,0,RATE1,1
66122-66123-1,66122,66123,1.1132,0.33880000000000005,0.0010907024793388432,570.0,15.9,AC,0,RATE1,1
70010-79010-1,70010,79010,11.45628,4.777080000000001,0.0001571900826446281,124.0,31.1,AC,0,RATE1,1
70111-88511-1,70111,88511,4.1215019999999996,1.588004,2.793388429752066e-05,103.0,0.0,AC,0,RATE1,1
70112-88512-1,70112,88512,4.1215019999999996,1.588004,2.793388429752066e-05,103.0,0.0,AC,0,RATE1,1
70311-81510-1,70311,81510,3.62274,1.40602,2.5041322314049585e-05,103.0,8.93,AC,0,RATE1,1
70312-81510-2,70312,81510,3.62274,1.40602,2.5041322314049585e-05,103.0,8.93,AC,0,RATE1,2
70510-72010-1,70510,72010,7.0422,2.7333899999999995,4.867768595041323e-05,103.0,17.3,AC,0,RATE1,1
70510-72010-2,70510,72010,7.0422,2.7333899999999995,4.867768595041323e-05,103.0,17.3,AC,0,RATE1,2
70510-78511-1,70510,78511,6.48681,2.76243,4.0247933884297526e-05,166.0,0.0,AC,0,RATE1,1
70510-78512-2,70510,78512,6.40211,2.74791,4.049586776859504e-05,166.0,0.0,AC,0,RATE1,2
70520-81020-2,70520,81020,14.467062500000003,1.54275,0.00015083636363636365,881.0,45.5,AC,0,RATE1,2
70520-81520-1,70520,81520,10.9278125,1.1721875,0.00011754049586776859,881.0,34.5,AC,0,RATE1,1
70520-85020-1,70520,85020,20.743937499999998,2.223375,0.00022315371900826444,881.0,65.5,AC,0,RATE1,1
70520-86220-1,70520,86220,0.257125,0.030250000000000003,2.657851239669422e-06,881.0,0.8,AC,0,RATE1,1
70520-86220-2,70520,86220,0.1467125,0.011343750000000001,9.389752066115702e-05,881.0,0.8,AC,0,RATE1,2
71011-81510-1,71011,81510,4.180549999999999,1.58026,2.7438016528925622e-05,124.0,10.0,AC,0,RATE1,1
71012-81510-2,71012,81510,4.80733,1.8174200000000003,3.148760330578512e-05,124.0,11.5,AC,0,RATE1,2
71511-90012-1,71511,90012,7.549189999999999,2.9076299999999997,5.1404958677685953e-05,103.0,18.4,AC,0,RATE1,1
71512-90012-2,71512,90012,5.931419999999999,2.2445500000000003,3.892561983471074e-05,103.0,18.4,AC,0,RATE1,2
72010-72021-1,72010,72021,0.03629999999999999,0.024200000000000003,1.4876033057851239e-05,140.0,0.17,AC,0,RATE1,1
72010-81510-1,72010,81510,8.833,3.3504899999999997,5.826446280991735e-05,124.0,21.2,AC,0,RATE1,1
72010-81510-2,72010,81510,8.456689999999998,3.2077099999999996,5.5785123966942155e-05,124.0,20.3,AC,0,RATE1,2
72010-83011-1,72010,83011,2.82656,0.8591,2.0578512396694216e-05,113.0,7.1,AC,0,RATE1,1
72010-83012-2,72010,83012,2.82656,0.8591,2.0578512396694216e-05,113.0,7.1,AC,0,RATE1,2
72511-74512-1,72511,74512,8.629719999999999,3.3504899999999997,5.9669421487603304e-05,103.0,21.2,AC,0,RATE1,1
72512-74512-2,72512,74512,8.629719999999999,3.3504899999999997,5.9669421487603304e-05,103.0,21.2,AC,0,RATE1,2
73011-90710-1,73011,90710,0.083399976,0.012119965000000002,6.40495867768595e-05,200.0,0.0,AC,0,RATE1,1
73012-90710-2,73012,90710,0.083399976,0.012119965000000002,6.40495867768595e-05,200.0,0.0,AC,0,RATE1,2
73500-73510-1,73500,73510,1.9844,0.3267,3.8842975206611575e-05,144.0,0.0,AC,0,RATE1,1
73510-87900-1,73510,87900,7.138999999999999,1.1858000000000002,0.00013801652892561983,200.0,0.0,AC,0,RATE1,1
74011-78511-1,74011,78511,3.7582600000000004,0.781297,0.0008533057851239669,147.0,12.4,AC,0,RATE1,1
74012-78512-2,74012,78512,3.7582600000000004,0.781297,0.0008533057851239669,147.0,0.0,AC,0,RATE1,2
74511-74512-1,74511,74512,0.012100000000000001,0.0,0.0,916.0,0.0,AC,0,"station coupler, bounded by the weaker end",1
74511-74512-2,74511,74512,0.012100000000000001,0.0,0.0,916.0,0.0,AC,0,"station coupler, bounded by the weaker end",2
74511-76011-1,74511,76011,0.43923,0.14278000000000002,0.000502396694214876,145.0,2.96,AC,0,RATE1,1
74511-76012-2,74511,76012,0.44043999999999994,0.14278000000000002,0.0005035537190082645,145.0,2.96,AC,0,RATE1,2
74511-82511-1,74511,82511,0.54208,0.64372,0.0003652892561983471,73.0,4.59,AC,0,RATE1,1
74511-82512-2,74511,82512,0.53482,0.63404,0.00035975206611570245,73.0,4.52,AC,0,RATE1,2
74512-86311-1,74512,86311,4.87267,1.83436,0.0005896694214876033,124.0,18.0,AC,0,RATE1,1
74512-86312-2,74512,86312,5.58294,2.1417,0.0005825619834710743,124.0,19.8,AC,0,RATE1,2
74512-88011-1,74512,88011,7.69318,2.98628,5.322314049586777e-05,103.0,18.9,AC,0,RATE1,1
74512-88012-2,74512,88012,7.69318,2.98628,5.322314049586777e-05,103.0,18.9,AC,0,RATE1,2
74512-88511-1,74512,88511,0.30492,0.07744000000000001,0.00012727272727272728,152.0,1.83,AC,0,RATE1,1
74512-88512-2,74512,88512,0.30492,0.07744000000000001,0.00012727272727272728,152.0,1.83,AC,0,RATE1,2
74520-81020-1,74520,81020,5.853375000000001,0.620125,6.099834710743801e-05,881.0,18.4,AC,0,RATE1,1
74520-81020-2,74520,81020,5.853375000000001,0.620125,6.099834710743801e-05,881.0,18.4,AC,0,RATE1,2
74520-82020-1,74520,82020,21.175,2.2611875,0.0002261289256198347,881.0,66.8,AC,0,RATE1,1
74520-90020-1,74520,90020,14.4973125,1.54275,0.00015116694214876034,881.0,45.6,AC,0,RATE1,1
74711-75710-1,74711,75710,0.041699988,0.006059994599999999,3.206611570247934e-05,200.0,0.0,AC,0,RATE1,1
74712-75710-2,74712,75710,0.041699988,0.006059994599999999,3.206611570247934e-05,200.0,0.0,AC,0,RATE1,2
75010-75012-1,75010,75012,0.031218,0.0045980000000000005,2.4049586776859503e-05,200.0,0.0,AC,0,RATE1,1
75010-79510-1,75010,79510,3.56224,1.3431,3.057851239669421e-05,103.0,8.48,AC,0,RATE1,1
75010-79510-2,75010,79510,3.6215300000000004,1.36609,0.0,103.0,8.81,AC,0,RATE1,2
75010-84511-1,75010,84511,3.29725,1.2801800000000003,2.2809917355371897e-05,103.0,8.1,AC,0,RATE1,1
75010-84512-2,75010,84512,3.29725,1.2801800000000003,2.2809917355371897e-05,103.0,8.1,AC,0,RATE1,2
75010-87900-1,75010,87900,8.36594,2.8676999999999997,5.4958677685950405e-05,193.0,20.01,AC,0,RATE1,1
75510-75511-1,75510,75511,0.012100000000000001,0.0,0.0,240.0,0.0,AC,0,RATE1,1
75510-75514-1,75510,75514,0.012100000000000001,0.0,0.0,1630.0,0.0,AC,0,"station coupler, bounded by the weaker end",1
75510-75611-1,75510,75611,0.338921,0.122573,0.0007165289256198347,200.0,3.6,AC,0,RATE1,1
75510-79510-1,75510,79510,15.687649999999998,5.94957,0.00010355371900826446,103.0,38.0,AC,0,RATE1,1
75510-81810-1,75510,81810,5.82857,1.3031700000000002,4.239669421487603e-05,166.0,14.5,AC,0,RATE1,1
75510-83510-1,75510,83510,12.268189999999999,4.662130000000001,8.12396694214876e-05,103.0,29.5,AC,0,RATE1,1
75510-84411-1,75510,84411,3.66388,1.42175,2.537190082644628e-05,103.0,9.0,AC,0,RATE1,1
75510-84412-2,75510,84412,3.66388,1.42175,2.537190082644628e-05,103.0,9.0,AC,0,RATE1,2
75510-89311-1,75510,89311,3.50053,1.2934899999999998,9.561983471074381e-05,103.0,9.23,AC,0,RATE1,1
75510-89312-2,75510,89312,3.5186800000000007,1.29833,0.00010438016528925621,103.0,9.38,AC,0,RATE1,2
75510-89510-1,75510,89510,6.398480000000001,2.19373,0.00013925619834710744,166.0,27.0,AC,0,RATE1,1
75520-75521-1,75520,75521,0.22687499999999997,0.0,5.2628099173553726e-05,837.0,0.0,AC,0,RATE1,1
75520-75522-1,75520,75522,0.22687499999999997,0.0,4.473388429752066e-05,837.0,0.0,AC,0,RATE1,1
75520-75523-1,75520,75523,0.043106250000000006,0.0030249999999999995,3.266115702479339e-05,500.0,0.0,AC,0,RATE1,1
75521-85020-1,75521,85020,17.8096875,1.588125,0.00018563966942148756,837.0,0.0,AC,0,RATE1,1
75522-85020-2,75522,85020,17.8096875,1.588125,0.00018563966942148756,837.0,0.0,AC,0,RATE1,2
75610-75611-1,75610,75611,2.6982999999999997,1.0164,0.0004148760330578513,200.0,8.0,AC,0,RATE1,1
75710-76011-1,75710,76011,0.5704702300000001,0.14278968,0.00028264462809917356,200.0,0.0,AC,0,RATE1,1
75710-76012-2,75710,76012,0.5704702300000001,0.14278968,0.00028264462809917356,200.0,0.0,AC,0,RATE1,2
75710-90710-1,75710,90710,0.09729997200000001,0.014140060000000001,7.479338842975207e-05,200.0,0.0,AC,0,RATE1,1
75710-90710-2,75710,90710,0.09729997200000001,0.014140060000000001,7.479338842975207e-05,200.0,0.0,AC,0,RATE1,2
75810-87901-1,75810,87901,4.114000000000001,1.5439599999999998,7.404958677685949e-05,124.0,0.0,AC,0,RATE1,1
75810-90310-1,75810,90310,14.40989,5.42322,0.00018049586776859502,124.0,36.24,AC,0,RATE1,1
76511-81010-1,76511,81010,0.54571,0.19723,0.001154710743801653,158.0,6.07,AC,0,RATE1,1
76511-90710-1,76511,90710,0.5142996099999999,0.074740006,0.00039520661157024795,200.0,0.0,AC,0,RATE1,1
76512-81010-2,76512,81010,0.54571,0.19723,0.001154710743801653,158.0,5.89,AC,0,RATE1,2
76512-90710-2,76512,90710,0.5142996099999999,0.074740006,0.00039520661157024795,200.0,0.0,AC,0,RATE1,2
76513-80012-1,76513,80012,1.3322100000000001,0.5324,6.239669421487603e-05,86.0,3.67,AC,0,RATE1,1
76514-80011-2,76514,80011,1.3515699999999997,0.54329,6.181818181818182e-05,86.0,3.74,AC,0,RATE1,2
76810-77210-1,76810,77210,5.435320000000001,0.87604,3.5619834710743795e-05,200.0,0.0,AC,0,RATE1,1
76810-79010-1,76810,79010,9.979596,3.8744199999999993,6.900826446280991e-05,103.0,24.59,AC,0,RATE1,1
76810-79010-2,76810,79010,9.979596,3.8744199999999993,6.900826446280991e-05,103.0,24.59,AC,0,RATE1,2
76810-87510-1,76810,87510,3.73769,1.45079,2.5867768595041322e-05,200.0,9.21,AC,0,RATE1,1
76810-87510-2,76810,87510,3.70865,1.4399000000000002,2.5619834710743802e-05,225.0,9.21,AC,0,RATE1,2
77010-90011-1,77010,90011,1.75208,0.5324,1.2727272727272727e-05,113.0,4.4,AC,0,RATE1,1
77010-90011-2,77010,90011,1.75208,0.5324,1.2727272727272727e-05,113.0,4.4,AC,0,RATE1,2
77010-90011-3,77010,90011,1.6456,0.5783800000000001,1.1735537190082646e-05,126.0,4.1,AC,0,RATE1,3
77010-90310-1,77010,90310,8.4458,3.46423,0.0004430578512396694,193.0,23.35,AC,0,RATE1,1
77010-90310-2,77010,90310,8.27398,3.5779699999999997,0.00030421487603305786,193.0,21.53,AC,0,RATE1,2
77210-77211-1,77210,77211,0.27104,0.071874,0.00012892561983471074,50.0,2.0,AC,0,RATE1,1
77210-77212-1,77210,77212,0.325248,0.2057,0.0001547107438016529,60.0,2.4,AC,0,RATE1,1
77511-77512-1,77511,77512,0.012100000000000001,0.0,0.0,322.0,0.0,AC,0,"station coupler, bounded by the weaker end",1
77511-77512-2,77511,77512,0.012100000000000001,0.0,0.0,322.0,0.0,AC,0,"station coupler, bounded by the weaker end",2
77511-90310-1,77511,90310,2.07152,0.51788,4.140495867768595e-05,178.0,6.53,AC,0,RATE1,1
77511-90310-2,77511,90310,2.8338200000000002,1.10473,1.9834710743801653e-05,144.0,5.82,AC,0,RATE1,2
77512-87510-1,77512,87510,14.97375,5.075950000000001,9.892561983471074e-05,193.0,36.1,AC,0,RATE1,1
77512-90310-3,77512,90310,2.3933799999999996,0.45254,0.00015338842975206612,193.0,6.01,AC,0,RATE1,3
79510-83510-1,79510,83510,4.283642,16.14866,4.289256198347107e-05,103.0,10.34,AC,0,RATE1,1
80011-81010-1,80011,81010,0.38962,0.10164000000000001,0.00018495867768595042,144.0,3.03,AC,0,RATE1,1
80012-81010-2,80012,81010,0.38962,0.10164000000000001,0.00018495867768595042,144.0,3.21,AC,0,RATE1,2
80511-81510-1,80511,81510,8.26793,3.29846,0.00022495867768595042,90.0,21.4,AC,0,RATE1,1
80512-81510-2,80512,81510,8.26914,3.29846,0.00022578512396694217,90.0,21.4,AC,0,RATE1,2
80710-80711-1,80710,80711,0.013794000000000002,0.003509,6.5289256198347105e-06,144.0,0.0,AC,0,RATE1,1
80710-87510-1,80710,87510,8.084494,1.133528,0.0001675206611570248,200.0,17.12,AC,0,RATE1,1
80710-90310-1,80710,90310,19.509555999999996,2.355023,0.00024330578512396693,200.0,34.83,AC,0,RATE1,1
81010-81011-1,81010,81011,0.012100000000000001,0.0,0.0,295.0,0.0,AC,0,RATE1,1
81010-81031-1,81010,81031,0.2783,0.1331,0.00012479338842975206,140.0,1.5,AC,0,RATE1,1
81010-84011-1,81010,84011,3.2028700000000003,1.1785400000000001,0.00015041322314049587,103.0,9.2,AC,0,RATE1,1
81010-84012-2,81010,84012,3.1823,1.04544,0.00014834710743801655,100.0,9.2,AC,0,RATE1,2
81020-86220-1,81020,86220,14.2175,1.5125,0.00014817851239669422,881.0,44.7,AC,0,RATE1,1
81510-81511-1,81510,81511,0.15851,0.03993,6.59504132231405e-05,144.0,0.0,AC,0,RATE1,1
81510-87900-1,81510,87900,16.09663,4.72989,0.00010884297520661156,193.0,25.9,AC,0,RATE1,1
81510-87901-1,81510,87901,4.990887,1.173942,3.661157024793389e-05,195.0,0.0,AC,0,RATE1,1
81511-81512-1,81511,81512,3.7752,0.6050000000000001,2.4628099173553716e-05,156.0,0.0,AC,0,RATE1,1
81520-82020-1,81520,82020,9.180875,0.983125,9.880330578512396e-05,881.0,29.0,AC,0,RATE1,1
81520-82020-2,81520,82020,9.180875,0.983125,9.880330578512396e-05,881.0,29.0,AC,0,RATE1,2
81520-85020-1,81520,85020,9.846375,1.0511875,0.00010595702479338843,881.0,31.1,AC,0,RATE1,1
81810-89210-1,81810,89210,2.20462,0.8808799999999999,5.041322314049587e-05,124.0,6.2,AC,0,RATE1,1
81810-89510-1,81810,89510,4.44554,0.98978,3.256198347107438e-05,166.0,11.2,AC,0,RATE1,1
82020-90020-1,82020,90020,25.6293125,2.737625,0.0002725289256198347,881.0,80.8,AC,0,RATE1,1
84011-90011-1,84011,90011,12.816319999999997,4.89929,8.59504132231405e-05,103.0,31.0,AC,0,RATE1,1
84012-90011-2,84012,90011,12.12662,4.105530000000001,7.190082644628098e-05,100.0,29.2,AC,0,RATE1,2
85020-90320-1,85020,90320,8.303625,0.8848125,8.651900826446281e-05,881.0,25.68,AC,0,RATE1,1
85020-90320-2,85020,90320,8.303625,0.8848125,8.651900826446281e-05,881.0,25.68,AC,0,RATE1,2
85510-87510-1,85510,87510,13.69962,3.36017,0.00012066115702479338,157.0,37.5,AC,0,RATE1,1
86511-90012-1,86511,90012,9.728399999999999,3.7764100000000003,6.727272727272727e-05,103.0,24.1,AC,0,RATE1,1
86512-90012-2,86512,90012,9.728399999999999,3.7764100000000003,6.727272727272727e-05,103.0,24.0,AC,0,RATE1,2
87510-89510-1,87510,89510,14.84065,5.60956,9.727272727272726e-05,124.0,35.5,AC,0,RATE1,1
87510-89510-2,87510,89510,15.08749,5.70515,9.892561983471074e-05,103.0,35.5,AC,0,RATE1,2
87510-90210-1,87510,90210,8.88745,3.0637199999999996,5.851239669421488e-05,193.0,21.45,AC,0,RATE1,1
87900-87901-1,87900,87901,8.749630999999999,1.528835,0.00025512396694214875,235.0,0.0,AC,0,RATE1,1
90011-90012-1,90011,90012,0.012100000000000001,0.0,0.0,652.0,0.0,AC,0,"station coupler, bounded by the weaker end",1
90011-90511-1,90011,90511,5.13524,1.5609,3.735537190082644e-05,113.0,12.9,AC,0,RATE1,1
90011-90512-2,90011,90512,5.13524,1.5609,3.735537190082644e-05,113.0,12.9,AC,0,RATE1,2
90020-90420-1,90020,90420,6.5188749999999995,0.69575,6.795371900826447e-05,881.0,0.0,AC,0,RATE1,1
90020-90420-2,90020,90420,6.5188749999999995,0.69575,6.795371900826447e-05,881.0,0.0,AC,0,RATE1,2
90210-90310-1,90210,90310,9.91837,3.0709799999999996,0.00020264462809917356,193.0,42.93,AC,0,RATE1,1
90310-90331-1,90310,90331,0.087846,0.022626999999999998,4.1570247933884296e-05,144.0,0.0,AC,0,RATE1,1
90320-90420-1,90320,90420,1.7166875,0.18150000000000002,1.790413223140496e-05,881.0,0.0,AC,0,RATE1,1
90320-90420-2,90320,90420,1.7166875,0.18150000000000002,1.790413223140496e-05,881.0,0.0,AC,0,RATE1,2
